game_id,season,week,posteam,player_id,player_name,rz_touches,rz_rush_touches,rz_target_touches,rz_tds,i10_touches,i10_rush_touches,i10_target_touches,i10_tds,gl_touches,gl_rush_touches,gl_target_touches,gl_tds,team_rz_touches,rz_touch_share,offense_snaps,team_offense_snaps,snap_share,position_group,depth_rank,ahead_injury_statuses,defteam,roof,temp,wind,allowed_rz_touches_last1,allowed_rz_touches_last3,allowed_rz_touches_last5,allowed_rz_touches_season_avg,allowed_rz_tds_last1,allowed_rz_tds_last3,allowed_rz_tds_last5,allowed_rz_tds_season_avg,allowed_i10_touches_last1,allowed_i10_touches_last3,allowed_i10_touches_last5,allowed_i10_touches_season_avg,allowed_i10_tds_last1,allowed_i10_tds_last3,allowed_i10_tds_last5,allowed_i10_tds_season_avg,allowed_gl_touches_last1,allowed_gl_touches_last3,allowed_gl_touches_last5,allowed_gl_touches_season_avg,allowed_gl_tds_last1,allowed_gl_tds_last3,allowed_gl_tds_last5,allowed_gl_tds_season_avg,allowed_cum_gl_touches,allowed_cum_gl_tds,allowed_cum_i10_touches,allowed_cum_i10_tds,allowed_cum_rz_touches,allowed_cum_rz_tds,allowed_season_total_rz_touches_allowed,rz_touches_last1,rz_touches_last3,rz_touches_last5,rz_touches_season_avg,rz_touch_share_last1,rz_touch_share_last3,rz_touch_share_last5,rz_touch_share_season_avg,rz_tds_last1,rz_tds_last3,rz_tds_last5,rz_tds_season_avg,snap_share_last1,snap_share_last3,snap_share_last5,snap_share_season_avg,recent_td_production_pct,conversion_rate_pct,proven_heat,touch_share_trend_pct,snap_share_trend_pct,touch_volume_trend_pct,emerging_heat,td_opportunity,td_opportunity_completeness,touch_share_trend_pct_role,snap_share_trend_pct_role,depth_chart_movement_pct,role_trend,external_opportunity,role_momentum,role_momentum_completeness,recent_tds_allowed_pct,conversion_rate_allowed_pct,defensive_matchup_vulnerability,environment_score,situation,situation_completeness,evidence_completeness,evidence_convergence,evidence_quality,core_score,confidence_multiplier,tpe_score,n_books,best_price,best_book,consensus_implied_probability,consensus_price_american,market_value_score,market_value_completeness
2026_01_SF_LA,2026,1,SF,00-0029892,Kyle Juszczyk,,,,,,,,,,,,,,,,,,RB,,[],LA,dome,,,,,,,,,,,,,,,,,,,,,,,,,,,0.0,0.0,0.0,0.0,0.0,0.0,0.0,,,,,,,,,,,,,,,,,50.0,45.2,48.1,50.0,50.0,50.0,50.0,57.2,30.0,50.0,50.0,50.0,50.0,0.0,50.0,0.0,50.0,46.9,48.8,100.0,64.1,50.0,26.7,85.9,47.9,57.1,0.74,42.2,,,,,,,
2026_01_GB_MIN,2026,1,MIN,00-0030035,Adam Thielen,,,,,,,,,,,,,,,,,,WR,,[],GB,dome,,,,,,,,,,,,,,,,,,,,,,,,,,,0.0,0.0,0.0,0.0,0.0,0.0,0.0,,,,,,,,,,,,,,,,,50.0,45.2,48.1,50.0,50.0,50.0,50.0,57.2,30.0,50.0,50.0,50.0,50.0,0.0,50.0,0.0,50.0,46.9,48.8,100.0,64.1,50.0,26.7,85.9,47.9,57.1,0.74,42.2,,,,,,,
2026_01_DEN_KC,2026,1,KC,00-0030506,Travis Kelce,,,,,,,,,,,,,,,,,,TE,1.0,[],DEN,outdoors,,,,,,,,,,,,,,,,,,,,,,,,,,,0.0,0.0,0.0,0.0,0.0,0.0,0.0,,,,,,,,,,,,,,,,,50.0,45.2,48.1,50.0,50.0,50.0,50.0,57.2,30.0,50.0,50.0,50.0,50.0,0.0,50.0,0.0,50.0,46.9,48.8,50.0,49.1,37.5,22.5,91.9,45.5,52.8,0.728,38.4,,,,,,,
2026_01_DAL_NYG,2026,1,NYG,00-0031235,Odell Beckham Jr.,,,,,,,,,,,,,,,,,,WR,7.0,[],DAL,outdoors,,,,,,,,,,,,,,,,,,,,,,,,,,,0.0,0.0,0.0,0.0,0.0,0.0,0.0,,,,,,,,,,,,,,,,,50.0,45.2,48.1,50.0,50.0,50.0,50.0,57.2,30.0,50.0,50.0,50.0,50.0,0.0,50.0,0.0,50.0,46.9,48.8,50.0,49.1,37.5,22.5,91.9,45.5,52.8,0.728,38.4,,,,,,,
2026_01_SF_LA,2026,1,LA,00-0031381,Davante Adams,,,,,,,,,,,,,,,,,,WR,2.0,[],SF,dome,,,,,,,,,,,,,,,,,,,,,,,,,,,0.0,0.0,0.0,0.0,0.0,0.0,0.0,,,,,,,,,,,,,,,,,50.0,45.2,48.1,50.0,50.0,50.0,50.0,57.2,30.0,50.0,50.0,50.0,50.0,0.0,50.0,0.0,50.0,46.9,48.8,100.0,64.1,50.0,26.7,85.9,47.9,57.1,0.74,42.2,,,,,,,
2026_01_SF_LA,2026,1,SF,00-0031408,Mike Evans,,,,,,,,,,,,,,,,,,WR,1.0,[],LA,dome,,,,,,,,,,,,,,,,,,,,,,,,,,,0.0,0.0,0.0,0.0,0.0,0.0,0.0,,,,,,,,,,,,,,,,,50.0,45.2,48.1,50.0,50.0,50.0,50.0,57.2,30.0,50.0,50.0,50.0,50.0,0.0,50.0,0.0,50.0,46.9,48.8,100.0,64.1,50.0,26.7,85.9,47.9,57.1,0.74,42.2,,,,,,,
2026_01_DAL_NYG,2026,1,NYG,00-0031484,Chris Manhertz,,,,,,,,,,,,,,,,,,TE,,[],DAL,outdoors,,,,,,,,,,,,,,,,,,,,,,,,,,,0.0,0.0,0.0,0.0,0.0,0.0,0.0,,,,,,,,,,,,,,,,,50.0,45.2,48.1,50.0,50.0,50.0,50.0,57.2,30.0,50.0,50.0,50.0,50.0,0.0,50.0,0.0,50.0,46.9,48.8,50.0,49.1,37.5,22.5,91.9,45.5,52.8,0.728,38.4,,,,,,,
2026_01_CLE_JAX,2026,1,CLE,00-0031595,Michael Burton,,,,,,,,,,,,,,,,,,RB,,[],JAX,outdoors,,,,,,,,,,,,,,,,,,,,,,,,,,,0.0,0.0,0.0,0.0,0.0,0.0,0.0,,,,,,,,,,,,,,,,,50.0,45.2,48.1,50.0,50.0,50.0,50.0,57.2,30.0,50.0,50.0,50.0,50.0,0.0,50.0,0.0,50.0,46.9,48.8,50.0,49.1,37.5,22.5,91.9,45.5,52.8,0.728,38.4,,,,,,,
2026_01_CLE_JAX,2026,1,JAX,00-0032104,Ameer Abdullah,,,,,,,,,,,,,,,,,,RB,4.0,[],CLE,outdoors,,,,,,,,,,,,,,,,,,,,,,,,,,,0.0,0.0,0.0,0.0,0.0,0.0,0.0,,,,,,,,,,,,,,,,,50.0,45.2,48.1,50.0,50.0,50.0,50.0,57.2,30.0,50.0,50.0,50.0,50.0,0.0,50.0,0.0,50.0,46.9,48.8,50.0,49.1,37.5,22.5,91.9,45.5,52.8,0.728,38.4,,,,,,,
2026_01_MIA_LV,2026,1,LV,00-0032208,Phillip Dorsett,,,,,,,,,,,,,,,,,,WR,9.0,[],MIA,dome,,,,,,,,,,,,,,,,,,,,,,,,,,,0.0,0.0,0.0,0.0,0.0,0.0,0.0,,,,,,,,,,,,,,,,,50.0,45.2,48.1,50.0,50.0,50.0,50.0,57.2,30.0,50.0,50.0,50.0,50.0,0.0,50.0,0.0,50.0,46.9,48.8,100.0,64.1,50.0,26.7,85.9,47.9,57.1,0.74,42.2,,,,,,,
2026_01_ATL_PIT,2026,1,ATL,00-0032392,Austin Hooper,,,,,,,,,,,,,,,,,,TE,2.0,[],PIT,outdoors,,,,,,,,,,,,,,,,,,,,,,,,,,,0.0,0.0,0.0,0.0,0.0,0.0,0.0,,,,,,,,,,,,,,,,,50.0,45.2,48.1,50.0,50.0,50.0,50.0,57.2,30.0,50.0,50.0,50.0,50.0,0.0,50.0,0.0,50.0,46.9,48.8,50.0,49.1,37.5,22.5,91.9,45.5,52.8,0.728,38.4,,,,,,,
2026_01_CHI_CAR,2026,1,CHI,00-0032464,Kalif Raymond,,,,,,,,,,,,,,,,,,WR,3.0,[],CAR,outdoors,,,,,,,,,,,,,,,,,,,,,,,,,,,0.0,0.0,0.0,0.0,0.0,0.0,0.0,,,,,,,,,,,,,,,,,50.0,45.2,48.1,50.0,50.0,50.0,50.0,57.2,30.0,50.0,50.0,50.0,50.0,0.0,50.0,0.0,50.0,46.9,48.8,50.0,49.1,37.5,22.5,91.9,45.5,52.8,0.728,38.4,,,,,,,
2026_01_BAL_IND,2026,1,BAL,00-0032764,Derrick Henry,,,,,,,,,,,,,,,,,,RB,1.0,[],IND,,,,,,,,,,,,,,,,,,,,,,,,,,,,0.0,0.0,0.0,0.0,0.0,0.0,0.0,,,,,,,,,,,,,,,,,50.0,45.2,48.1,50.0,50.0,50.0,50.0,57.2,30.0,50.0,50.0,50.0,50.0,0.0,50.0,0.0,50.0,46.9,48.8,50.0,49.1,37.5,22.5,91.9,45.5,52.8,0.728,38.4,,,,,,,
2026_01_SF_LA,2026,1,SF,00-0032775,Demarcus Robinson,,,,,,,,,,,,,,,,,,WR,5.0,[],LA,dome,,,,,,,,,,,,,,,,,,,,,,,,,,,0.0,0.0,0.0,0.0,0.0,0.0,0.0,,,,,,,,,,,,,,,,,50.0,45.2,48.1,50.0,50.0,50.0,50.0,57.2,30.0,50.0,50.0,50.0,50.0,0.0,50.0,0.0,50.0,46.9,48.8,100.0,64.1,50.0,26.7,85.9,47.9,57.1,0.74,42.2,,,,,,,
2026_01_GB_MIN,2026,1,MIN,00-0032918,C.J. Ham,,,,,,,,,,,,,,,,,,RB,,[],GB,dome,,,,,,,,,,,,,,,,,,,,,,,,,,,0.0,0.0,0.0,0.0,0.0,0.0,0.0,,,,,,,,,,,,,,,,,50.0,45.2,48.1,50.0,50.0,50.0,50.0,57.2,30.0,50.0,50.0,50.0,50.0,0.0,50.0,0.0,50.0,46.9,48.8,100.0,64.1,50.0,26.7,85.9,47.9,57.1,0.74,42.2,,,,,,,
2026_01_BAL_IND,2026,1,IND,00-0032951,Laquon Treadwell,,,,,,,,,,,,,,,,,,WR,6.0,[],BAL,,,,,,,,,,,,,,,,,,,,,,,,,,,,0.0,0.0,0.0,0.0,0.0,0.0,0.0,,,,,,,,,,,,,,,,,50.0,45.2,48.1,50.0,50.0,50.0,50.0,57.2,30.0,50.0,50.0,50.0,50.0,0.0,50.0,0.0,50.0,46.9,48.8,50.0,49.1,37.5,22.5,91.9,45.5,52.8,0.728,38.4,,,,,,,
2026_01_NE_SEA,2026,1,NE,00-0033090,Hunter Henry,,,,,,,,,,,,,,,,,,TE,1.0,[],SEA,outdoors,,,,,,,,,,,,,,,,,,,,,,,,,,,0.0,0.0,0.0,0.0,0.0,0.0,0.0,,,,,,,,,,,,,,,,,50.0,45.2,48.1,50.0,50.0,50.0,50.0,57.2,30.0,50.0,50.0,50.0,50.0,0.0,50.0,0.0,50.0,46.9,48.8,50.0,49.1,37.5,22.5,91.9,45.5,53.3,0.728,38.8,1.0,270.0,DraftKings,0.2702702702702703,270.0,55.0,100.0
2026_01_SF_LA,2026,1,LA,00-0033110,Tyler Higbee,,,,,,,,,,,,,,,,,,TE,2.0,[],SF,dome,,,,,,,,,,,,,,,,,,,,,,,,,,,0.0,0.0,0.0,0.0,0.0,0.0,0.0,,,,,,,,,,,,,,,,,50.0,45.2,48.1,50.0,50.0,50.0,50.0,57.2,30.0,50.0,50.0,50.0,50.0,0.0,50.0,0.0,50.0,46.9,48.8,100.0,64.1,50.0,26.7,85.9,47.9,57.1,0.74,42.2,,,,,,,
2026_01_BAL_IND,2026,1,IND,00-0033217,Mo Alie-Cox,,,,,,,,,,,,,,,,,,TE,2.0,[],BAL,,,,,,,,,,,,,,,,,,,,,,,,,,,,0.0,0.0,0.0,0.0,0.0,0.0,0.0,,,,,,,,,,,,,,,,,50.0,45.2,48.1,50.0,50.0,50.0,50.0,57.2,30.0,50.0,50.0,50.0,50.0,0.0,50.0,0.0,50.0,46.9,48.8,50.0,49.1,37.5,22.5,91.9,45.5,52.8,0.728,38.4,,,,,,,
2026_01_WAS_PHI,2026,1,PHI,00-0033246,Johnny Mundt,,,,,,,,,,,,,,,,,,TE,3.0,[],WAS,outdoors,,,,,,,,,,,,,,,,,,,,,,,,,,,0.0,0.0,0.0,0.0,0.0,0.0,0.0,,,,,,,,,,,,,,,,,50.0,45.2,48.1,50.0,50.0,50.0,50.0,57.2,30.0,50.0,50.0,50.0,50.0,0.0,50.0,0.0,50.0,46.9,48.8,50.0,49.1,37.5,22.5,91.9,45.5,52.8,0.728,38.4,,,,,,,
2026_01_SF_LA,2026,1,SF,00-0033280,Christian McCaffrey,,,,,,,,,,,,,,,,,,RB,1.0,[],LA,dome,,,,,,,,,,,,,,,,,,,,,,,,,,,0.0,0.0,0.0,0.0,0.0,0.0,0.0,,,,,,,,,,,,,,,,,50.0,45.2,48.1,50.0,50.0,50.0,50.0,57.2,30.0,50.0,50.0,50.0,50.0,0.0,50.0,0.0,50.0,46.9,48.8,100.0,64.1,50.0,26.7,85.9,47.9,57.1,0.74,42.2,,,,,,,
2026_01_SF_LA,2026,1,SF,00-0033288,George Kittle,,,,,,,,,,,,,,,,,,TE,1.0,[],LA,dome,,,,,,,,,,,,,,,,,,,,,,,,,,,0.0,0.0,0.0,0.0,0.0,0.0,0.0,,,,,,,,,,,,,,,,,50.0,45.2,48.1,50.0,50.0,50.0,50.0,57.2,30.0,50.0,50.0,50.0,50.0,0.0,50.0,0.0,50.0,46.9,48.8,100.0,64.1,50.0,26.7,85.9,47.9,57.1,0.74,42.2,,,,,,,
2026_01_GB_MIN,2026,1,MIN,00-0033293,Aaron Jones,,,,,,,,,,,,,,,,,,RB,1.0,[],GB,dome,,,,,,,,,,,,,,,,,,,,,,,,,,,0.0,0.0,0.0,0.0,0.0,0.0,0.0,,,,,,,,,,,,,,,,,50.0,45.2,48.1,50.0,50.0,50.0,50.0,57.2,30.0,50.0,50.0,50.0,50.0,0.0,50.0,0.0,50.0,46.9,48.8,100.0,64.1,50.0,26.7,85.9,47.9,57.1,0.74,42.2,,,,,,,
2026_01_NYJ_TEN,2026,1,NYJ,00-0033375,Tim Patrick,,,,,,,,,,,,,,,,,,WR,5.0,[],TEN,outdoors,,,,,,,,,,,,,,,,,,,,,,,,,,,0.0,0.0,0.0,0.0,0.0,0.0,0.0,,,,,,,,,,,,,,,,,50.0,45.2,48.1,50.0,50.0,50.0,50.0,57.2,30.0,50.0,50.0,50.0,50.0,0.0,50.0,0.0,50.0,46.9,48.8,50.0,49.1,37.5,22.5,91.9,45.5,52.8,0.728,38.4,,,,,,,
2026_01_DAL_NYG,2026,1,NYG,00-0033376,Patrick Ricard,,,,,,,,,,,,,,,,,,RB,,[],DAL,outdoors,,,,,,,,,,,,,,,,,,,,,,,,,,,0.0,0.0,0.0,0.0,0.0,0.0,0.0,,,,,,,,,,,,,,,,,50.0,45.2,48.1,50.0,50.0,50.0,50.0,57.2,30.0,50.0,50.0,50.0,50.0,0.0,50.0,0.0,50.0,46.9,48.8,50.0,49.1,37.5,22.5,91.9,45.5,52.8,0.728,38.4,,,,,,,
2026_01_WAS_PHI,2026,1,WAS,00-0033455,Anthony Firkser,,,,,,,,,,,,,,,,,,TE,5.0,[],PHI,outdoors,,,,,,,,,,,,,,,,,,,,,,,,,,,0.0,0.0,0.0,0.0,0.0,0.0,0.0,,,,,,,,,,,,,,,,,50.0,45.2,48.1,50.0,50.0,50.0,50.0,57.2,30.0,50.0,50.0,50.0,50.0,0.0,50.0,0.0,50.0,46.9,48.8,50.0,49.1,37.5,22.5,91.9,45.5,52.8,0.728,38.4,,,,,,,
2026_01_TB_CIN,2026,1,CIN,00-0033526,Samaje Perine,,,,,,,,,,,,,,,,,,RB,2.0,[],TB,outdoors,,,,,,,,,,,,,,,,,,,,,,,,,,,0.0,0.0,0.0,0.0,0.0,0.0,0.0,,,,,,,,,,,,,,,,,50.0,45.2,48.1,50.0,50.0,50.0,50.0,57.2,30.0,50.0,50.0,50.0,50.0,0.0,50.0,0.0,50.0,46.9,48.8,50.0,49.1,37.5,22.5,91.9,45.5,52.8,0.728,38.4,,,,,,,
2026_01_NE_SEA,2026,1,NE,00-0033555,Mack Hollins,,,,,,,,,,,,,,,,,,WR,5.0,[],SEA,outdoors,,,,,,,,,,,,,,,,,,,,,,,,,,,0.0,0.0,0.0,0.0,0.0,0.0,0.0,,,,,,,,,,,,,,,,,50.0,45.2,48.1,50.0,50.0,50.0,50.0,57.2,30.0,50.0,50.0,50.0,50.0,0.0,50.0,0.0,50.0,46.9,48.8,50.0,49.1,37.5,22.5,52.8,34.5,43.3,0.672,29.1,1.0,600.0,DraftKings,0.14285714285714285,600.0,10.0,100.0
2026_01_NE_SEA,2026,1,SEA,00-0033576,Eric Saubert,,,,,,,,,,,,,,,,,,TE,3.0,[],NE,outdoors,,,,,,,,,,,,,,,,,,,,,,,,,,,0.0,0.0,0.0,0.0,0.0,0.0,0.0,,,,,,,,,,,,,,,,,50.0,45.2,48.1,50.0,50.0,50.0,50.0,57.2,30.0,50.0,50.0,50.0,50.0,0.0,50.0,0.0,50.0,46.9,48.8,50.0,49.1,37.5,22.5,91.9,45.5,52.8,0.728,38.4,,,,,,,
2026_01_CHI_CAR,2026,1,CAR,00-0033589,David Moore,,,,,,,,,,,,,,,,,,WR,6.0,[],CHI,outdoors,,,,,,,,,,,,,,,,,,,,,,,,,,,0.0,0.0,0.0,0.0,0.0,0.0,0.0,,,,,,,,,,,,,,,,,50.0,45.2,48.1,50.0,50.0,50.0,50.0,57.2,30.0,50.0,50.0,50.0,50.0,0.0,50.0,0.0,50.0,46.9,48.8,50.0,49.1,37.5,22.5,91.9,45.5,52.8,0.728,38.4,,,,,,,
2026_01_ATL_PIT,2026,1,PIT,00-0033757,Robert Tonyan,,,,,,,,,,,,,,,,,,TE,3.0,[],ATL,outdoors,,,,,,,,,,,,,,,,,,,,,,,,,,,0.0,0.0,0.0,0.0,0.0,0.0,0.0,,,,,,,,,,,,,,,,,50.0,45.2,48.1,50.0,50.0,50.0,50.0,57.2,30.0,50.0,50.0,50.0,50.0,0.0,50.0,0.0,50.0,46.9,48.8,50.0,49.1,37.5,22.5,91.9,45.5,52.8,0.728,38.4,,,,,,,
2026_01_DAL_NYG,2026,1,NYG,00-0033857,JuJu Smith-Schuster,,,,,,,,,,,,,,,,,,WR,6.0,[],DAL,outdoors,,,,,,,,,,,,,,,,,,,,,,,,,,,0.0,0.0,0.0,0.0,0.0,0.0,0.0,,,,,,,,,,,,,,,,,50.0,45.2,48.1,50.0,50.0,50.0,50.0,57.2,30.0,50.0,50.0,50.0,50.0,0.0,50.0,0.0,50.0,46.9,48.8,50.0,49.1,37.5,22.5,91.9,45.5,52.8,0.728,38.4,,,,,,,
2026_01_DEN_KC,2026,1,DEN,00-0033881,Evan Engram,,,,,,,,,,,,,,,,,,TE,1.0,[],KC,outdoors,,,,,,,,,,,,,,,,,,,,,,,,,,,0.0,0.0,0.0,0.0,0.0,0.0,0.0,,,,,,,,,,,,,,,,,50.0,45.2,48.1,50.0,50.0,50.0,50.0,57.2,30.0,50.0,50.0,50.0,50.0,0.0,50.0,0.0,50.0,46.9,48.8,50.0,49.1,37.5,22.5,91.9,45.5,52.8,0.728,38.4,,,,,,,
2026_01_ARI_LAC,2026,1,LAC,00-0033885,David Njoku,,,,,,,,,,,,,,,,,,TE,2.0,[],ARI,dome,,,,,,,,,,,,,,,,,,,,,,,,,,,0.0,0.0,0.0,0.0,0.0,0.0,0.0,,,,,,,,,,,,,,,,,50.0,45.2,48.1,50.0,50.0,50.0,50.0,57.2,30.0,50.0,50.0,50.0,50.0,0.0,50.0,0.0,50.0,46.9,48.8,100.0,64.1,50.0,26.7,85.9,47.9,57.1,0.74,42.2,,,,,,,
2026_01_NO_DET,2026,1,NO,00-0033906,Alvin Kamara,,,,,,,,,,,,,,,,,,RB,2.0,[],DET,dome,,,,,,,,,,,,,,,,,,,,,,,,,,,0.0,0.0,0.0,0.0,0.0,0.0,0.0,,,,,,,,,,,,,,,,,50.0,45.2,48.1,50.0,50.0,50.0,50.0,57.2,30.0,50.0,50.0,50.0,50.0,0.0,50.0,0.0,50.0,46.9,48.8,100.0,64.1,50.0,26.7,85.9,47.9,57.1,0.74,42.2,,,,,,,
2026_01_NE_SEA,2026,1,SEA,00-0033908,Cooper Kupp,,,,,,,,,,,,,,,,,,WR,3.0,[],NE,outdoors,,,,,,,,,,,,,,,,,,,,,,,,,,,0.0,0.0,0.0,0.0,0.0,0.0,0.0,,,,,,,,,,,,,,,,,50.0,45.2,48.1,50.0,50.0,50.0,50.0,57.2,30.0,50.0,50.0,50.0,50.0,0.0,50.0,0.0,50.0,46.9,48.8,50.0,49.1,37.5,22.5,89.1,44.8,54.4,0.724,39.4,1.0,240.0,DraftKings,0.29411764705882354,240.0,60.0,100.0
2026_01_TB_CIN,2026,1,TB,00-0033921,Chris Godwin Jr.,,,,,,,,,,,,,,,,,,WR,2.0,[],CIN,outdoors,,,,,,,,,,,,,,,,,,,,,,,,,,,0.0,0.0,0.0,0.0,0.0,0.0,0.0,,,,,,,,,,,,,,,,,50.0,45.2,48.1,50.0,50.0,50.0,50.0,57.2,30.0,50.0,50.0,50.0,50.0,0.0,50.0,0.0,50.0,46.9,48.8,50.0,49.1,37.5,22.5,91.9,45.5,52.8,0.728,38.4,,,,,,,
2026_01_WAS_PHI,2026,1,WAS,00-0033955,Jeremy McNichols,,,,,,,,,,,,,,,,,,RB,4.0,[],PHI,outdoors,,,,,,,,,,,,,,,,,,,,,,,,,,,0.0,0.0,0.0,0.0,0.0,0.0,0.0,,,,,,,,,,,,,,,,,50.0,45.2,48.1,50.0,50.0,50.0,50.0,57.2,30.0,50.0,50.0,50.0,50.0,0.0,50.0,0.0,50.0,46.9,48.8,50.0,49.1,37.5,22.5,91.9,45.5,52.8,0.728,38.4,,,,,,,
2026_01_NO_DET,2026,1,DET,00-0034270,Tyler Conklin,,,,,,,,,,,,,,,,,,TE,3.0,[],NO,dome,,,,,,,,,,,,,,,,,,,,,,,,,,,0.0,0.0,0.0,0.0,0.0,0.0,0.0,,,,,,,,,,,,,,,,,50.0,45.2,48.1,50.0,50.0,50.0,50.0,57.2,30.0,50.0,50.0,50.0,50.0,0.0,50.0,0.0,50.0,46.9,48.8,100.0,64.1,50.0,26.7,85.9,47.9,57.1,0.74,42.2,,,,,,,
2026_01_DAL_NYG,2026,1,DAL,00-0034272,Marquez Valdes-Scantling,,,,,,,,,,,,,,,,,,WR,5.0,[],NYG,outdoors,,,,,,,,,,,,,,,,,,,,,,,,,,,0.0,0.0,0.0,0.0,0.0,0.0,0.0,,,,,,,,,,,,,,,,,50.0,45.2,48.1,50.0,50.0,50.0,50.0,57.2,30.0,50.0,50.0,50.0,50.0,0.0,50.0,0.0,50.0,46.9,48.8,50.0,49.1,37.5,22.5,91.9,45.5,52.8,0.728,38.4,,,,,,,
2026_01_DEN_KC,2026,1,DEN,00-0034348,Courtland Sutton,,,,,,,,,,,,,,,,,,WR,1.0,[],KC,outdoors,,,,,,,,,,,,,,,,,,,,,,,,,,,0.0,0.0,0.0,0.0,0.0,0.0,0.0,,,,,,,,,,,,,,,,,50.0,45.2,48.1,50.0,50.0,50.0,50.0,57.2,30.0,50.0,50.0,50.0,50.0,0.0,50.0,0.0,50.0,46.9,48.8,50.0,49.1,37.5,22.5,91.9,45.5,52.8,0.728,38.4,,,,,,,
2026_01_WAS_PHI,2026,1,PHI,00-0034351,Dallas Goedert,,,,,,,,,,,,,,,,,,TE,1.0,[],WAS,outdoors,,,,,,,,,,,,,,,,,,,,,,,,,,,0.0,0.0,0.0,0.0,0.0,0.0,0.0,,,,,,,,,,,,,,,,,50.0,45.2,48.1,50.0,50.0,50.0,50.0,57.2,30.0,50.0,50.0,50.0,50.0,0.0,50.0,0.0,50.0,46.9,48.8,50.0,49.1,37.5,22.5,91.9,45.5,52.8,0.728,38.4,,,,,,,
2026_01_MIA_LV,2026,1,LV,00-0034365,Ian Thomas,,,,,,,,,,,,,,,,,,TE,3.0,[],MIA,dome,,,,,,,,,,,,,,,,,,,,,,,,,,,0.0,0.0,0.0,0.0,0.0,0.0,0.0,,,,,,,,,,,,,,,,,50.0,45.2,48.1,50.0,50.0,50.0,50.0,57.2,30.0,50.0,50.0,50.0,50.0,0.0,50.0,0.0,50.0,46.9,48.8,100.0,64.1,50.0,26.7,85.9,47.9,57.1,0.74,42.2,,,,,,,
2026_01_BUF_HOU,2026,1,HOU,00-0034383,Dalton Schultz,,,,,,,,,,,,,,,,,,TE,1.0,[],BUF,,,,,,,,,,,,,,,,,,,,,,,,,,,,0.0,0.0,0.0,0.0,0.0,0.0,0.0,,,,,,,,,,,,,,,,,50.0,45.2,48.1,50.0,50.0,50.0,50.0,57.2,30.0,50.0,50.0,50.0,50.0,0.0,50.0,0.0,50.0,46.9,48.8,50.0,49.1,37.5,22.5,91.9,45.5,52.8,0.728,38.4,,,,,,,
2026_01_BUF_HOU,2026,1,HOU,00-0034386,Justin Watson,,,,,,,,,,,,,,,,,,WR,6.0,[],BUF,,,,,,,,,,,,,,,,,,,,,,,,,,,,0.0,0.0,0.0,0.0,0.0,0.0,0.0,,,,,,,,,,,,,,,,,50.0,45.2,48.1,50.0,50.0,50.0,50.0,57.2,30.0,50.0,50.0,50.0,50.0,0.0,50.0,0.0,50.0,46.9,48.8,50.0,49.1,37.5,22.5,91.9,45.5,52.8,0.728,38.4,,,,,,,
2026_01_NO_DET,2026,1,DET,00-0034418,Cedrick Wilson Jr.,,,,,,,,,,,,,,,,,,WR,6.0,[],NO,dome,,,,,,,,,,,,,,,,,,,,,,,,,,,0.0,0.0,0.0,0.0,0.0,0.0,0.0,,,,,,,,,,,,,,,,,50.0,45.2,48.1,50.0,50.0,50.0,50.0,57.2,30.0,50.0,50.0,50.0,50.0,0.0,50.0,0.0,50.0,46.9,48.8,100.0,64.1,50.0,26.7,85.9,47.9,57.1,0.74,42.2,,,,,,,
2026_01_DAL_NYG,2026,1,NYG,00-0034419,Braxton Berrios,,,,,,,,,,,,,,,,,,WR,9.0,[],DAL,outdoors,,,,,,,,,,,,,,,,,,,,,,,,,,,0.0,0.0,0.0,0.0,0.0,0.0,0.0,,,,,,,,,,,,,,,,,50.0,45.2,48.1,50.0,50.0,50.0,50.0,57.2,30.0,50.0,50.0,50.0,50.0,0.0,50.0,0.0,50.0,46.9,48.8,50.0,49.1,37.5,22.5,91.9,45.5,52.8,0.728,38.4,,,,,,,
2026_01_BUF_HOU,2026,1,BUF,00-0034487,Trent Sherfield,,,,,,,,,,,,,,,,,,WR,7.0,[],HOU,,,,,,,,,,,,,,,,,,,,,,,,,,,,0.0,0.0,0.0,0.0,0.0,0.0,0.0,,,,,,,,,,,,,,,,,50.0,45.2,48.1,50.0,50.0,50.0,50.0,57.2,30.0,50.0,50.0,50.0,50.0,0.0,50.0,0.0,50.0,46.9,48.8,50.0,49.1,37.5,22.5,91.9,45.5,52.8,0.728,38.4,,,,,,,
2026_01_TB_CIN,2026,1,CIN,00-0034613,Tanner Hudson,,,,,,,,,,,,,,,,,,TE,3.0,[],TB,outdoors,,,,,,,,,,,,,,,,,,,,,,,,,,,0.0,0.0,0.0,0.0,0.0,0.0,0.0,,,,,,,,,,,,,,,,,50.0,45.2,48.1,50.0,50.0,50.0,50.0,57.2,30.0,50.0,50.0,50.0,50.0,0.0,50.0,0.0,50.0,46.9,48.8,50.0,49.1,37.5,22.5,91.9,45.5,52.8,0.728,38.4,,,,,,,
2026_01_BAL_IND,2026,1,BAL,00-0034753,Mark Andrews,,,,,,,,,,,,,,,,,,TE,1.0,[],IND,,,,,,,,,,,,,,,,,,,,,,,,,,,,0.0,0.0,0.0,0.0,0.0,0.0,0.0,,,,,,,,,,,,,,,,,50.0,45.2,48.1,50.0,50.0,50.0,50.0,57.2,30.0,50.0,50.0,50.0,50.0,0.0,50.0,0.0,50.0,46.9,48.8,50.0,49.1,37.5,22.5,91.9,45.5,52.8,0.728,38.4,,,,,,,
2026_01_SF_LA,2026,1,SF,00-0034775,Christian Kirk,,,,,,,,,,,,,,,,,,WR,3.0,[],LA,dome,,,,,,,,,,,,,,,,,,,,,,,,,,,0.0,0.0,0.0,0.0,0.0,0.0,0.0,,,,,,,,,,,,,,,,,50.0,45.2,48.1,50.0,50.0,50.0,50.0,57.2,30.0,50.0,50.0,50.0,50.0,0.0,50.0,0.0,50.0,46.9,48.8,100.0,64.1,50.0,26.7,85.9,47.9,57.1,0.74,42.2,,,,,,,
2026_01_BAL_IND,2026,1,BAL,00-0034798,Durham Smythe,,,,,,,,,,,,,,,,,,TE,2.0,[],IND,,,,,,,,,,,,,,,,,,,,,,,,,,,,0.0,0.0,0.0,0.0,0.0,0.0,0.0,,,,,,,,,,,,,,,,,50.0,45.2,48.1,50.0,50.0,50.0,50.0,57.2,30.0,50.0,50.0,50.0,50.0,0.0,50.0,0.0,50.0,46.9,48.8,50.0,49.1,37.5,22.5,91.9,45.5,52.8,0.728,38.4,,,,,,,
2026_01_BUF_HOU,2026,1,BUF,00-0034827,DJ Moore,,,,,,,,,,,,,,,,,,WR,1.0,[],HOU,,,,,,,,,,,,,,,,,,,,,,,,,,,,0.0,0.0,0.0,0.0,0.0,0.0,0.0,,,,,,,,,,,,,,,,,50.0,45.2,48.1,50.0,50.0,50.0,50.0,57.2,30.0,50.0,50.0,50.0,50.0,0.0,50.0,0.0,50.0,46.9,48.8,50.0,49.1,37.5,22.5,91.9,45.5,52.8,0.728,38.4,,,,,,,
2026_01_TB_CIN,2026,1,CIN,00-0034829,Mike Gesicki,,,,,,,,,,,,,,,,,,TE,1.0,[],TB,outdoors,,,,,,,,,,,,,,,,,,,,,,,,,,,0.0,0.0,0.0,0.0,0.0,0.0,0.0,,,,,,,,,,,,,,,,,50.0,45.2,48.1,50.0,50.0,50.0,50.0,57.2,30.0,50.0,50.0,50.0,50.0,0.0,50.0,0.0,50.0,46.9,48.8,50.0,49.1,37.5,22.5,91.9,45.5,52.8,0.728,38.4,,,,,,,
2026_01_NYJ_TEN,2026,1,TEN,00-0034837,Calvin Ridley,,,,,,,,,,,,,,,,,,WR,3.0,[],NYJ,outdoors,,,,,,,,,,,,,,,,,,,,,,,,,,,0.0,0.0,0.0,0.0,0.0,0.0,0.0,,,,,,,,,,,,,,,,,50.0,45.2,48.1,50.0,50.0,50.0,50.0,57.2,30.0,50.0,50.0,50.0,50.0,0.0,50.0,0.0,50.0,46.9,48.8,50.0,49.1,37.5,22.5,91.9,45.5,52.8,0.728,38.4,,,,,,,
2026_01_WAS_PHI,2026,1,PHI,00-0034844,Saquon Barkley,,,,,,,,,,,,,,,,,,RB,1.0,[],WAS,outdoors,,,,,,,,,,,,,,,,,,,,,,,,,,,0.0,0.0,0.0,0.0,0.0,0.0,0.0,,,,,,,,,,,,,,,,,50.0,45.2,48.1,50.0,50.0,50.0,50.0,57.2,30.0,50.0,50.0,50.0,50.0,0.0,50.0,0.0,50.0,46.9,48.8,50.0,49.1,37.5,22.5,91.9,45.5,52.8,0.728,38.4,,,,,,,
2026_01_SF_LA,2026,1,SF,00-0034867,Malik Turner,,,,,,,,,,,,,,,,,,WR,8.0,[],LA,dome,,,,,,,,,,,,,,,,,,,,,,,,,,,0.0,0.0,0.0,0.0,0.0,0.0,0.0,,,,,,,,,,,,,,,,,50.0,45.2,48.1,50.0,50.0,50.0,50.0,57.2,30.0,50.0,50.0,50.0,50.0,0.0,50.0,0.0,50.0,46.9,48.8,100.0,64.1,50.0,26.7,85.9,47.9,57.1,0.74,42.2,,,,,,,
2026_01_NYJ_TEN,2026,1,NYJ,00-0034959,Andrew Beck,,,,,,,,,,,,,,,,,,RB,,[],TEN,outdoors,,,,,,,,,,,,,,,,,,,,,,,,,,,0.0,0.0,0.0,0.0,0.0,0.0,0.0,,,,,,,,,,,,,,,,,50.0,45.2,48.1,50.0,50.0,50.0,50.0,57.2,30.0,50.0,50.0,50.0,50.0,0.0,50.0,0.0,50.0,46.9,48.8,50.0,49.1,37.5,22.5,91.9,45.5,52.8,0.728,38.4,,,,,,,
2026_01_CLE_JAX,2026,1,JAX,00-0034960,Jakobi Meyers,,,,,,,,,,,,,,,,,,WR,3.0,[],CLE,outdoors,,,,,,,,,,,,,,,,,,,,,,,,,,,0.0,0.0,0.0,0.0,0.0,0.0,0.0,,,,,,,,,,,,,,,,,50.0,45.2,48.1,50.0,50.0,50.0,50.0,57.2,30.0,50.0,50.0,50.0,50.0,0.0,50.0,0.0,50.0,46.9,48.8,50.0,49.1,37.5,22.5,91.9,45.5,52.8,0.728,38.4,,,,,,,
2026_01_BAL_IND,2026,1,BAL,00-0034975,Justice Hill,,,,,,,,,,,,,,,,,,RB,2.0,[],IND,,,,,,,,,,,,,,,,,,,,,,,,,,,,0.0,0.0,0.0,0.0,0.0,0.0,0.0,,,,,,,,,,,,,,,,,50.0,45.2,48.1,50.0,50.0,50.0,50.0,57.2,30.0,50.0,50.0,50.0,50.0,0.0,50.0,0.0,50.0,46.9,48.8,50.0,49.1,37.5,22.5,91.9,45.5,52.8,0.728,38.4,,,,,,,
2026_01_BUF_HOU,2026,1,HOU,00-0034981,Foster Moreau,,,,,,,,,,,,,,,,,,TE,2.0,[],BUF,,,,,,,,,,,,,,,,,,,,,,,,,,,,0.0,0.0,0.0,0.0,0.0,0.0,0.0,,,,,,,,,,,,,,,,,50.0,45.2,48.1,50.0,50.0,50.0,50.0,57.2,30.0,50.0,50.0,50.0,50.0,0.0,50.0,0.0,50.0,46.9,48.8,50.0,49.1,37.5,22.5,91.9,45.5,52.8,0.728,38.4,,,,,,,
2026_01_BAL_IND,2026,1,IND,00-0035021,Ashton Dulin,,,,,,,,,,,,,,,,,,WR,3.0,[],BAL,,,,,,,,,,,,,,,,,,,,,,,,,,,,0.0,0.0,0.0,0.0,0.0,0.0,0.0,,,,,,,,,,,,,,,,,50.0,45.2,48.1,50.0,50.0,50.0,50.0,57.2,30.0,50.0,50.0,50.0,50.0,0.0,50.0,0.0,50.0,46.9,48.8,50.0,49.1,37.5,22.5,91.9,45.5,52.8,0.728,38.4,,,,,,,
2026_01_CHI_CAR,2026,1,CHI,00-0035039,Stephen Carlson,,,,,,,,,,,,,,,,,,TE,5.0,[],CAR,outdoors,,,,,,,,,,,,,,,,,,,,,,,,,,,0.0,0.0,0.0,0.0,0.0,0.0,0.0,,,,,,,,,,,,,,,,,50.0,45.2,48.1,50.0,50.0,50.0,50.0,57.2,30.0,50.0,50.0,50.0,50.0,0.0,50.0,0.0,50.0,46.9,48.8,50.0,49.1,37.5,22.5,91.9,45.5,52.8,0.728,38.4,,,,,,,
2026_01_ARI_LAC,2026,1,LAC,00-0035125,Alec Ingold,,,,,,,,,,,,,,,,,,RB,,[],ARI,dome,,,,,,,,,,,,,,,,,,,,,,,,,,,0.0,0.0,0.0,0.0,0.0,0.0,0.0,,,,,,,,,,,,,,,,,50.0,45.2,48.1,50.0,50.0,50.0,50.0,57.2,30.0,50.0,50.0,50.0,50.0,0.0,50.0,0.0,50.0,46.9,48.8,100.0,64.1,50.0,26.7,85.9,47.9,57.1,0.74,42.2,,,,,,,
2026_01_BUF_HOU,2026,1,BUF,00-0035140,Mecole Hardman,,,,,,,,,,,,,,,,,,WR,6.0,[],HOU,,,,,,,,,,,,,,,,,,,,,,,,,,,,0.0,0.0,0.0,0.0,0.0,0.0,0.0,,,,,,,,,,,,,,,,,50.0,45.2,48.1,50.0,50.0,50.0,50.0,57.2,30.0,50.0,50.0,50.0,50.0,0.0,50.0,0.0,50.0,46.9,48.8,50.0,49.1,37.5,22.5,91.9,45.5,52.8,0.728,38.4,,,,,,,
2026_01_ATL_PIT,2026,1,ATL,00-0035208,Olamide Zaccheaus,,,,,,,,,,,,,,,,,,WR,3.0,[],PIT,outdoors,,,,,,,,,,,,,,,,,,,,,,,,,,,0.0,0.0,0.0,0.0,0.0,0.0,0.0,,,,,,,,,,,,,,,,,50.0,45.2,48.1,50.0,50.0,50.0,50.0,57.2,30.0,50.0,50.0,50.0,50.0,0.0,50.0,0.0,50.0,46.9,48.8,50.0,49.1,37.5,22.5,91.9,45.5,52.8,0.728,38.4,,,,,,,
2026_01_GB_MIN,2026,1,MIN,00-0035229,T.J. Hockenson,,,,,,,,,,,,,,,,,,TE,1.0,[],GB,dome,,,,,,,,,,,,,,,,,,,,,,,,,,,0.0,0.0,0.0,0.0,0.0,0.0,0.0,,,,,,,,,,,,,,,,,50.0,45.2,48.1,50.0,50.0,50.0,50.0,57.2,30.0,50.0,50.0,50.0,50.0,0.0,50.0,0.0,50.0,46.9,48.8,100.0,64.1,50.0,26.7,85.9,47.9,57.1,0.74,42.2,,,,,,,
2026_01_GB_MIN,2026,1,MIN,00-0035249,Josh Oliver,,,,,,,,,,,,,,,,,,TE,2.0,[],GB,dome,,,,,,,,,,,,,,,,,,,,,,,,,,,0.0,0.0,0.0,0.0,0.0,0.0,0.0,,,,,,,,,,,,,,,,,50.0,45.2,48.1,50.0,50.0,50.0,50.0,57.2,30.0,50.0,50.0,50.0,50.0,0.0,50.0,0.0,50.0,46.9,48.8,100.0,64.1,50.0,26.7,85.9,47.9,57.1,0.74,42.2,,,,,,,
2026_01_DAL_NYG,2026,1,NYG,00-0035250,Devin Singletary,,,,,,,,,,,,,,,,,,RB,3.0,[],DAL,outdoors,,,,,,,,,,,,,,,,,,,,,,,,,,,0.0,0.0,0.0,0.0,0.0,0.0,0.0,,,,,,,,,,,,,,,,,50.0,45.2,48.1,50.0,50.0,50.0,50.0,57.2,30.0,50.0,50.0,50.0,50.0,0.0,50.0,0.0,50.0,46.9,48.8,50.0,49.1,37.5,22.5,91.9,45.5,52.8,0.728,38.4,,,,,,,
2026_01_NYJ_TEN,2026,1,TEN,00-0035261,Tony Pollard,,,,,,,,,,,,,,,,,,RB,1.0,[],NYJ,outdoors,,,,,,,,,,,,,,,,,,,,,,,,,,,0.0,0.0,0.0,0.0,0.0,0.0,0.0,,,,,,,,,,,,,,,,,50.0,45.2,48.1,50.0,50.0,50.0,50.0,57.2,30.0,50.0,50.0,50.0,50.0,0.0,50.0,0.0,50.0,46.9,48.8,50.0,49.1,37.5,22.5,91.9,45.5,52.8,0.728,38.4,,,,,,,
2026_01_CHI_CAR,2026,1,CHI,00-0035298,Scott Miller,,,,,,,,,,,,,,,,,,WR,6.0,[],CAR,outdoors,,,,,,,,,,,,,,,,,,,,,,,,,,,0.0,0.0,0.0,0.0,0.0,0.0,0.0,,,,,,,,,,,,,,,,,50.0,45.2,48.1,50.0,50.0,50.0,50.0,57.2,30.0,50.0,50.0,50.0,50.0,0.0,50.0,0.0,50.0,46.9,48.8,50.0,49.1,37.5,22.5,91.9,45.5,52.8,0.728,38.4,,,,,,,
2026_01_TB_CIN,2026,1,TB,00-0035359,David Sills,,,,,,,,,,,,,,,,,,WR,7.0,[],CIN,outdoors,,,,,,,,,,,,,,,,,,,,,,,,,,,0.0,0.0,0.0,0.0,0.0,0.0,0.0,,,,,,,,,,,,,,,,,50.0,45.2,48.1,50.0,50.0,50.0,50.0,57.2,30.0,50.0,50.0,50.0,50.0,0.0,50.0,0.0,50.0,46.9,48.8,50.0,49.1,37.5,22.5,91.9,45.5,52.8,0.728,38.4,,,,,,,
2026_01_DEN_KC,2026,1,DEN,00-0035406,Lil'Jordan Humphrey,,,,,,,,,,,,,,,,,,WR,6.0,[],KC,outdoors,,,,,,,,,,,,,,,,,,,,,,,,,,,0.0,0.0,0.0,0.0,0.0,0.0,0.0,,,,,,,,,,,,,,,,,50.0,45.2,48.1,50.0,50.0,50.0,50.0,57.2,30.0,50.0,50.0,50.0,50.0,0.0,50.0,0.0,50.0,46.9,48.8,50.0,49.1,37.5,22.5,91.9,45.5,52.8,0.728,38.4,,,,,,,
2026_01_NO_DET,2026,1,DET,00-0035500,Greg Dortch,,,,,,,,,,,,,,,,,,WR,4.0,[],NO,dome,,,,,,,,,,,,,,,,,,,,,,,,,,,0.0,0.0,0.0,0.0,0.0,0.0,0.0,,,,,,,,,,,,,,,,,50.0,45.2,48.1,50.0,50.0,50.0,50.0,57.2,30.0,50.0,50.0,50.0,50.0,0.0,50.0,0.0,50.0,46.9,48.8,100.0,64.1,50.0,26.7,85.9,47.9,57.1,0.74,42.2,,,,,,,
2026_01_DAL_NYG,2026,1,NYG,00-0035535,Darius Slayton,,,,,,,,,,,,,,,,,,WR,2.0,[],DAL,outdoors,,,,,,,,,,,,,,,,,,,,,,,,,,,0.0,0.0,0.0,0.0,0.0,0.0,0.0,,,,,,,,,,,,,,,,,50.0,45.2,48.1,50.0,50.0,50.0,50.0,57.2,30.0,50.0,50.0,50.0,50.0,0.0,50.0,0.0,50.0,46.9,48.8,50.0,49.1,37.5,22.5,91.9,45.5,52.8,0.728,38.4,,,,,,,
2026_01_BUF_HOU,2026,1,BUF,00-0035537,Ty Johnson,,,,,,,,,,,,,,,,,,RB,3.0,[],HOU,,,,,,,,,,,,,,,,,,,,,,,,,,,,0.0,0.0,0.0,0.0,0.0,0.0,0.0,,,,,,,,,,,,,,,,,50.0,45.2,48.1,50.0,50.0,50.0,50.0,57.2,30.0,50.0,50.0,50.0,50.0,0.0,50.0,0.0,50.0,46.9,48.8,50.0,49.1,37.5,22.5,91.9,45.5,52.8,0.728,38.4,,,,,,,
2026_01_NO_DET,2026,1,DET,00-0035544,Tom Kennedy,,,,,,,,,,,,,,,,,,WR,7.0,[],NO,dome,,,,,,,,,,,,,,,,,,,,,,,,,,,0.0,0.0,0.0,0.0,0.0,0.0,0.0,,,,,,,,,,,,,,,,,50.0,45.2,48.1,50.0,50.0,50.0,50.0,57.2,30.0,50.0,50.0,50.0,50.0,0.0,50.0,0.0,50.0,46.9,48.8,100.0,64.1,50.0,26.7,85.9,47.9,57.1,0.74,42.2,,,,,,,
2026_01_ATL_PIT,2026,1,PIT,00-0035594,Travis Homer,,,,,,,,,,,,,,,,,,RB,4.0,[],ATL,outdoors,,,,,,,,,,,,,,,,,,,,,,,,,,,0.0,0.0,0.0,0.0,0.0,0.0,0.0,,,,,,,,,,,,,,,,,50.0,45.2,48.1,50.0,50.0,50.0,50.0,57.2,30.0,50.0,50.0,50.0,50.0,0.0,50.0,0.0,50.0,46.9,48.8,50.0,49.1,37.5,22.5,91.9,45.5,52.8,0.728,38.4,,,,,,,
2026_01_TB_CIN,2026,1,CIN,00-0035631,Drew Sample,,,,,,,,,,,,,,,,,,TE,2.0,[],TB,outdoors,,,,,,,,,,,,,,,,,,,,,,,,,,,0.0,0.0,0.0,0.0,0.0,0.0,0.0,,,,,,,,,,,,,,,,,50.0,45.2,48.1,50.0,50.0,50.0,50.0,57.2,30.0,50.0,50.0,50.0,50.0,0.0,50.0,0.0,50.0,46.9,48.8,50.0,49.1,37.5,22.5,91.9,45.5,52.8,0.728,38.4,,,,,,,
2026_01_DAL_NYG,2026,1,DAL,00-0035639,Parris Campbell,,,,,,,,,,,,,,,,,,WR,8.0,[],NYG,outdoors,,,,,,,,,,,,,,,,,,,,,,,,,,,0.0,0.0,0.0,0.0,0.0,0.0,0.0,,,,,,,,,,,,,,,,,50.0,45.2,48.1,50.0,50.0,50.0,50.0,57.2,30.0,50.0,50.0,50.0,50.0,0.0,50.0,0.0,50.0,46.9,48.8,50.0,49.1,37.5,22.5,91.9,45.5,52.8,0.728,38.4,,,,,,,
2026_01_ATL_PIT,2026,1,PIT,00-0035640,DK Metcalf,,,,,,,,,,,,,,,,,,WR,1.0,[],ATL,outdoors,,,,,,,,,,,,,,,,,,,,,,,,,,,0.0,0.0,0.0,0.0,0.0,0.0,0.0,,,,,,,,,,,,,,,,,50.0,45.2,48.1,50.0,50.0,50.0,50.0,57.2,30.0,50.0,50.0,50.0,50.0,0.0,50.0,0.0,50.0,46.9,48.8,50.0,49.1,37.5,22.5,91.9,45.5,52.8,0.728,38.4,,,,,,,
2026_01_NO_DET,2026,1,NO,00-0035644,Noah Fant,,,,,,,,,,,,,,,,,,TE,2.0,[],DET,dome,,,,,,,,,,,,,,,,,,,,,,,,,,,0.0,0.0,0.0,0.0,0.0,0.0,0.0,,,,,,,,,,,,,,,,,50.0,45.2,48.1,50.0,50.0,50.0,50.0,57.2,30.0,50.0,50.0,50.0,50.0,0.0,50.0,0.0,50.0,46.9,48.8,100.0,64.1,50.0,26.7,85.9,47.9,57.1,0.74,42.2,,,,,,,
2026_01_DAL_NYG,2026,1,NYG,00-0035645,Gunner Olszewski,,,,,,,,,,,,,,,,,,WR,14.0,[],DAL,outdoors,,,,,,,,,,,,,,,,,,,,,,,,,,,0.0,0.0,0.0,0.0,0.0,0.0,0.0,,,,,,,,,,,,,,,,,50.0,45.2,48.1,50.0,50.0,50.0,50.0,57.2,30.0,50.0,50.0,50.0,50.0,0.0,50.0,0.0,50.0,46.9,48.8,50.0,49.1,37.5,22.5,91.9,45.5,52.8,0.728,38.4,,,,,,,
2026_01_WAS_PHI,2026,1,WAS,00-0035659,Terry McLaurin,,,,,,,,,,,,,,,,,,WR,1.0,[],PHI,outdoors,,,,,,,,,,,,,,,,,,,,,,,,,,,0.0,0.0,0.0,0.0,0.0,0.0,0.0,,,,,,,,,,,,,,,,,50.0,45.2,48.1,50.0,50.0,50.0,50.0,57.2,30.0,50.0,50.0,50.0,50.0,0.0,50.0,0.0,50.0,46.9,48.8,50.0,49.1,37.5,22.5,91.9,45.5,52.8,0.728,38.4,,,,,,,
2026_01_WAS_PHI,2026,1,PHI,00-0035662,Marquise Brown,,,,,,,,,,,,,,,,,,WR,4.0,[],WAS,outdoors,,,,,,,,,,,,,,,,,,,,,,,,,,,0.0,0.0,0.0,0.0,0.0,0.0,0.0,,,,,,,,,,,,,,,,,50.0,45.2,48.1,50.0,50.0,50.0,50.0,57.2,30.0,50.0,50.0,50.0,50.0,0.0,50.0,0.0,50.0,46.9,48.8,50.0,49.1,37.5,22.5,91.9,45.5,52.8,0.728,38.4,,,,,,,
2026_01_NE_SEA,2026,1,NE,00-0035676,A.J. Brown,,,,,,,,,,,,,,,,,,WR,1.0,[],SEA,outdoors,,,,,,,,,,,,,,,,,,,,,,,,,,,0.0,0.0,0.0,0.0,0.0,0.0,0.0,,,,,,,,,,,,,,,,,50.0,45.2,48.1,50.0,50.0,50.0,50.0,57.2,30.0,50.0,50.0,50.0,50.0,0.0,50.0,0.0,50.0,46.9,48.8,50.0,49.1,37.5,22.5,69.1,39.4,58.9,0.697,41.0,1.0,155.0,DraftKings,0.39215686274509803,155.0,80.0,100.0
2026_01_BUF_HOU,2026,1,HOU,00-0035685,David Montgomery,,,,,,,,,,,,,,,,,,RB,1.0,[],BUF,,,,,,,,,,,,,,,,,,,,,,,,,,,,0.0,0.0,0.0,0.0,0.0,0.0,0.0,,,,,,,,,,,,,,,,,50.0,45.2,48.1,50.0,50.0,50.0,50.0,57.2,30.0,50.0,50.0,50.0,50.0,0.0,50.0,0.0,50.0,46.9,48.8,50.0,49.1,37.5,22.5,91.9,45.5,52.8,0.728,38.4,,,,,,,
2026_01_BUF_HOU,2026,1,BUF,00-0035689,Dawson Knox,,,,,,,,,,,,,,,,,,TE,2.0,[],HOU,,,,,,,,,,,,,,,,,,,,,,,,,,,,0.0,0.0,0.0,0.0,0.0,0.0,0.0,,,,,,,,,,,,,,,,,50.0,45.2,48.1,50.0,50.0,50.0,50.0,57.2,30.0,50.0,50.0,50.0,50.0,0.0,50.0,0.0,50.0,46.9,48.8,50.0,49.1,37.5,22.5,91.9,45.5,52.8,0.728,38.4,,,,,,,
2026_01_GB_MIN,2026,1,GB,00-0035700,Josh Jacobs,,,,,,,,,,,,,,,,,,RB,1.0,[],MIN,dome,,,,,,,,,,,,,,,,,,,,,,,,,,,0.0,0.0,0.0,0.0,0.0,0.0,0.0,,,,,,,,,,,,,,,,,50.0,45.2,48.1,50.0,50.0,50.0,50.0,57.2,30.0,50.0,50.0,50.0,50.0,0.0,50.0,0.0,50.0,46.9,48.8,100.0,64.1,50.0,26.7,85.9,47.9,57.1,0.74,42.2,,,,,,,
2026_01_NE_SEA,2026,1,SEA,00-0035891,Cody White,,,,,,,,,,,,,,,,,,WR,8.0,[],NE,outdoors,,,,,,,,,,,,,,,,,,,,,,,,,,,0.0,0.0,0.0,0.0,0.0,0.0,0.0,,,,,,,,,,,,,,,,,50.0,45.2,48.1,50.0,50.0,50.0,50.0,57.2,30.0,50.0,50.0,50.0,50.0,0.0,50.0,0.0,50.0,46.9,48.8,50.0,49.1,37.5,22.5,91.9,45.5,52.8,0.728,38.4,,,,,,,
2026_01_SF_LA,2026,1,SF,00-0035973,Patrick Taylor,,,,,,,,,,,,,,,,,,RB,5.0,[],LA,dome,,,,,,,,,,,,,,,,,,,,,,,,,,,0.0,0.0,0.0,0.0,0.0,0.0,0.0,,,,,,,,,,,,,,,,,50.0,45.2,48.1,50.0,50.0,50.0,50.0,57.2,30.0,50.0,50.0,50.0,50.0,0.0,50.0,0.0,50.0,46.9,48.8,100.0,64.1,50.0,26.7,85.9,47.9,57.1,0.74,42.2,,,,,,,
2026_01_CHI_CAR,2026,1,CAR,00-0035976,Dan Chisena,,,,,,,,,,,,,,,,,,WR,13.0,[],CHI,outdoors,,,,,,,,,,,,,,,,,,,,,,,,,,,0.0,0.0,0.0,0.0,0.0,0.0,0.0,,,,,,,,,,,,,,,,,50.0,45.2,48.1,50.0,50.0,50.0,50.0,57.2,30.0,50.0,50.0,50.0,50.0,0.0,50.0,0.0,50.0,46.9,48.8,50.0,49.1,37.5,22.5,91.9,45.5,52.8,0.728,38.4,,,,,,,
2026_01_CHI_CAR,2026,1,CHI,00-0036020,Salvon Ahmed,,,,,,,,,,,,,,,,,,RB,5.0,[],CAR,outdoors,,,,,,,,,,,,,,,,,,,,,,,,,,,0.0,0.0,0.0,0.0,0.0,0.0,0.0,,,,,,,,,,,,,,,,,50.0,45.2,48.1,50.0,50.0,50.0,50.0,57.2,30.0,50.0,50.0,50.0,50.0,0.0,50.0,0.0,50.0,46.9,48.8,50.0,49.1,37.5,22.5,91.9,45.5,52.8,0.728,38.4,,,,,,,
2026_01_BAL_IND,2026,1,IND,00-0036032,Sean McKeon,,,,,,,,,,,,,,,,,,TE,7.0,[],BAL,,,,,,,,,,,,,,,,,,,,,,,,,,,,0.0,0.0,0.0,0.0,0.0,0.0,0.0,,,,,,,,,,,,,,,,,50.0,45.2,48.1,50.0,50.0,50.0,50.0,57.2,30.0,50.0,50.0,50.0,50.0,0.0,50.0,0.0,50.0,46.9,48.8,50.0,49.1,37.5,22.5,91.9,45.5,52.8,0.728,38.4,,,,,,,
2026_01_NO_DET,2026,1,NO,00-0036040,Juwan Johnson,,,,,,,,,,,,,,,,,,TE,1.0,[],DET,dome,,,,,,,,,,,,,,,,,,,,,,,,,,,0.0,0.0,0.0,0.0,0.0,0.0,0.0,,,,,,,,,,,,,,,,,50.0,45.2,48.1,50.0,50.0,50.0,50.0,57.2,30.0,50.0,50.0,50.0,50.0,0.0,50.0,0.0,50.0,46.9,48.8,100.0,64.1,50.0,26.7,85.9,47.9,57.1,0.74,42.2,,,,,,,
2026_01_ATL_PIT,2026,1,PIT,00-0036139,Rico Dowdle,,,,,,,,,,,,,,,,,,RB,2.0,[],ATL,outdoors,,,,,,,,,,,,,,,,,,,,,,,,,,,0.0,0.0,0.0,0.0,0.0,0.0,0.0,,,,,,,,,,,,,,,,,50.0,45.2,48.1,50.0,50.0,50.0,50.0,57.2,30.0,50.0,50.0,50.0,50.0,0.0,50.0,0.0,50.0,46.9,48.8,50.0,49.1,37.5,22.5,91.9,45.5,52.8,0.728,38.4,,,,,,,
2026_01_WAS_PHI,2026,1,WAS,00-0036145,Lawrence Cager,,,,,,,,,,,,,,,,,,TE,5.0,[],PHI,outdoors,,,,,,,,,,,,,,,,,,,,,,,,,,,0.0,0.0,0.0,0.0,0.0,0.0,0.0,,,,,,,,,,,,,,,,,50.0,45.2,48.1,50.0,50.0,50.0,50.0,57.2,30.0,50.0,50.0,50.0,50.0,0.0,50.0,0.0,50.0,46.9,48.8,50.0,49.1,37.5,22.5,91.9,45.5,52.8,0.728,38.4,,,,,,,
2026_01_DEN_KC,2026,1,DEN,00-0036158,J.K. Dobbins,,,,,,,,,,,,,,,,,,RB,1.0,[],KC,outdoors,,,,,,,,,,,,,,,,,,,,,,,,,,,0.0,0.0,0.0,0.0,0.0,0.0,0.0,,,,,,,,,,,,,,,,,50.0,45.2,48.1,50.0,50.0,50.0,50.0,57.2,30.0,50.0,50.0,50.0,50.0,0.0,50.0,0.0,50.0,46.9,48.8,50.0,49.1,37.5,22.5,91.9,45.5,52.8,0.728,38.4,,,,,,,
2026_01_DAL_NYG,2026,1,NYG,00-0036165,Isaiah Hodgins,,,,,,,,,,,,,,,,,,WR,8.0,[],DAL,outdoors,,,,,,,,,,,,,,,,,,,,,,,,,,,0.0,0.0,0.0,0.0,0.0,0.0,0.0,,,,,,,,,,,,,,,,,50.0,45.2,48.1,50.0,50.0,50.0,50.0,57.2,30.0,50.0,50.0,50.0,50.0,0.0,50.0,0.0,50.0,46.9,48.8,50.0,49.1,37.5,22.5,91.9,45.5,52.8,0.728,38.4,,,,,,,
2026_01_NYJ_TEN,2026,1,TEN,00-0036176,Mason Kinsey,,,,,,,,,,,,,,,,,,WR,7.0,[],NYJ,outdoors,,,,,,,,,,,,,,,,,,,,,,,,,,,0.0,0.0,0.0,0.0,0.0,0.0,0.0,,,,,,,,,,,,,,,,,50.0,45.2,48.1,50.0,50.0,50.0,50.0,57.2,30.0,50.0,50.0,50.0,50.0,0.0,50.0,0.0,50.0,46.9,48.8,50.0,49.1,37.5,22.5,91.9,45.5,52.8,0.728,38.4,,,,,,,
2026_01_BAL_IND,2026,1,IND,00-0036182,Nick Westbrook-Ikhine,,,,,,,,,,,,,,,,,,WR,4.0,[],BAL,,,,,,,,,,,,,,,,,,,,,,,,,,,,0.0,0.0,0.0,0.0,0.0,0.0,0.0,,,,,,,,,,,,,,,,,50.0,45.2,48.1,50.0,50.0,50.0,50.0,57.2,30.0,50.0,50.0,50.0,50.0,0.0,50.0,0.0,50.0,46.9,48.8,50.0,49.1,37.5,22.5,91.9,45.5,52.8,0.728,38.4,,,,,,,
2026_01_NE_SEA,2026,1,NE,00-0036187,Reggie Gilliam,,,,,,,,,,,,,,,,,,RB,,[],SEA,outdoors,,,,,,,,,,,,,,,,,,,,,,,,,,,0.0,0.0,0.0,0.0,0.0,0.0,0.0,,,,,,,,,,,,,,,,,50.0,45.2,48.1,50.0,50.0,50.0,50.0,57.2,30.0,50.0,50.0,50.0,50.0,0.0,50.0,0.0,50.0,46.9,48.8,50.0,49.1,37.5,22.5,91.9,45.5,52.8,0.728,38.4,,,,,,,
2026_01_BAL_IND,2026,1,IND,00-0036223,Jonathan Taylor,,,,,,,,,,,,,,,,,,RB,1.0,[],BAL,,,,,,,,,,,,,,,,,,,,,,,,,,,,0.0,0.0,0.0,0.0,0.0,0.0,0.0,,,,,,,,,,,,,,,,,50.0,45.2,48.1,50.0,50.0,50.0,50.0,57.2,30.0,50.0,50.0,50.0,50.0,0.0,50.0,0.0,50.0,46.9,48.8,50.0,49.1,37.5,22.5,91.9,45.5,52.8,0.728,38.4,,,,,,,
2026_01_NE_SEA,2026,1,SEA,00-0036232,Harrison Bryant,,,,,,,,,,,,,,,,,,TE,4.0,[],NE,outdoors,,,,,,,,,,,,,,,,,,,,,,,,,,,0.0,0.0,0.0,0.0,0.0,0.0,0.0,,,,,,,,,,,,,,,,,50.0,45.2,48.1,50.0,50.0,50.0,50.0,57.2,30.0,50.0,50.0,50.0,50.0,0.0,50.0,0.0,50.0,46.9,48.8,50.0,49.1,37.5,22.5,91.9,45.5,52.8,0.728,38.4,,,,,,,
2026_01_SF_LA,2026,1,LA,00-0036244,Colby Parkinson,,,,,,,,,,,,,,,,,,TE,1.0,[],SF,dome,,,,,,,,,,,,,,,,,,,,,,,,,,,0.0,0.0,0.0,0.0,0.0,0.0,0.0,,,,,,,,,,,,,,,,,50.0,45.2,48.1,50.0,50.0,50.0,50.0,57.2,30.0,50.0,50.0,50.0,50.0,0.0,50.0,0.0,50.0,46.9,48.8,100.0,64.1,50.0,26.7,85.9,47.9,57.1,0.74,42.2,,,,,,,
2026_01_ATL_PIT,2026,1,PIT,00-0036252,Michael Pittman,,,,,,,,,,,,,,,,,,WR,2.0,[],ATL,outdoors,,,,,,,,,,,,,,,,,,,,,,,,,,,0.0,0.0,0.0,0.0,0.0,0.0,0.0,,,,,,,,,,,,,,,,,50.0,45.2,48.1,50.0,50.0,50.0,50.0,57.2,30.0,50.0,50.0,50.0,50.0,0.0,50.0,0.0,50.0,46.9,48.8,50.0,49.1,37.5,22.5,91.9,45.5,52.8,0.728,38.4,,,,,,,
2026_01_GB_MIN,2026,1,MIN,00-0036259,Jauan Jennings,,,,,,,,,,,,,,,,,,WR,3.0,[],GB,dome,,,,,,,,,,,,,,,,,,,,,,,,,,,0.0,0.0,0.0,0.0,0.0,0.0,0.0,,,,,,,,,,,,,,,,,50.0,45.2,48.1,50.0,50.0,50.0,50.0,57.2,30.0,50.0,50.0,50.0,50.0,0.0,50.0,0.0,50.0,46.9,48.8,100.0,64.1,50.0,26.7,85.9,47.9,57.1,0.74,42.2,,,,,,,
2026_01_CHI_CAR,2026,1,CAR,00-0036265,AJ Dillon,,,,,,,,,,,,,,,,,,RB,4.0,[],CHI,outdoors,,,,,,,,,,,,,,,,,,,,,,,,,,,0.0,0.0,0.0,0.0,0.0,0.0,0.0,,,,,,,,,,,,,,,,,50.0,45.2,48.1,50.0,50.0,50.0,50.0,57.2,30.0,50.0,50.0,50.0,50.0,0.0,50.0,0.0,50.0,46.9,48.8,50.0,49.1,37.5,22.5,91.9,45.5,52.8,0.728,38.4,,,,,,,
2026_01_WAS_PHI,2026,1,PHI,00-0036271,Quez Watkins,,,,,,,,,,,,,,,,,,WR,9.0,[],WAS,outdoors,,,,,,,,,,,,,,,,,,,,,,,,,,,0.0,0.0,0.0,0.0,0.0,0.0,0.0,,,,,,,,,,,,,,,,,50.0,45.2,48.1,50.0,50.0,50.0,50.0,57.2,30.0,50.0,50.0,50.0,50.0,0.0,50.0,0.0,50.0,46.9,48.8,50.0,49.1,37.5,22.5,91.9,45.5,52.8,0.728,38.4,,,,,,,
2026_01_CHI_CAR,2026,1,CHI,00-0036275,D'Andre Swift,,,,,,,,,,,,,,,,,,RB,1.0,[],CAR,outdoors,,,,,,,,,,,,,,,,,,,,,,,,,,,0.0,0.0,0.0,0.0,0.0,0.0,0.0,,,,,,,,,,,,,,,,,50.0,45.2,48.1,50.0,50.0,50.0,50.0,57.2,30.0,50.0,50.0,50.0,50.0,0.0,50.0,0.0,50.0,46.9,48.8,50.0,49.1,37.5,22.5,91.9,45.5,52.8,0.728,38.4,,,,,,,
2026_01_CHI_CAR,2026,1,CHI,00-0036290,Cole Kmet,,,,,,,,,,,,,,,,,,TE,2.0,[],CAR,outdoors,,,,,,,,,,,,,,,,,,,,,,,,,,,0.0,0.0,0.0,0.0,0.0,0.0,0.0,,,,,,,,,,,,,,,,,50.0,45.2,48.1,50.0,50.0,50.0,50.0,57.2,30.0,50.0,50.0,50.0,50.0,0.0,50.0,0.0,50.0,46.9,48.8,50.0,49.1,37.5,22.5,91.9,45.5,52.8,0.728,38.4,,,,,,,
2026_01_DAL_NYG,2026,1,NYG,00-0036309,Darnell Mooney,,,,,,,,,,,,,,,,,,WR,4.0,[],DAL,outdoors,,,,,,,,,,,,,,,,,,,,,,,,,,,0.0,0.0,0.0,0.0,0.0,0.0,0.0,,,,,,,,,,,,,,,,,50.0,45.2,48.1,50.0,50.0,50.0,50.0,57.2,30.0,50.0,50.0,50.0,50.0,0.0,50.0,0.0,50.0,46.9,48.8,50.0,49.1,37.5,22.5,91.9,45.5,52.8,0.728,38.4,,,,,,,
2026_01_GB_MIN,2026,1,MIN,00-0036322,Justin Jefferson,,,,,,,,,,,,,,,,,,WR,1.0,[],GB,dome,,,,,,,,,,,,,,,,,,,,,,,,,,,0.0,0.0,0.0,0.0,0.0,0.0,0.0,,,,,,,,,,,,,,,,,50.0,45.2,48.1,50.0,50.0,50.0,50.0,57.2,30.0,50.0,50.0,50.0,50.0,0.0,50.0,0.0,50.0,46.9,48.8,100.0,64.1,50.0,26.7,85.9,47.9,57.1,0.74,42.2,,,,,,,
2026_01_NYJ_TEN,2026,1,TEN,00-0036345,K.J. Osborn,,,,,,,,,,,,,,,,,,WR,8.0,[],NYJ,outdoors,,,,,,,,,,,,,,,,,,,,,,,,,,,0.0,0.0,0.0,0.0,0.0,0.0,0.0,,,,,,,,,,,,,,,,,50.0,45.2,48.1,50.0,50.0,50.0,50.0,57.2,30.0,50.0,50.0,50.0,50.0,0.0,50.0,0.0,50.0,46.9,48.8,50.0,49.1,37.5,22.5,91.9,45.5,52.8,0.728,38.4,,,,,,,
2026_01_DAL_NYG,2026,1,DAL,00-0036358,CeeDee Lamb,,,,,,,,,,,,,,,,,,WR,1.0,[],NYG,outdoors,,,,,,,,,,,,,,,,,,,,,,,,,,,0.0,0.0,0.0,0.0,0.0,0.0,0.0,,,,,,,,,,,,,,,,,50.0,45.2,48.1,50.0,50.0,50.0,50.0,57.2,30.0,50.0,50.0,50.0,50.0,0.0,50.0,0.0,50.0,46.9,48.8,50.0,49.1,37.5,22.5,91.9,45.5,52.8,0.728,38.4,,,,,,,
2026_01_MIA_LV,2026,1,MIA,00-0036387,Jalen Reagor,,,,,,,,,,,,,,,,,,WR,7.0,[],LV,dome,,,,,,,,,,,,,,,,,,,,,,,,,,,0.0,0.0,0.0,0.0,0.0,0.0,0.0,,,,,,,,,,,,,,,,,50.0,45.2,48.1,50.0,50.0,50.0,50.0,57.2,30.0,50.0,50.0,50.0,50.0,0.0,50.0,0.0,50.0,46.9,48.8,100.0,64.1,50.0,26.7,85.9,47.9,57.1,0.74,42.2,,,,,,,
2026_01_CLE_JAX,2026,1,CLE,00-0036407,Jerry Jeudy,,,,,,,,,,,,,,,,,,WR,1.0,[],JAX,outdoors,,,,,,,,,,,,,,,,,,,,,,,,,,,0.0,0.0,0.0,0.0,0.0,0.0,0.0,,,,,,,,,,,,,,,,,50.0,45.2,48.1,50.0,50.0,50.0,50.0,57.2,30.0,50.0,50.0,50.0,50.0,0.0,50.0,0.0,50.0,46.9,48.8,50.0,49.1,37.5,22.5,91.9,45.5,52.8,0.728,38.4,,,,,,,
2026_01_TB_CIN,2026,1,CIN,00-0036410,Tee Higgins,,,,,,,,,,,,,,,,,,WR,2.0,[],TB,outdoors,,,,,,,,,,,,,,,,,,,,,,,,,,,0.0,0.0,0.0,0.0,0.0,0.0,0.0,,,,,,,,,,,,,,,,,50.0,45.2,48.1,50.0,50.0,50.0,50.0,57.2,30.0,50.0,50.0,50.0,50.0,0.0,50.0,0.0,50.0,46.9,48.8,50.0,49.1,37.5,22.5,91.9,45.5,52.8,0.728,38.4,,,,,,,
2026_01_WAS_PHI,2026,1,WAS,00-0036415,Van Jefferson,,,,,,,,,,,,,,,,,,WR,8.0,[],PHI,outdoors,,,,,,,,,,,,,,,,,,,,,,,,,,,0.0,0.0,0.0,0.0,0.0,0.0,0.0,,,,,,,,,,,,,,,,,50.0,45.2,48.1,50.0,50.0,50.0,50.0,57.2,30.0,50.0,50.0,50.0,50.0,0.0,50.0,0.0,50.0,46.9,48.8,50.0,49.1,37.5,22.5,91.9,45.5,52.8,0.728,38.4,,,,,,,
2026_01_DEN_KC,2026,1,DEN,00-0036422,Adam Trautman,,,,,,,,,,,,,,,,,,TE,2.0,[],KC,outdoors,,,,,,,,,,,,,,,,,,,,,,,,,,,0.0,0.0,0.0,0.0,0.0,0.0,0.0,,,,,,,,,,,,,,,,,50.0,45.2,48.1,50.0,50.0,50.0,50.0,57.2,30.0,50.0,50.0,50.0,50.0,0.0,50.0,0.0,50.0,46.9,48.8,50.0,49.1,37.5,22.5,91.9,45.5,52.8,0.728,38.4,,,,,,,
2026_01_MIA_LV,2026,1,LV,00-0036423,Albert Okwuegbunam,,,,,,,,,,,,,,,,,,TE,4.0,[],MIA,dome,,,,,,,,,,,,,,,,,,,,,,,,,,,0.0,0.0,0.0,0.0,0.0,0.0,0.0,,,,,,,,,,,,,,,,,50.0,45.2,48.1,50.0,50.0,50.0,50.0,57.2,30.0,50.0,50.0,50.0,50.0,0.0,50.0,0.0,50.0,46.9,48.8,100.0,64.1,50.0,26.7,85.9,47.9,57.1,0.74,42.2,,,,,,,
2026_01_CLE_JAX,2026,1,JAX,00-0036425,DeeJay Dallas,,,,,,,,,,,,,,,,,,RB,5.0,[],CLE,outdoors,,,,,,,,,,,,,,,,,,,,,,,,,,,0.0,0.0,0.0,0.0,0.0,0.0,0.0,,,,,,,,,,,,,,,,,50.0,45.2,48.1,50.0,50.0,50.0,50.0,57.2,30.0,50.0,50.0,50.0,50.0,0.0,50.0,0.0,50.0,46.9,48.8,50.0,49.1,37.5,22.5,91.9,45.5,52.8,0.728,38.4,,,,,,,
2026_01_DAL_NYG,2026,1,DAL,00-0036427,Tyler Johnson,,,,,,,,,,,,,,,,,,WR,8.0,[],NYG,outdoors,,,,,,,,,,,,,,,,,,,,,,,,,,,0.0,0.0,0.0,0.0,0.0,0.0,0.0,,,,,,,,,,,,,,,,,50.0,45.2,48.1,50.0,50.0,50.0,50.0,57.2,30.0,50.0,50.0,50.0,50.0,0.0,50.0,0.0,50.0,46.9,48.8,50.0,49.1,37.5,22.5,91.9,45.5,52.8,0.728,38.4,,,,,,,
2026_01_ATL_PIT,2026,1,ATL,00-0036429,Charlie Woerner,,,,,,,,,,,,,,,,,,TE,3.0,[],PIT,outdoors,,,,,,,,,,,,,,,,,,,,,,,,,,,0.0,0.0,0.0,0.0,0.0,0.0,0.0,,,,,,,,,,,,,,,,,50.0,45.2,48.1,50.0,50.0,50.0,50.0,57.2,30.0,50.0,50.0,50.0,50.0,0.0,50.0,0.0,50.0,46.9,48.8,50.0,49.1,37.5,22.5,91.9,45.5,52.8,0.728,38.4,,,,,,,
2026_01_ATL_PIT,2026,1,ATL,00-0036463,Chris Blair,,,,,,,,,,,,,,,,,,WR,7.0,[],PIT,outdoors,,,,,,,,,,,,,,,,,,,,,,,,,,,0.0,0.0,0.0,0.0,0.0,0.0,0.0,,,,,,,,,,,,,,,,,50.0,45.2,48.1,50.0,50.0,50.0,50.0,57.2,30.0,50.0,50.0,50.0,50.0,0.0,50.0,0.0,50.0,46.9,48.8,50.0,49.1,37.5,22.5,91.9,45.5,52.8,0.728,38.4,,,,,,,
2026_01_CLE_JAX,2026,1,JAX,00-0036497,Tim Jones,,,,,,,,,,,,,,,,,,WR,7.0,[],CLE,outdoors,,,,,,,,,,,,,,,,,,,,,,,,,,,0.0,0.0,0.0,0.0,0.0,0.0,0.0,,,,,,,,,,,,,,,,,50.0,45.2,48.1,50.0,50.0,50.0,50.0,57.2,30.0,50.0,50.0,50.0,50.0,0.0,50.0,0.0,50.0,46.9,48.8,50.0,49.1,37.5,22.5,91.9,45.5,52.8,0.728,38.4,,,,,,,
2026_01_BUF_HOU,2026,1,BUF,00-0036534,Shane Zylstra,,,,,,,,,,,,,,,,,,TE,4.0,[],HOU,,,,,,,,,,,,,,,,,,,,,,,,,,,,0.0,0.0,0.0,0.0,0.0,0.0,0.0,,,,,,,,,,,,,,,,,50.0,45.2,48.1,50.0,50.0,50.0,50.0,57.2,30.0,50.0,50.0,50.0,50.0,0.0,50.0,0.0,50.0,46.9,48.8,50.0,49.1,37.5,22.5,91.9,45.5,52.8,0.728,38.4,,,,,,,
2026_01_BAL_IND,2026,1,BAL,00-0036550,Rashod Bateman,,,,,,,,,,,,,,,,,,WR,2.0,[],IND,,,,,,,,,,,,,,,,,,,,,,,,,,,,0.0,0.0,0.0,0.0,0.0,0.0,0.0,,,,,,,,,,,,,,,,,50.0,45.2,48.1,50.0,50.0,50.0,50.0,57.2,30.0,50.0,50.0,50.0,50.0,0.0,50.0,0.0,50.0,46.9,48.8,50.0,49.1,37.5,22.5,91.9,45.5,52.8,0.728,38.4,,,,,,,
2026_01_BUF_HOU,2026,1,HOU,00-0036554,Nico Collins,,,,,,,,,,,,,,,,,,WR,1.0,[],BUF,,,,,,,,,,,,,,,,,,,,,,,,,,,,0.0,0.0,0.0,0.0,0.0,0.0,0.0,,,,,,,,,,,,,,,,,50.0,45.2,48.1,50.0,50.0,50.0,50.0,57.2,30.0,50.0,50.0,50.0,50.0,0.0,50.0,0.0,50.0,46.9,48.8,50.0,49.1,37.5,22.5,91.9,45.5,52.8,0.728,38.4,,,,,,,
2026_01_CHI_CAR,2026,1,CAR,00-0036555,Chuba Hubbard,,,,,,,,,,,,,,,,,,RB,1.0,[],CHI,outdoors,,,,,,,,,,,,,,,,,,,,,,,,,,,0.0,0.0,0.0,0.0,0.0,0.0,0.0,,,,,,,,,,,,,,,,,50.0,45.2,48.1,50.0,50.0,50.0,50.0,57.2,30.0,50.0,50.0,50.0,50.0,0.0,50.0,0.0,50.0,46.9,48.8,50.0,49.1,37.5,22.5,91.9,45.5,52.8,0.728,38.4,,,,,,,
2026_01_BUF_HOU,2026,1,HOU,00-0036556,Brevin Jordan,,,,,,,,,,,,,,,,,,TE,4.0,[],BUF,,,,,,,,,,,,,,,,,,,,,,,,,,,,0.0,0.0,0.0,0.0,0.0,0.0,0.0,,,,,,,,,,,,,,,,,50.0,45.2,48.1,50.0,50.0,50.0,50.0,57.2,30.0,50.0,50.0,50.0,50.0,0.0,50.0,0.0,50.0,46.9,48.8,50.0,49.1,37.5,22.5,91.9,45.5,52.8,0.728,38.4,,,,,,,
2026_01_WAS_PHI,2026,1,PHI,00-0036567,Elijah Mitchell,,,,,,,,,,,,,,,,,,RB,6.0,[],WAS,outdoors,,,,,,,,,,,,,,,,,,,,,,,,,,,0.0,0.0,0.0,0.0,0.0,0.0,0.0,,,,,,,,,,,,,,,,,50.0,45.2,48.1,50.0,50.0,50.0,50.0,57.2,30.0,50.0,50.0,50.0,50.0,0.0,50.0,0.0,50.0,46.9,48.8,50.0,49.1,37.5,22.5,91.9,45.5,52.8,0.728,38.4,,,,,,,
2026_01_TB_CIN,2026,1,CIN,00-0036569,Gary Brightwell,,,,,,,,,,,,,,,,,,RB,4.0,[],TB,outdoors,,,,,,,,,,,,,,,,,,,,,,,,,,,0.0,0.0,0.0,0.0,0.0,0.0,0.0,,,,,,,,,,,,,,,,,50.0,45.2,48.1,50.0,50.0,50.0,50.0,57.2,30.0,50.0,50.0,50.0,50.0,0.0,50.0,0.0,50.0,46.9,48.8,50.0,49.1,37.5,22.5,91.9,45.5,52.8,0.728,38.4,,,,,,,
2026_01_CLE_JAX,2026,1,JAX,00-0036590,Quintin Morris,,,,,,,,,,,,,,,,,,TE,4.0,[],CLE,outdoors,,,,,,,,,,,,,,,,,,,,,,,,,,,0.0,0.0,0.0,0.0,0.0,0.0,0.0,,,,,,,,,,,,,,,,,50.0,45.2,48.1,50.0,50.0,50.0,50.0,57.2,30.0,50.0,50.0,50.0,50.0,0.0,50.0,0.0,50.0,46.9,48.8,50.0,49.1,37.5,22.5,91.9,45.5,52.8,0.728,38.4,,,,,,,
2026_01_DEN_KC,2026,1,DEN,00-0036613,Jaylen Waddle,,,,,,,,,,,,,,,,,,WR,2.0,[],KC,outdoors,,,,,,,,,,,,,,,,,,,,,,,,,,,0.0,0.0,0.0,0.0,0.0,0.0,0.0,,,,,,,,,,,,,,,,,50.0,45.2,48.1,50.0,50.0,50.0,50.0,57.2,30.0,50.0,50.0,50.0,50.0,0.0,50.0,0.0,50.0,46.9,48.8,50.0,49.1,37.5,22.5,91.9,45.5,52.8,0.728,38.4,,,,,,,
2026_01_WAS_PHI,2026,1,WAS,00-0036626,Dyami Brown,,,,,,,,,,,,,,,,,,WR,6.0,[],PHI,outdoors,,,,,,,,,,,,,,,,,,,,,,,,,,,0.0,0.0,0.0,0.0,0.0,0.0,0.0,,,,,,,,,,,,,,,,,50.0,45.2,48.1,50.0,50.0,50.0,50.0,57.2,30.0,50.0,50.0,50.0,50.0,0.0,50.0,0.0,50.0,46.9,48.8,50.0,49.1,37.5,22.5,91.9,45.5,52.8,0.728,38.4,,,,,,,
2026_01_WAS_PHI,2026,1,WAS,00-0036628,John Bates,,,,,,,,,,,,,,,,,,TE,2.0,[],PHI,outdoors,,,,,,,,,,,,,,,,,,,,,,,,,,,0.0,0.0,0.0,0.0,0.0,0.0,0.0,,,,,,,,,,,,,,,,,50.0,45.2,48.1,50.0,50.0,50.0,50.0,57.2,30.0,50.0,50.0,50.0,50.0,0.0,50.0,0.0,50.0,46.9,48.8,50.0,49.1,37.5,22.5,91.9,45.5,52.8,0.728,38.4,,,,,,,
2026_01_CLE_JAX,2026,1,CLE,00-0036630,Tylan Wallace,,,,,,,,,,,,,,,,,,WR,6.0,[],JAX,outdoors,,,,,,,,,,,,,,,,,,,,,,,,,,,0.0,0.0,0.0,0.0,0.0,0.0,0.0,,,,,,,,,,,,,,,,,50.0,45.2,48.1,50.0,50.0,50.0,50.0,57.2,30.0,50.0,50.0,50.0,50.0,0.0,50.0,0.0,50.0,46.9,48.8,50.0,49.1,37.5,22.5,91.9,45.5,52.8,0.728,38.4,,,,,,,
2026_01_DEN_KC,2026,1,KC,00-0036637,Noah Gray,,,,,,,,,,,,,,,,,,TE,2.0,[],DEN,outdoors,,,,,,,,,,,,,,,,,,,,,,,,,,,0.0,0.0,0.0,0.0,0.0,0.0,0.0,,,,,,,,,,,,,,,,,50.0,45.2,48.1,50.0,50.0,50.0,50.0,57.2,30.0,50.0,50.0,50.0,50.0,0.0,50.0,0.0,50.0,46.9,48.8,50.0,49.1,37.5,22.5,91.9,45.5,52.8,0.728,38.4,,,,,,,
2026_01_DEN_KC,2026,1,DEN,00-0036727,Adam Prentice,,,,,,,,,,,,,,,,,,RB,,[],KC,outdoors,,,,,,,,,,,,,,,,,,,,,,,,,,,0.0,0.0,0.0,0.0,0.0,0.0,0.0,,,,,,,,,,,,,,,,,50.0,45.2,48.1,50.0,50.0,50.0,50.0,57.2,30.0,50.0,50.0,50.0,50.0,0.0,50.0,0.0,50.0,46.9,48.8,50.0,49.1,37.5,22.5,91.9,45.5,52.8,0.728,38.4,,,,,,,
2026_01_CLE_JAX,2026,1,CLE,00-0036741,Jack Stoll,,,,,,,,,,,,,,,,,,TE,3.0,[],JAX,outdoors,,,,,,,,,,,,,,,,,,,,,,,,,,,0.0,0.0,0.0,0.0,0.0,0.0,0.0,,,,,,,,,,,,,,,,,50.0,45.2,48.1,50.0,50.0,50.0,50.0,57.2,30.0,50.0,50.0,50.0,50.0,0.0,50.0,0.0,50.0,46.9,48.8,50.0,49.1,37.5,22.5,91.9,45.5,52.8,0.728,38.4,,,,,,,
2026_01_NO_DET,2026,1,DET,00-0036754,Brock Wright,,,,,,,,,,,,,,,,,,TE,2.0,[],NO,dome,,,,,,,,,,,,,,,,,,,,,,,,,,,0.0,0.0,0.0,0.0,0.0,0.0,0.0,,,,,,,,,,,,,,,,,50.0,45.2,48.1,50.0,50.0,50.0,50.0,57.2,30.0,50.0,50.0,50.0,50.0,0.0,50.0,0.0,50.0,46.9,48.8,100.0,64.1,50.0,26.7,85.9,47.9,57.1,0.74,42.2,,,,,,,
2026_01_ARI_LAC,2026,1,LAC,00-0036755,Jaret Patterson,,,,,,,,,,,,,,,,,,RB,4.0,[],ARI,dome,,,,,,,,,,,,,,,,,,,,,,,,,,,0.0,0.0,0.0,0.0,0.0,0.0,0.0,,,,,,,,,,,,,,,,,50.0,45.2,48.1,50.0,50.0,50.0,50.0,57.2,30.0,50.0,50.0,50.0,50.0,0.0,50.0,0.0,50.0,46.9,48.8,100.0,64.1,50.0,26.7,85.9,47.9,57.1,0.74,42.2,,,,,,,
2026_01_ATL_PIT,2026,1,PIT,00-0036775,Brandon Smith,,,,,,,,,,,,,,,,,,WR,8.0,[],ATL,outdoors,,,,,,,,,,,,,,,,,,,,,,,,,,,0.0,0.0,0.0,0.0,0.0,0.0,0.0,,,,,,,,,,,,,,,,,50.0,45.2,48.1,50.0,50.0,50.0,50.0,57.2,30.0,50.0,50.0,50.0,50.0,0.0,50.0,0.0,50.0,46.9,48.8,50.0,49.1,37.5,22.5,91.9,45.5,52.8,0.728,38.4,,,,,,,
2026_01_CHI_CAR,2026,1,CAR,00-0036825,Feleipe Franks,,,,,,,,,,,,,,,,,,TE,5.0,[],CHI,outdoors,,,,,,,,,,,,,,,,,,,,,,,,,,,0.0,0.0,0.0,0.0,0.0,0.0,0.0,,,,,,,,,,,,,,,,,50.0,45.2,48.1,50.0,50.0,50.0,50.0,57.2,30.0,50.0,50.0,50.0,50.0,0.0,50.0,0.0,50.0,46.9,48.8,50.0,49.1,37.5,22.5,91.9,45.5,52.8,0.728,38.4,,,,,,,
2026_01_CLE_JAX,2026,1,JAX,00-0036841,Austin Trammell,,,,,,,,,,,,,,,,,,WR,8.0,[],CLE,outdoors,,,,,,,,,,,,,,,,,,,,,,,,,,,0.0,0.0,0.0,0.0,0.0,0.0,0.0,,,,,,,,,,,,,,,,,50.0,45.2,48.1,50.0,50.0,50.0,50.0,57.2,30.0,50.0,50.0,50.0,50.0,0.0,50.0,0.0,50.0,46.9,48.8,50.0,49.1,37.5,22.5,91.9,45.5,52.8,0.728,38.4,,,,,,,
2026_01_NYJ_TEN,2026,1,NYJ,00-0036842,Kene Nwangwu,,,,,,,,,,,,,,,,,,RB,4.0,[],TEN,outdoors,,,,,,,,,,,,,,,,,,,,,,,,,,,0.0,0.0,0.0,0.0,0.0,0.0,0.0,,,,,,,,,,,,,,,,,50.0,45.2,48.1,50.0,50.0,50.0,50.0,57.2,30.0,50.0,50.0,50.0,50.0,0.0,50.0,0.0,50.0,46.9,48.8,50.0,49.1,37.5,22.5,91.9,45.5,52.8,0.728,38.4,,,,,,,
2026_01_MIA_LV,2026,1,MIA,00-0036849,Tutu Atwell,,,,,,,,,,,,,,,,,,WR,4.0,[],LV,dome,,,,,,,,,,,,,,,,,,,,,,,,,,,0.0,0.0,0.0,0.0,0.0,0.0,0.0,,,,,,,,,,,,,,,,,50.0,45.2,48.1,50.0,50.0,50.0,50.0,57.2,30.0,50.0,50.0,50.0,50.0,0.0,50.0,0.0,50.0,46.9,48.8,100.0,64.1,50.0,26.7,85.9,47.9,57.1,0.74,42.2,,,,,,,
2026_01_ATL_PIT,2026,1,PIT,00-0036862,Ben Skowronek,,,,,,,,,,,,,,,,,,WR,5.0,[],ATL,outdoors,,,,,,,,,,,,,,,,,,,,,,,,,,,0.0,0.0,0.0,0.0,0.0,0.0,0.0,,,,,,,,,,,,,,,,,50.0,45.2,48.1,50.0,50.0,50.0,50.0,57.2,30.0,50.0,50.0,50.0,50.0,0.0,50.0,0.0,50.0,46.9,48.8,50.0,49.1,37.5,22.5,91.9,45.5,52.8,0.728,38.4,,,,,,,
2026_01_NE_SEA,2026,1,NE,00-0036875,Rhamondre Stevenson,,,,,,,,,,,,,,,,,,RB,1.0,[],SEA,outdoors,,,,,,,,,,,,,,,,,,,,,,,,,,,0.0,0.0,0.0,0.0,0.0,0.0,0.0,,,,,,,,,,,,,,,,,50.0,45.2,48.1,50.0,50.0,50.0,50.0,57.2,30.0,50.0,50.0,50.0,50.0,0.0,50.0,0.0,50.0,46.9,48.8,50.0,49.1,37.5,22.5,64.1,38.0,60.0,0.69,41.4,1.0,150.0,DraftKings,0.4,150.0,85.0,100.0
2026_01_NYJ_TEN,2026,1,TEN,00-0036876,Kylen Granson,,,,,,,,,,,,,,,,,,TE,3.0,[],NYJ,outdoors,,,,,,,,,,,,,,,,,,,,,,,,,,,0.0,0.0,0.0,0.0,0.0,0.0,0.0,,,,,,,,,,,,,,,,,50.0,45.2,48.1,50.0,50.0,50.0,50.0,57.2,30.0,50.0,50.0,50.0,50.0,0.0,50.0,0.0,50.0,46.9,48.8,50.0,49.1,37.5,22.5,91.9,45.5,52.8,0.728,38.4,,,,,,,
2026_01_SF_LA,2026,1,SF,00-0036887,Luke Farrell,,,,,,,,,,,,,,,,,,TE,3.0,[],LA,dome,,,,,,,,,,,,,,,,,,,,,,,,,,,0.0,0.0,0.0,0.0,0.0,0.0,0.0,,,,,,,,,,,,,,,,,50.0,45.2,48.1,50.0,50.0,50.0,50.0,57.2,30.0,50.0,50.0,50.0,50.0,0.0,50.0,0.0,50.0,46.9,48.8,100.0,64.1,50.0,26.7,85.9,47.9,57.1,0.74,42.2,,,,,,,
2026_01_ATL_PIT,2026,1,PIT,00-0036894,Pat Freiermuth,,,,,,,,,,,,,,,,,,TE,1.0,[],ATL,outdoors,,,,,,,,,,,,,,,,,,,,,,,,,,,0.0,0.0,0.0,0.0,0.0,0.0,0.0,,,,,,,,,,,,,,,,,50.0,45.2,48.1,50.0,50.0,50.0,50.0,57.2,30.0,50.0,50.0,50.0,50.0,0.0,50.0,0.0,50.0,46.9,48.8,50.0,49.1,37.5,22.5,91.9,45.5,52.8,0.728,38.4,,,,,,,
2026_01_TB_CIN,2026,1,CIN,00-0036900,Ja'Marr Chase,,,,,,,,,,,,,,,,,,WR,1.0,[],TB,outdoors,,,,,,,,,,,,,,,,,,,,,,,,,,,0.0,0.0,0.0,0.0,0.0,0.0,0.0,,,,,,,,,,,,,,,,,50.0,45.2,48.1,50.0,50.0,50.0,50.0,57.2,30.0,50.0,50.0,50.0,50.0,0.0,50.0,0.0,50.0,46.9,48.8,50.0,49.1,37.5,22.5,91.9,45.5,52.8,0.728,38.4,,,,,,,
2026_01_WAS_PHI,2026,1,PHI,00-0036912,DeVonta Smith,,,,,,,,,,,,,,,,,,WR,1.0,[],WAS,outdoors,,,,,,,,,,,,,,,,,,,,,,,,,,,0.0,0.0,0.0,0.0,0.0,0.0,0.0,,,,,,,,,,,,,,,,,50.0,45.2,48.1,50.0,50.0,50.0,50.0,57.2,30.0,50.0,50.0,50.0,50.0,0.0,50.0,0.0,50.0,46.9,48.8,50.0,49.1,37.5,22.5,91.9,45.5,52.8,0.728,38.4,,,,,,,
2026_01_TB_CIN,2026,1,TB,00-0036919,Kenneth Gainwell,,,,,,,,,,,,,,,,,,RB,2.0,[],CIN,outdoors,,,,,,,,,,,,,,,,,,,,,,,,,,,0.0,0.0,0.0,0.0,0.0,0.0,0.0,,,,,,,,,,,,,,,,,50.0,45.2,48.1,50.0,50.0,50.0,50.0,57.2,30.0,50.0,50.0,50.0,50.0,0.0,50.0,0.0,50.0,46.9,48.8,50.0,49.1,37.5,22.5,91.9,45.5,52.8,0.728,38.4,,,,,,,
2026_01_NYJ_TEN,2026,1,TEN,00-0036924,Michael Carter,,,,,,,,,,,,,,,,,,RB,4.0,[],NYJ,outdoors,,,,,,,,,,,,,,,,,,,,,,,,,,,0.0,0.0,0.0,0.0,0.0,0.0,0.0,,,,,,,,,,,,,,,,,50.0,45.2,48.1,50.0,50.0,50.0,50.0,57.2,30.0,50.0,50.0,50.0,50.0,0.0,50.0,0.0,50.0,46.9,48.8,50.0,49.1,37.5,22.5,91.9,45.5,52.8,0.728,38.4,,,,,,,
2026_01_MIA_LV,2026,1,MIA,00-0036955,Terrace Marshall Jr.,,,,,,,,,,,,,,,,,,WR,8.0,[],LV,dome,,,,,,,,,,,,,,,,,,,,,,,,,,,0.0,0.0,0.0,0.0,0.0,0.0,0.0,,,,,,,,,,,,,,,,,50.0,45.2,48.1,50.0,50.0,50.0,50.0,57.2,30.0,50.0,50.0,50.0,50.0,0.0,50.0,0.0,50.0,46.9,48.8,100.0,64.1,50.0,26.7,85.9,47.9,57.1,0.74,42.2,,,,,,,
2026_01_DEN_KC,2026,1,DEN,00-0036959,Michael Bandy,,,,,,,,,,,,,,,,,,WR,7.0,[],KC,outdoors,,,,,,,,,,,,,,,,,,,,,,,,,,,0.0,0.0,0.0,0.0,0.0,0.0,0.0,,,,,,,,,,,,,,,,,50.0,45.2,48.1,50.0,50.0,50.0,50.0,57.2,30.0,50.0,50.0,50.0,50.0,0.0,50.0,0.0,50.0,46.9,48.8,50.0,49.1,37.5,22.5,91.9,45.5,52.8,0.728,38.4,,,,,,,
2026_01_NO_DET,2026,1,DET,00-0036963,Amon-Ra St. Brown,,,,,,,,,,,,,,,,,,WR,1.0,[],NO,dome,,,,,,,,,,,,,,,,,,,,,,,,,,,0.0,0.0,0.0,0.0,0.0,0.0,0.0,,,,,,,,,,,,,,,,,50.0,45.2,48.1,50.0,50.0,50.0,50.0,57.2,30.0,50.0,50.0,50.0,50.0,0.0,50.0,0.0,50.0,46.9,48.8,100.0,64.1,50.0,26.7,85.9,47.9,57.1,0.74,42.2,,,,,,,
2026_01_ATL_PIT,2026,1,ATL,00-0036970,Kyle Pitts,,,,,,,,,,,,,,,,,,TE,1.0,[],PIT,outdoors,,,,,,,,,,,,,,,,,,,,,,,,,,,0.0,0.0,0.0,0.0,0.0,0.0,0.0,,,,,,,,,,,,,,,,,50.0,45.2,48.1,50.0,50.0,50.0,50.0,57.2,30.0,50.0,50.0,50.0,50.0,0.0,50.0,0.0,50.0,46.9,48.8,50.0,49.1,37.5,22.5,91.9,45.5,52.8,0.728,38.4,,,,,,,
2026_01_NO_DET,2026,1,NO,00-0036973,Travis Etienne,,,,,,,,,,,,,,,,,,RB,1.0,[],DET,dome,,,,,,,,,,,,,,,,,,,,,,,,,,,0.0,0.0,0.0,0.0,0.0,0.0,0.0,,,,,,,,,,,,,,,,,50.0,45.2,48.1,50.0,50.0,50.0,50.0,57.2,30.0,50.0,50.0,50.0,50.0,0.0,50.0,0.0,50.0,46.9,48.8,100.0,64.1,50.0,26.7,85.9,47.9,57.1,0.74,42.2,,,,,,,
2026_01_WAS_PHI,2026,1,PHI,00-0036980,Elijah Moore,,,,,,,,,,,,,,,,,,WR,5.0,[],WAS,outdoors,,,,,,,,,,,,,,,,,,,,,,,,,,,0.0,0.0,0.0,0.0,0.0,0.0,0.0,,,,,,,,,,,,,,,,,50.0,45.2,48.1,50.0,50.0,50.0,50.0,57.2,30.0,50.0,50.0,50.0,50.0,0.0,50.0,0.0,50.0,46.9,48.8,50.0,49.1,37.5,22.5,91.9,45.5,52.8,0.728,38.4,,,,,,,
2026_01_BUF_HOU,2026,1,BUF,00-0036988,Josh Palmer,,,,,,,,,,,,,,,,,,WR,4.0,[],HOU,,,,,,,,,,,,,,,,,,,,,,,,,,,,0.0,0.0,0.0,0.0,0.0,0.0,0.0,,,,,,,,,,,,,,,,,50.0,45.2,48.1,50.0,50.0,50.0,50.0,57.2,30.0,50.0,50.0,50.0,50.0,0.0,50.0,0.0,50.0,46.9,48.8,50.0,49.1,37.5,22.5,91.9,45.5,52.8,0.728,38.4,,,,,,,
2026_01_DAL_NYG,2026,1,DAL,00-0036997,Javonte Williams,,,,,,,,,,,,,,,,,,RB,1.0,[],NYG,outdoors,,,,,,,,,,,,,,,,,,,,,,,,,,,0.0,0.0,0.0,0.0,0.0,0.0,0.0,,,,,,,,,,,,,,,,,50.0,45.2,48.1,50.0,50.0,50.0,50.0,57.2,30.0,50.0,50.0,50.0,50.0,0.0,50.0,0.0,50.0,46.9,48.8,50.0,49.1,37.5,22.5,91.9,45.5,52.8,0.728,38.4,,,,,,,
2026_01_CLE_JAX,2026,1,JAX,00-0037004,Hunter Long,,,,,,,,,,,,,,,,,,TE,5.0,[],CLE,outdoors,,,,,,,,,,,,,,,,,,,,,,,,,,,0.0,0.0,0.0,0.0,0.0,0.0,0.0,,,,,,,,,,,,,,,,,50.0,45.2,48.1,50.0,50.0,50.0,50.0,57.2,30.0,50.0,50.0,50.0,50.0,0.0,50.0,0.0,50.0,46.9,48.8,50.0,49.1,37.5,22.5,91.9,45.5,52.8,0.728,38.4,,,,,,,
2026_01_CHI_CAR,2026,1,CAR,00-0037005,Tommy Tremble,,,,,,,,,,,,,,,,,,TE,1.0,[],CHI,outdoors,,,,,,,,,,,,,,,,,,,,,,,,,,,0.0,0.0,0.0,0.0,0.0,0.0,0.0,,,,,,,,,,,,,,,,,50.0,45.2,48.1,50.0,50.0,50.0,50.0,57.2,30.0,50.0,50.0,50.0,50.0,0.0,50.0,0.0,50.0,46.9,48.8,50.0,49.1,37.5,22.5,91.9,45.5,52.8,0.728,38.4,,,,,,,
2026_01_CHI_CAR,2026,1,CHI,00-0037031,Nikola Kalinic,,,,,,,,,,,,,,,,,,TE,4.0,[],CAR,outdoors,,,,,,,,,,,,,,,,,,,,,,,,,,,0.0,0.0,0.0,0.0,0.0,0.0,0.0,,,,,,,,,,,,,,,,,50.0,45.2,48.1,50.0,50.0,50.0,50.0,57.2,30.0,50.0,50.0,50.0,50.0,0.0,50.0,0.0,50.0,46.9,48.8,50.0,49.1,37.5,22.5,91.9,45.5,52.8,0.728,38.4,,,,,,,
2026_01_NYJ_TEN,2026,1,TEN,00-0037055,Lance McCutcheon,,,,,,,,,,,,,,,,,,WR,10.0,[],NYJ,outdoors,,,,,,,,,,,,,,,,,,,,,,,,,,,0.0,0.0,0.0,0.0,0.0,0.0,0.0,,,,,,,,,,,,,,,,,50.0,45.2,48.1,50.0,50.0,50.0,50.0,57.2,30.0,50.0,50.0,50.0,50.0,0.0,50.0,0.0,50.0,46.9,48.8,50.0,49.1,37.5,22.5,91.9,45.5,52.8,0.728,38.4,,,,,,,
2026_01_MIA_LV,2026,1,MIA,00-0037078,Cole Turner,,,,,,,,,,,,,,,,,,TE,4.0,[],LV,dome,,,,,,,,,,,,,,,,,,,,,,,,,,,0.0,0.0,0.0,0.0,0.0,0.0,0.0,,,,,,,,,,,,,,,,,50.0,45.2,48.1,50.0,50.0,50.0,50.0,57.2,30.0,50.0,50.0,50.0,50.0,0.0,50.0,0.0,50.0,46.9,48.8,100.0,64.1,50.0,26.7,85.9,47.9,57.1,0.74,42.2,,,,,,,
2026_01_DEN_KC,2026,1,DEN,00-0037085,Tyler Badie,,,,,,,,,,,,,,,,,,RB,4.0,[],KC,outdoors,,,,,,,,,,,,,,,,,,,,,,,,,,,0.0,0.0,0.0,0.0,0.0,0.0,0.0,,,,,,,,,,,,,,,,,50.0,45.2,48.1,50.0,50.0,50.0,50.0,57.2,30.0,50.0,50.0,50.0,50.0,0.0,50.0,0.0,50.0,46.9,48.8,50.0,49.1,37.5,22.5,91.9,45.5,52.8,0.728,38.4,,,,,,,
2026_01_WAS_PHI,2026,1,PHI,00-0037086,Grant Calcaterra,,,,,,,,,,,,,,,,,,TE,4.0,[],WAS,outdoors,,,,,,,,,,,,,,,,,,,,,,,,,,,0.0,0.0,0.0,0.0,0.0,0.0,0.0,,,,,,,,,,,,,,,,,50.0,45.2,48.1,50.0,50.0,50.0,50.0,57.2,30.0,50.0,50.0,50.0,50.0,0.0,50.0,0.0,50.0,46.9,48.8,50.0,49.1,37.5,22.5,91.9,45.5,52.8,0.728,38.4,,,,,,,
2026_01_MIA_LV,2026,1,LV,00-0037093,Dareke Young,,,,,,,,,,,,,,,,,,WR,7.0,[],MIA,dome,,,,,,,,,,,,,,,,,,,,,,,,,,,0.0,0.0,0.0,0.0,0.0,0.0,0.0,,,,,,,,,,,,,,,,,50.0,45.2,48.1,50.0,50.0,50.0,50.0,57.2,30.0,50.0,50.0,50.0,50.0,0.0,50.0,0.0,50.0,46.9,48.8,100.0,64.1,50.0,26.7,85.9,47.9,57.1,0.74,42.2,,,,,,,
2026_01_WAS_PHI,2026,1,PHI,00-0037098,Samori Toure,,,,,,,,,,,,,,,,,,WR,10.0,[],WAS,outdoors,,,,,,,,,,,,,,,,,,,,,,,,,,,0.0,0.0,0.0,0.0,0.0,0.0,0.0,,,,,,,,,,,,,,,,,50.0,45.2,48.1,50.0,50.0,50.0,50.0,57.2,30.0,50.0,50.0,50.0,50.0,0.0,50.0,0.0,50.0,46.9,48.8,50.0,49.1,37.5,22.5,91.9,45.5,52.8,0.728,38.4,,,,,,,
2026_01_SF_LA,2026,1,SF,00-0037112,Jake Tonges,,,,,,,,,,,,,,,,,,TE,2.0,[],LA,dome,,,,,,,,,,,,,,,,,,,,,,,,,,,0.0,0.0,0.0,0.0,0.0,0.0,0.0,,,,,,,,,,,,,,,,,50.0,45.2,48.1,50.0,50.0,50.0,50.0,57.2,30.0,50.0,50.0,50.0,50.0,0.0,50.0,0.0,50.0,46.9,48.8,100.0,64.1,50.0,26.7,85.9,47.9,57.1,0.74,42.2,,,,,,,
2026_01_ATL_PIT,2026,1,ATL,00-0037120,Tyler Goodson,,,,,,,,,,,,,,,,,,RB,3.0,[],PIT,outdoors,,,,,,,,,,,,,,,,,,,,,,,,,,,0.0,0.0,0.0,0.0,0.0,0.0,0.0,,,,,,,,,,,,,,,,,50.0,45.2,48.1,50.0,50.0,50.0,50.0,57.2,30.0,50.0,50.0,50.0,50.0,0.0,50.0,0.0,50.0,46.9,48.8,50.0,49.1,37.5,22.5,91.9,45.5,52.8,0.728,38.4,,,,,,,
2026_01_WAS_PHI,2026,1,PHI,00-0037132,Britain Covey,,,,,,,,,,,,,,,,,,WR,8.0,[],WAS,outdoors,,,,,,,,,,,,,,,,,,,,,,,,,,,0.0,0.0,0.0,0.0,0.0,0.0,0.0,,,,,,,,,,,,,,,,,50.0,45.2,48.1,50.0,50.0,50.0,50.0,57.2,30.0,50.0,50.0,50.0,50.0,0.0,50.0,0.0,50.0,46.9,48.8,50.0,49.1,37.5,22.5,91.9,45.5,52.8,0.728,38.4,,,,,,,
2026_01_NE_SEA,2026,1,SEA,00-0037156,Irvin Charles,,,,,,,,,,,,,,,,,,WR,9.0,[],NE,outdoors,,,,,,,,,,,,,,,,,,,,,,,,,,,0.0,0.0,0.0,0.0,0.0,0.0,0.0,,,,,,,,,,,,,,,,,50.0,45.2,48.1,50.0,50.0,50.0,50.0,57.2,30.0,50.0,50.0,50.0,50.0,0.0,50.0,0.0,50.0,46.9,48.8,50.0,49.1,37.5,22.5,91.9,45.5,52.8,0.728,38.4,,,,,,,
2026_01_NO_DET,2026,1,DET,00-0037197,Isiah Pacheco,,,,,,,,,,,,,,,,,,RB,2.0,[],NO,dome,,,,,,,,,,,,,,,,,,,,,,,,,,,0.0,0.0,0.0,0.0,0.0,0.0,0.0,,,,,,,,,,,,,,,,,50.0,45.2,48.1,50.0,50.0,50.0,50.0,57.2,30.0,50.0,50.0,50.0,50.0,0.0,50.0,0.0,50.0,46.9,48.8,100.0,64.1,50.0,26.7,85.9,47.9,57.1,0.74,42.2,,,,,,,
2026_01_ATL_PIT,2026,1,PIT,00-0037228,Jaylen Warren,,,,,,,,,,,,,,,,,,RB,1.0,[],ATL,outdoors,,,,,,,,,,,,,,,,,,,,,,,,,,,0.0,0.0,0.0,0.0,0.0,0.0,0.0,,,,,,,,,,,,,,,,,50.0,45.2,48.1,50.0,50.0,50.0,50.0,57.2,30.0,50.0,50.0,50.0,50.0,0.0,50.0,0.0,50.0,46.9,48.8,50.0,49.1,37.5,22.5,91.9,45.5,52.8,0.728,38.4,,,,,,,
2026_01_NO_DET,2026,1,NO,00-0037231,Kevin Austin Jr.,,,,,,,,,,,,,,,,,,WR,10.0,[],DET,dome,,,,,,,,,,,,,,,,,,,,,,,,,,,0.0,0.0,0.0,0.0,0.0,0.0,0.0,,,,,,,,,,,,,,,,,50.0,45.2,48.1,50.0,50.0,50.0,50.0,57.2,30.0,50.0,50.0,50.0,50.0,0.0,50.0,0.0,50.0,46.9,48.8,100.0,64.1,50.0,26.7,85.9,47.9,57.1,0.74,42.2,,,,,,,
2026_01_ATL_PIT,2026,1,ATL,00-0037238,Drake London,,,,,,,,,,,,,,,,,,WR,1.0,[],PIT,outdoors,,,,,,,,,,,,,,,,,,,,,,,,,,,0.0,0.0,0.0,0.0,0.0,0.0,0.0,,,,,,,,,,,,,,,,,50.0,45.2,48.1,50.0,50.0,50.0,50.0,57.2,30.0,50.0,50.0,50.0,50.0,0.0,50.0,0.0,50.0,46.9,48.8,50.0,49.1,37.5,22.5,91.9,45.5,52.8,0.728,38.4,,,,,,,
2026_01_NO_DET,2026,1,NO,00-0037239,Chris Olave,,,,,,,,,,,,,,,,,,WR,1.0,[],DET,dome,,,,,,,,,,,,,,,,,,,,,,,,,,,0.0,0.0,0.0,0.0,0.0,0.0,0.0,,,,,,,,,,,,,,,,,50.0,45.2,48.1,50.0,50.0,50.0,50.0,57.2,30.0,50.0,50.0,50.0,50.0,0.0,50.0,0.0,50.0,46.9,48.8,100.0,64.1,50.0,26.7,85.9,47.9,57.1,0.74,42.2,,,,,,,
2026_01_NO_DET,2026,1,DET,00-0037240,Jameson Williams,,,,,,,,,,,,,,,,,,WR,2.0,[],NO,dome,,,,,,,,,,,,,,,,,,,,,,,,,,,0.0,0.0,0.0,0.0,0.0,0.0,0.0,,,,,,,,,,,,,,,,,50.0,45.2,48.1,50.0,50.0,50.0,50.0,57.2,30.0,50.0,50.0,50.0,50.0,0.0,50.0,0.0,50.0,46.9,48.8,100.0,64.1,50.0,26.7,85.9,47.9,57.1,0.74,42.2,,,,,,,
2026_01_DAL_NYG,2026,1,DAL,00-0037247,George Pickens,,,,,,,,,,,,,,,,,,WR,2.0,[],NYG,outdoors,,,,,,,,,,,,,,,,,,,,,,,,,,,0.0,0.0,0.0,0.0,0.0,0.0,0.0,,,,,,,,,,,,,,,,,50.0,45.2,48.1,50.0,50.0,50.0,50.0,57.2,30.0,50.0,50.0,50.0,50.0,0.0,50.0,0.0,50.0,46.9,48.8,50.0,49.1,37.5,22.5,91.9,45.5,52.8,0.728,38.4,,,,,,,
2026_01_BUF_HOU,2026,1,BUF,00-0037248,James Cook,,,,,,,,,,,,,,,,,,RB,1.0,[],HOU,,,,,,,,,,,,,,,,,,,,,,,,,,,,0.0,0.0,0.0,0.0,0.0,0.0,0.0,,,,,,,,,,,,,,,,,50.0,45.2,48.1,50.0,50.0,50.0,50.0,57.2,30.0,50.0,50.0,50.0,50.0,0.0,50.0,0.0,50.0,46.9,48.8,50.0,49.1,37.5,22.5,91.9,45.5,52.8,0.728,38.4,,,,,,,
2026_01_MIA_LV,2026,1,MIA,00-0037252,Greg Dulcich,,,,,,,,,,,,,,,,,,TE,1.0,[],LV,dome,,,,,,,,,,,,,,,,,,,,,,,,,,,0.0,0.0,0.0,0.0,0.0,0.0,0.0,,,,,,,,,,,,,,,,,50.0,45.2,48.1,50.0,50.0,50.0,50.0,57.2,30.0,50.0,50.0,50.0,50.0,0.0,50.0,0.0,50.0,46.9,48.8,100.0,64.1,50.0,26.7,85.9,47.9,57.1,0.74,42.2,,,,,,,
2026_01_WAS_PHI,2026,1,WAS,00-0037256,Rachaad White,,,,,,,,,,,,,,,,,,RB,2.0,[],PHI,outdoors,,,,,,,,,,,,,,,,,,,,,,,,,,,0.0,0.0,0.0,0.0,0.0,0.0,0.0,,,,,,,,,,,,,,,,,50.0,45.2,48.1,50.0,50.0,50.0,50.0,57.2,30.0,50.0,50.0,50.0,50.0,0.0,50.0,0.0,50.0,46.9,48.8,50.0,49.1,37.5,22.5,91.9,45.5,52.8,0.728,38.4,,,,,,,
2026_01_WAS_PHI,2026,1,PHI,00-0037258,Dameon Pierce,,,,,,,,,,,,,,,,,,RB,4.0,[],WAS,outdoors,,,,,,,,,,,,,,,,,,,,,,,,,,,0.0,0.0,0.0,0.0,0.0,0.0,0.0,,,,,,,,,,,,,,,,,50.0,45.2,48.1,50.0,50.0,50.0,50.0,57.2,30.0,50.0,50.0,50.0,50.0,0.0,50.0,0.0,50.0,46.9,48.8,50.0,49.1,37.5,22.5,91.9,45.5,52.8,0.728,38.4,,,,,,,
2026_01_BUF_HOU,2026,1,BUF,00-0037261,Khalil Shakir,,,,,,,,,,,,,,,,,,WR,2.0,[],HOU,,,,,,,,,,,,,,,,,,,,,,,,,,,,0.0,0.0,0.0,0.0,0.0,0.0,0.0,,,,,,,,,,,,,,,,,50.0,45.2,48.1,50.0,50.0,50.0,50.0,57.2,30.0,50.0,50.0,50.0,50.0,0.0,50.0,0.0,50.0,46.9,48.8,50.0,49.1,37.5,22.5,91.9,45.5,52.8,0.728,38.4,,,,,,,
2026_01_WAS_PHI,2026,1,WAS,00-0037267,Jerome Ford,,,,,,,,,,,,,,,,,,RB,5.0,[],PHI,outdoors,,,,,,,,,,,,,,,,,,,,,,,,,,,0.0,0.0,0.0,0.0,0.0,0.0,0.0,,,,,,,,,,,,,,,,,50.0,45.2,48.1,50.0,50.0,50.0,50.0,57.2,30.0,50.0,50.0,50.0,50.0,0.0,50.0,0.0,50.0,46.9,48.8,50.0,49.1,37.5,22.5,91.9,45.5,52.8,0.728,38.4,,,,,,,
2026_01_NO_DET,2026,1,NO,00-0037276,Ty Chandler,,,,,,,,,,,,,,,,,,RB,5.0,[],DET,dome,,,,,,,,,,,,,,,,,,,,,,,,,,,0.0,0.0,0.0,0.0,0.0,0.0,0.0,,,,,,,,,,,,,,,,,50.0,45.2,48.1,50.0,50.0,50.0,50.0,57.2,30.0,50.0,50.0,50.0,50.0,0.0,50.0,0.0,50.0,46.9,48.8,100.0,64.1,50.0,26.7,85.9,47.9,57.1,0.74,42.2,,,,,,,
2026_01_CHI_CAR,2026,1,CAR,00-0037282,James Mitchell,,,,,,,,,,,,,,,,,,TE,6.0,[],CHI,outdoors,,,,,,,,,,,,,,,,,,,,,,,,,,,0.0,0.0,0.0,0.0,0.0,0.0,0.0,,,,,,,,,,,,,,,,,50.0,45.2,48.1,50.0,50.0,50.0,50.0,57.2,30.0,50.0,50.0,50.0,50.0,0.0,50.0,0.0,50.0,46.9,48.8,50.0,49.1,37.5,22.5,91.9,45.5,52.8,0.728,38.4,,,,,,,
2026_01_MIA_LV,2026,1,LV,00-0037291,Jalen Nailor,,,,,,,,,,,,,,,,,,WR,2.0,[],MIA,dome,,,,,,,,,,,,,,,,,,,,,,,,,,,0.0,0.0,0.0,0.0,0.0,0.0,0.0,,,,,,,,,,,,,,,,,50.0,45.2,48.1,50.0,50.0,50.0,50.0,57.2,30.0,50.0,50.0,50.0,50.0,0.0,50.0,0.0,50.0,46.9,48.8,100.0,64.1,50.0,26.7,85.9,47.9,57.1,0.74,42.2,,,,,,,
2026_01_BAL_IND,2026,1,IND,00-0037292,Andrew Ogletree,,,,,,,,,,,,,,,,,,TE,3.0,[],BAL,,,,,,,,,,,,,,,,,,,,,,,,,,,,0.0,0.0,0.0,0.0,0.0,0.0,0.0,,,,,,,,,,,,,,,,,50.0,45.2,48.1,50.0,50.0,50.0,50.0,57.2,30.0,50.0,50.0,50.0,50.0,0.0,50.0,0.0,50.0,46.9,48.8,50.0,49.1,37.5,22.5,91.9,45.5,52.8,0.728,38.4,,,,,,,
2026_01_DEN_KC,2026,1,DEN,00-0037300,Mike Woods,,,,,,,,,,,,,,,,,,WR,13.0,[],KC,outdoors,,,,,,,,,,,,,,,,,,,,,,,,,,,0.0,0.0,0.0,0.0,0.0,0.0,0.0,,,,,,,,,,,,,,,,,50.0,45.2,48.1,50.0,50.0,50.0,50.0,57.2,30.0,50.0,50.0,50.0,50.0,0.0,50.0,0.0,50.0,46.9,48.8,50.0,49.1,37.5,22.5,91.9,45.5,52.8,0.728,38.4,,,,,,,
2026_01_MIA_LV,2026,1,LV,00-0037304,Connor Heyward,,,,,,,,,,,,,,,,,,TE,,[],MIA,dome,,,,,,,,,,,,,,,,,,,,,,,,,,,0.0,0.0,0.0,0.0,0.0,0.0,0.0,,,,,,,,,,,,,,,,,50.0,45.2,48.1,50.0,50.0,50.0,50.0,57.2,30.0,50.0,50.0,50.0,50.0,0.0,50.0,0.0,50.0,46.9,48.8,100.0,64.1,50.0,26.7,85.9,47.9,57.1,0.74,42.2,,,,,,,
2026_01_TB_CIN,2026,1,TB,00-0037311,Ko Kieft,,,,,,,,,,,,,,,,,,TE,3.0,[],CIN,outdoors,,,,,,,,,,,,,,,,,,,,,,,,,,,0.0,0.0,0.0,0.0,0.0,0.0,0.0,,,,,,,,,,,,,,,,,50.0,45.2,48.1,50.0,50.0,50.0,50.0,57.2,30.0,50.0,50.0,50.0,50.0,0.0,50.0,0.0,50.0,46.9,48.8,50.0,49.1,37.5,22.5,91.9,45.5,52.8,0.728,38.4,,,,,,,
2026_01_CHI_CAR,2026,1,CHI,00-0037329,Brittain Brown,,,,,,,,,,,,,,,,,,RB,4.0,[],CAR,outdoors,,,,,,,,,,,,,,,,,,,,,,,,,,,0.0,0.0,0.0,0.0,0.0,0.0,0.0,,,,,,,,,,,,,,,,,50.0,45.2,48.1,50.0,50.0,50.0,50.0,57.2,30.0,50.0,50.0,50.0,50.0,0.0,50.0,0.0,50.0,46.9,48.8,50.0,49.1,37.5,22.5,91.9,45.5,52.8,0.728,38.4,,,,,,,
2026_01_NO_DET,2026,1,NO,00-0037340,Zaire Mitchell-Paden,,,,,,,,,,,,,,,,,,TE,5.0,[],DET,dome,,,,,,,,,,,,,,,,,,,,,,,,,,,0.0,0.0,0.0,0.0,0.0,0.0,0.0,,,,,,,,,,,,,,,,,50.0,45.2,48.1,50.0,50.0,50.0,50.0,57.2,30.0,50.0,50.0,50.0,50.0,0.0,50.0,0.0,50.0,46.9,48.8,100.0,64.1,50.0,26.7,85.9,47.9,57.1,0.74,42.2,,,,,,,
2026_01_DAL_NYG,2026,1,NYG,00-0037348,Tanner Conner,,,,,,,,,,,,,,,,,,TE,5.0,[],DAL,outdoors,,,,,,,,,,,,,,,,,,,,,,,,,,,0.0,0.0,0.0,0.0,0.0,0.0,0.0,,,,,,,,,,,,,,,,,50.0,45.2,48.1,50.0,50.0,50.0,50.0,57.2,30.0,50.0,50.0,50.0,50.0,0.0,50.0,0.0,50.0,46.9,48.8,50.0,49.1,37.5,22.5,91.9,45.5,52.8,0.728,38.4,,,,,,,
2026_01_MIA_LV,2026,1,LV,00-0037382,Brandon Johnson,,,,,,,,,,,,,,,,,,WR,11.0,[],MIA,dome,,,,,,,,,,,,,,,,,,,,,,,,,,,0.0,0.0,0.0,0.0,0.0,0.0,0.0,,,,,,,,,,,,,,,,,50.0,45.2,48.1,50.0,50.0,50.0,50.0,57.2,30.0,50.0,50.0,50.0,50.0,0.0,50.0,0.0,50.0,46.9,48.8,100.0,64.1,50.0,26.7,85.9,47.9,57.1,0.74,42.2,,,,,,,
2026_01_BUF_HOU,2026,1,BUF,00-0037387,Jalen Virgil,,,,,,,,,,,,,,,,,,WR,9.0,[],HOU,,,,,,,,,,,,,,,,,,,,,,,,,,,,0.0,0.0,0.0,0.0,0.0,0.0,0.0,,,,,,,,,,,,,,,,,50.0,45.2,48.1,50.0,50.0,50.0,50.0,57.2,30.0,50.0,50.0,50.0,50.0,0.0,50.0,0.0,50.0,46.9,48.8,50.0,49.1,37.5,22.5,91.9,45.5,52.8,0.728,38.4,,,,,,,
2026_01_TB_CIN,2026,1,CIN,00-0037422,Kendric Pryor,,,,,,,,,,,,,,,,,,WR,8.0,[],TB,outdoors,,,,,,,,,,,,,,,,,,,,,,,,,,,0.0,0.0,0.0,0.0,0.0,0.0,0.0,,,,,,,,,,,,,,,,,50.0,45.2,48.1,50.0,50.0,50.0,50.0,57.2,30.0,50.0,50.0,50.0,50.0,0.0,50.0,0.0,50.0,46.9,48.8,50.0,49.1,37.5,22.5,91.9,45.5,52.8,0.728,38.4,,,,,,,
2026_01_WAS_PHI,2026,1,PHI,00-0037475,Stone Smartt,,,,,,,,,,,,,,,,,,TE,7.0,[],WAS,outdoors,,,,,,,,,,,,,,,,,,,,,,,,,,,0.0,0.0,0.0,0.0,0.0,0.0,0.0,,,,,,,,,,,,,,,,,50.0,45.2,48.1,50.0,50.0,50.0,50.0,57.2,30.0,50.0,50.0,50.0,50.0,0.0,50.0,0.0,50.0,46.9,48.8,50.0,49.1,37.5,22.5,91.9,45.5,52.8,0.728,38.4,,,,,,,
2026_01_SF_LA,2026,1,SF,00-0037509,Sincere McCormick,,,,,,,,,,,,,,,,,,RB,6.0,[],LA,dome,,,,,,,,,,,,,,,,,,,,,,,,,,,0.0,0.0,0.0,0.0,0.0,0.0,0.0,,,,,,,,,,,,,,,,,50.0,45.2,48.1,50.0,50.0,50.0,50.0,57.2,30.0,50.0,50.0,50.0,50.0,0.0,50.0,0.0,50.0,46.9,48.8,100.0,64.1,50.0,26.7,85.9,47.9,57.1,0.74,42.2,,,,,,,
2026_01_GB_MIN,2026,1,MIN,00-0037525,Jordan Mason,,,,,,,,,,,,,,,,,,RB,2.0,[],GB,dome,,,,,,,,,,,,,,,,,,,,,,,,,,,0.0,0.0,0.0,0.0,0.0,0.0,0.0,,,,,,,,,,,,,,,,,50.0,45.2,48.1,50.0,50.0,50.0,50.0,57.2,30.0,50.0,50.0,50.0,50.0,0.0,50.0,0.0,50.0,46.9,48.8,100.0,64.1,50.0,26.7,85.9,47.9,57.1,0.74,42.2,,,,,,,
2026_01_DEN_KC,2026,1,DEN,00-0037539,Lucas Krull,,,,,,,,,,,,,,,,,,TE,5.0,[],KC,outdoors,,,,,,,,,,,,,,,,,,,,,,,,,,,0.0,0.0,0.0,0.0,0.0,0.0,0.0,,,,,,,,,,,,,,,,,50.0,45.2,48.1,50.0,50.0,50.0,50.0,57.2,30.0,50.0,50.0,50.0,50.0,0.0,50.0,0.0,50.0,46.9,48.8,50.0,49.1,37.5,22.5,91.9,45.5,52.8,0.728,38.4,,,,,,,
2026_01_NE_SEA,2026,1,SEA,00-0037545,Rashid Shaheed,,,,,,,,,,,,,,,,,,WR,2.0,[],NE,outdoors,,,,,,,,,,,,,,,,,,,,,,,,,,,0.0,0.0,0.0,0.0,0.0,0.0,0.0,,,,,,,,,,,,,,,,,50.0,45.2,48.1,50.0,50.0,50.0,50.0,57.2,30.0,50.0,50.0,50.0,50.0,0.0,50.0,0.0,50.0,46.9,48.8,50.0,49.1,37.5,22.5,91.9,45.5,52.2,0.728,38.0,1.0,290.0,DraftKings,0.2564102564102564,290.0,50.0,100.0
2026_01_SF_LA,2026,1,LA,00-0037557,Ronnie Rivers,,,,,,,,,,,,,,,,,,RB,3.0,[],SF,dome,,,,,,,,,,,,,,,,,,,,,,,,,,,0.0,0.0,0.0,0.0,0.0,0.0,0.0,,,,,,,,,,,,,,,,,50.0,45.2,48.1,50.0,50.0,50.0,50.0,57.2,30.0,50.0,50.0,50.0,50.0,0.0,50.0,0.0,50.0,46.9,48.8,100.0,64.1,50.0,26.7,85.9,47.9,57.1,0.74,42.2,,,,,,,
2026_01_DAL_NYG,2026,1,DAL,00-0037563,Malik Davis,,,,,,,,,,,,,,,,,,RB,4.0,[],NYG,outdoors,,,,,,,,,,,,,,,,,,,,,,,,,,,0.0,0.0,0.0,0.0,0.0,0.0,0.0,,,,,,,,,,,,,,,,,50.0,45.2,48.1,50.0,50.0,50.0,50.0,57.2,30.0,50.0,50.0,50.0,50.0,0.0,50.0,0.0,50.0,46.9,48.8,50.0,49.1,37.5,22.5,91.9,45.5,52.8,0.728,38.4,,,,,,,
2026_01_TB_CIN,2026,1,TB,00-0037570,Dennis Houston,,,,,,,,,,,,,,,,,,WR,8.0,[],CIN,outdoors,,,,,,,,,,,,,,,,,,,,,,,,,,,0.0,0.0,0.0,0.0,0.0,0.0,0.0,,,,,,,,,,,,,,,,,50.0,45.2,48.1,50.0,50.0,50.0,50.0,57.2,30.0,50.0,50.0,50.0,50.0,0.0,50.0,0.0,50.0,46.9,48.8,50.0,49.1,37.5,22.5,91.9,45.5,52.8,0.728,38.4,,,,,,,
2026_01_NYJ_TEN,2026,1,TEN,00-0037594,Julius Chestnut,,,,,,,,,,,,,,,,,,RB,6.0,[],NYJ,outdoors,,,,,,,,,,,,,,,,,,,,,,,,,,,0.0,0.0,0.0,0.0,0.0,0.0,0.0,,,,,,,,,,,,,,,,,50.0,45.2,48.1,50.0,50.0,50.0,50.0,57.2,30.0,50.0,50.0,50.0,50.0,0.0,50.0,0.0,50.0,46.9,48.8,50.0,49.1,37.5,22.5,91.9,45.5,52.8,0.728,38.4,,,,,,,
2026_01_CHI_CAR,2026,1,CAR,00-0037614,John Metchie III,,,,,,,,,,,,,,,,,,WR,5.0,[],CHI,outdoors,,,,,,,,,,,,,,,,,,,,,,,,,,,0.0,0.0,0.0,0.0,0.0,0.0,0.0,,,,,,,,,,,,,,,,,50.0,45.2,48.1,50.0,50.0,50.0,50.0,57.2,30.0,50.0,50.0,50.0,50.0,0.0,50.0,0.0,50.0,46.9,48.8,50.0,49.1,37.5,22.5,91.9,45.5,52.8,0.728,38.4,,,,,,,
2026_01_BAL_IND,2026,1,IND,00-0037664,Alec Pierce,,,,,,,,,,,,,,,,,,WR,1.0,[],BAL,,,,,,,,,,,,,,,,,,,,,,,,,,,,0.0,0.0,0.0,0.0,0.0,0.0,0.0,,,,,,,,,,,,,,,,,50.0,45.2,48.1,50.0,50.0,50.0,50.0,57.2,30.0,50.0,50.0,50.0,50.0,0.0,50.0,0.0,50.0,46.9,48.8,50.0,49.1,37.5,22.5,91.9,45.5,52.8,0.728,38.4,,,,,,,
2026_01_MIA_LV,2026,1,MIA,00-0037666,Jalen Tolbert,,,,,,,,,,,,,,,,,,WR,2.0,[],LV,dome,,,,,,,,,,,,,,,,,,,,,,,,,,,0.0,0.0,0.0,0.0,0.0,0.0,0.0,,,,,,,,,,,,,,,,,50.0,45.2,48.1,50.0,50.0,50.0,50.0,57.2,30.0,50.0,50.0,50.0,50.0,0.0,50.0,0.0,50.0,46.9,48.8,100.0,64.1,50.0,26.7,85.9,47.9,57.1,0.74,42.2,,,,,,,
2026_01_CHI_CAR,2026,1,CHI,00-0037708,Maurice Alexander,,,,,,,,,,,,,,,,,,WR,8.0,[],CAR,outdoors,,,,,,,,,,,,,,,,,,,,,,,,,,,0.0,0.0,0.0,0.0,0.0,0.0,0.0,,,,,,,,,,,,,,,,,50.0,45.2,48.1,50.0,50.0,50.0,50.0,57.2,30.0,50.0,50.0,50.0,50.0,0.0,50.0,0.0,50.0,46.9,48.8,50.0,49.1,37.5,22.5,91.9,45.5,52.8,0.728,38.4,,,,,,,
2026_01_NYJ_TEN,2026,1,NYJ,00-0037740,Garrett Wilson,,,,,,,,,,,,,,,,,,WR,1.0,[],TEN,outdoors,,,,,,,,,,,,,,,,,,,,,,,,,,,0.0,0.0,0.0,0.0,0.0,0.0,0.0,,,,,,,,,,,,,,,,,50.0,45.2,48.1,50.0,50.0,50.0,50.0,57.2,30.0,50.0,50.0,50.0,50.0,0.0,50.0,0.0,50.0,46.9,48.8,50.0,49.1,37.5,22.5,91.9,45.5,52.8,0.728,38.4,,,,,,,
2026_01_ATL_PIT,2026,1,ATL,00-0037741,Jahan Dotson,,,,,,,,,,,,,,,,,,WR,2.0,[],PIT,outdoors,,,,,,,,,,,,,,,,,,,,,,,,,,,0.0,0.0,0.0,0.0,0.0,0.0,0.0,,,,,,,,,,,,,,,,,50.0,45.2,48.1,50.0,50.0,50.0,50.0,57.2,30.0,50.0,50.0,50.0,50.0,0.0,50.0,0.0,50.0,46.9,48.8,50.0,49.1,37.5,22.5,91.9,45.5,52.8,0.728,38.4,,,,,,,
2026_01_WAS_PHI,2026,1,WAS,00-0037742,Treylon Burks,,,,,,,,,,,,,,,,,,WR,5.0,[],PHI,outdoors,,,,,,,,,,,,,,,,,,,,,,,,,,,0.0,0.0,0.0,0.0,0.0,0.0,0.0,,,,,,,,,,,,,,,,,50.0,45.2,48.1,50.0,50.0,50.0,50.0,57.2,30.0,50.0,50.0,50.0,50.0,0.0,50.0,0.0,50.0,46.9,48.8,50.0,49.1,37.5,22.5,91.9,45.5,52.8,0.728,38.4,,,,,,,
2026_01_NE_SEA,2026,1,SEA,00-0037745,Velus Jones Jr.,,,,,,,,,,,,,,,,,,RB,5.0,[],NE,outdoors,,,,,,,,,,,,,,,,,,,,,,,,,,,0.0,0.0,0.0,0.0,0.0,0.0,0.0,,,,,,,,,,,,,,,,,50.0,45.2,48.1,50.0,50.0,50.0,50.0,57.2,30.0,50.0,50.0,50.0,50.0,0.0,50.0,0.0,50.0,46.9,48.8,50.0,49.1,37.5,22.5,91.9,45.5,52.8,0.728,38.4,,,,,,,
2026_01_ATL_PIT,2026,1,ATL,00-0037746,Brian Robinson,,,,,,,,,,,,,,,,,,RB,2.0,[],PIT,outdoors,,,,,,,,,,,,,,,,,,,,,,,,,,,0.0,0.0,0.0,0.0,0.0,0.0,0.0,,,,,,,,,,,,,,,,,50.0,45.2,48.1,50.0,50.0,50.0,50.0,57.2,30.0,50.0,50.0,50.0,50.0,0.0,50.0,0.0,50.0,46.9,48.8,50.0,49.1,37.5,22.5,91.9,45.5,52.8,0.728,38.4,,,,,,,
2026_01_NYJ_TEN,2026,1,NYJ,00-0037755,Jelani Woods,,,,,,,,,,,,,,,,,,TE,4.0,[],TEN,outdoors,,,,,,,,,,,,,,,,,,,,,,,,,,,0.0,0.0,0.0,0.0,0.0,0.0,0.0,,,,,,,,,,,,,,,,,50.0,45.2,48.1,50.0,50.0,50.0,50.0,57.2,30.0,50.0,50.0,50.0,50.0,0.0,50.0,0.0,50.0,46.9,48.8,50.0,49.1,37.5,22.5,91.9,45.5,52.8,0.728,38.4,,,,,,,
2026_01_DAL_NYG,2026,1,DAL,00-0037801,KaVontae Turpin,,,,,,,,,,,,,,,,,,WR,4.0,[],NYG,outdoors,,,,,,,,,,,,,,,,,,,,,,,,,,,0.0,0.0,0.0,0.0,0.0,0.0,0.0,,,,,,,,,,,,,,,,,50.0,45.2,48.1,50.0,50.0,50.0,50.0,57.2,30.0,50.0,50.0,50.0,50.0,0.0,50.0,0.0,50.0,46.9,48.8,50.0,49.1,37.5,22.5,91.9,45.5,52.8,0.728,38.4,,,,,,,
2026_01_NYJ_TEN,2026,1,NYJ,00-0037805,Jeremy Ruckert,,,,,,,,,,,,,,,,,,TE,3.0,[],TEN,outdoors,,,,,,,,,,,,,,,,,,,,,,,,,,,0.0,0.0,0.0,0.0,0.0,0.0,0.0,,,,,,,,,,,,,,,,,50.0,45.2,48.1,50.0,50.0,50.0,50.0,57.2,30.0,50.0,50.0,50.0,50.0,0.0,50.0,0.0,50.0,46.9,48.8,50.0,49.1,37.5,22.5,91.9,45.5,52.8,0.728,38.4,,,,,,,
2026_01_WAS_PHI,2026,1,WAS,00-0037809,Chig Okonkwo,,,,,,,,,,,,,,,,,,TE,1.0,[],PHI,outdoors,,,,,,,,,,,,,,,,,,,,,,,,,,,0.0,0.0,0.0,0.0,0.0,0.0,0.0,,,,,,,,,,,,,,,,,50.0,45.2,48.1,50.0,50.0,50.0,50.0,57.2,30.0,50.0,50.0,50.0,50.0,0.0,50.0,0.0,50.0,46.9,48.8,50.0,49.1,37.5,22.5,91.9,45.5,52.8,0.728,38.4,,,,,,,
2026_01_NE_SEA,2026,1,NE,00-0037816,Romeo Doubs,,,,,,,,,,,,,,,,,,WR,2.0,[],SEA,outdoors,,,,,,,,,,,,,,,,,,,,,,,,,,,0.0,0.0,0.0,0.0,0.0,0.0,0.0,,,,,,,,,,,,,,,,,50.0,45.2,48.1,50.0,50.0,50.0,50.0,57.2,30.0,50.0,50.0,50.0,50.0,0.0,50.0,0.0,50.0,46.9,48.8,50.0,49.1,37.5,22.5,87.8,44.4,51.1,0.722,36.9,1.0,295.0,DraftKings,0.25316455696202533,295.0,45.0,100.0
2026_01_WAS_PHI,2026,1,PHI,00-0037828,Danny Gray,,,,,,,,,,,,,,,,,,WR,11.0,[],WAS,outdoors,,,,,,,,,,,,,,,,,,,,,,,,,,,0.0,0.0,0.0,0.0,0.0,0.0,0.0,,,,,,,,,,,,,,,,,50.0,45.2,48.1,50.0,50.0,50.0,50.0,57.2,30.0,50.0,50.0,50.0,50.0,0.0,50.0,0.0,50.0,46.9,48.8,50.0,49.1,37.5,22.5,91.9,45.5,52.8,0.728,38.4,,,,,,,
2026_01_DAL_NYG,2026,1,NYG,00-0037837,Calvin Austin III,,,,,,,,,,,,,,,,,,WR,3.0,[],DAL,outdoors,,,,,,,,,,,,,,,,,,,,,,,,,,,0.0,0.0,0.0,0.0,0.0,0.0,0.0,,,,,,,,,,,,,,,,,50.0,45.2,48.1,50.0,50.0,50.0,50.0,57.2,30.0,50.0,50.0,50.0,50.0,0.0,50.0,0.0,50.0,46.9,48.8,50.0,49.1,37.5,22.5,91.9,45.5,52.8,0.728,38.4,,,,,,,
2026_01_DAL_NYG,2026,1,NYG,00-0037838,Isaiah Likely,,,,,,,,,,,,,,,,,,TE,1.0,[],DAL,outdoors,,,,,,,,,,,,,,,,,,,,,,,,,,,0.0,0.0,0.0,0.0,0.0,0.0,0.0,,,,,,,,,,,,,,,,,50.0,45.2,48.1,50.0,50.0,50.0,50.0,57.2,30.0,50.0,50.0,50.0,50.0,0.0,50.0,0.0,50.0,46.9,48.8,50.0,49.1,37.5,22.5,91.9,45.5,52.8,0.728,38.4,,,,,,,
2026_01_SF_LA,2026,1,LA,00-0037840,Kyren Williams,,,,,,,,,,,,,,,,,,RB,1.0,[],SF,dome,,,,,,,,,,,,,,,,,,,,,,,,,,,0.0,0.0,0.0,0.0,0.0,0.0,0.0,,,,,,,,,,,,,,,,,50.0,45.2,48.1,50.0,50.0,50.0,50.0,57.2,30.0,50.0,50.0,50.0,50.0,0.0,50.0,0.0,50.0,46.9,48.8,100.0,64.1,50.0,26.7,85.9,47.9,57.1,0.74,42.2,,,,,,,
2026_01_DAL_NYG,2026,1,DAL,00-0038041,Jake Ferguson,,,,,,,,,,,,,,,,,,TE,1.0,[],NYG,outdoors,,,,,,,,,,,,,,,,,,,,,,,,,,,0.0,0.0,0.0,0.0,0.0,0.0,0.0,,,,,,,,,,,,,,,,,50.0,45.2,48.1,50.0,50.0,50.0,50.0,57.2,30.0,50.0,50.0,50.0,50.0,0.0,50.0,0.0,50.0,46.9,48.8,50.0,49.1,37.5,22.5,91.9,45.5,52.8,0.728,38.4,,,,,,,
2026_01_ARI_LAC,2026,1,LAC,00-0038046,Charlie Kolar,,,,,,,,,,,,,,,,,,TE,3.0,[],ARI,dome,,,,,,,,,,,,,,,,,,,,,,,,,,,0.0,0.0,0.0,0.0,0.0,0.0,0.0,,,,,,,,,,,,,,,,,50.0,45.2,48.1,50.0,50.0,50.0,50.0,57.2,30.0,50.0,50.0,50.0,50.0,0.0,50.0,0.0,50.0,46.9,48.8,100.0,64.1,50.0,26.7,85.9,47.9,57.1,0.74,42.2,,,,,,,
2026_01_GB_MIN,2026,1,GB,00-0038090,Skyy Moore,,,,,,,,,,,,,,,,,,WR,6.0,[],MIN,dome,,,,,,,,,,,,,,,,,,,,,,,,,,,0.0,0.0,0.0,0.0,0.0,0.0,0.0,,,,,,,,,,,,,,,,,50.0,45.2,48.1,50.0,50.0,50.0,50.0,57.2,30.0,50.0,50.0,50.0,50.0,0.0,50.0,0.0,50.0,46.9,48.8,100.0,64.1,50.0,26.7,85.9,47.9,57.1,0.74,42.2,,,,,,,
2026_01_GB_MIN,2026,1,GB,00-0038098,Pierre Strong,,,,,,,,,,,,,,,,,,RB,4.0,[],MIN,dome,,,,,,,,,,,,,,,,,,,,,,,,,,,0.0,0.0,0.0,0.0,0.0,0.0,0.0,,,,,,,,,,,,,,,,,50.0,45.2,48.1,50.0,50.0,50.0,50.0,57.2,30.0,50.0,50.0,50.0,50.0,0.0,50.0,0.0,50.0,46.9,48.8,100.0,64.1,50.0,26.7,85.9,47.9,57.1,0.74,42.2,,,,,,,
2026_01_DEN_KC,2026,1,KC,00-0038104,Tyquan Thornton,,,,,,,,,,,,,,,,,,WR,3.0,[],DEN,outdoors,,,,,,,,,,,,,,,,,,,,,,,,,,,0.0,0.0,0.0,0.0,0.0,0.0,0.0,,,,,,,,,,,,,,,,,50.0,45.2,48.1,50.0,50.0,50.0,50.0,57.2,30.0,50.0,50.0,50.0,50.0,0.0,50.0,0.0,50.0,46.9,48.8,50.0,49.1,37.5,22.5,91.9,45.5,52.8,0.728,38.4,,,,,,,
2026_01_NYJ_TEN,2026,1,TEN,00-0038115,Daniel Bellinger,,,,,,,,,,,,,,,,,,TE,2.0,[],NYJ,outdoors,,,,,,,,,,,,,,,,,,,,,,,,,,,0.0,0.0,0.0,0.0,0.0,0.0,0.0,,,,,,,,,,,,,,,,,50.0,45.2,48.1,50.0,50.0,50.0,50.0,57.2,30.0,50.0,50.0,50.0,50.0,0.0,50.0,0.0,50.0,46.9,48.8,50.0,49.1,37.5,22.5,91.9,45.5,52.8,0.728,38.4,,,,,,,
2026_01_NYJ_TEN,2026,1,TEN,00-0038117,Wan'Dale Robinson,,,,,,,,,,,,,,,,,,WR,2.0,[],NYJ,outdoors,,,,,,,,,,,,,,,,,,,,,,,,,,,0.0,0.0,0.0,0.0,0.0,0.0,0.0,,,,,,,,,,,,,,,,,50.0,45.2,48.1,50.0,50.0,50.0,50.0,57.2,30.0,50.0,50.0,50.0,50.0,0.0,50.0,0.0,50.0,46.9,48.8,50.0,49.1,37.5,22.5,91.9,45.5,52.8,0.728,38.4,,,,,,,
2026_01_NYJ_TEN,2026,1,NYJ,00-0038120,Breece Hall,,,,,,,,,,,,,,,,,,RB,1.0,[],TEN,outdoors,,,,,,,,,,,,,,,,,,,,,,,,,,,0.0,0.0,0.0,0.0,0.0,0.0,0.0,,,,,,,,,,,,,,,,,50.0,45.2,48.1,50.0,50.0,50.0,50.0,57.2,30.0,50.0,50.0,50.0,50.0,0.0,50.0,0.0,50.0,46.9,48.8,50.0,49.1,37.5,22.5,91.9,45.5,52.8,0.728,38.4,,,,,,,
2026_01_GB_MIN,2026,1,GB,00-0038124,Christian Watson,,,,,,,,,,,,,,,,,,WR,1.0,[],MIN,dome,,,,,,,,,,,,,,,,,,,,,,,,,,,0.0,0.0,0.0,0.0,0.0,0.0,0.0,,,,,,,,,,,,,,,,,50.0,45.2,48.1,50.0,50.0,50.0,50.0,57.2,30.0,50.0,50.0,50.0,50.0,0.0,50.0,0.0,50.0,46.9,48.8,100.0,64.1,50.0,26.7,85.9,47.9,57.1,0.74,42.2,,,,,,,
2026_01_TB_CIN,2026,1,TB,00-0038129,Cade Otton,,,,,,,,,,,,,,,,,,TE,1.0,[],CIN,outdoors,,,,,,,,,,,,,,,,,,,,,,,,,,,0.0,0.0,0.0,0.0,0.0,0.0,0.0,,,,,,,,,,,,,,,,,50.0,45.2,48.1,50.0,50.0,50.0,50.0,57.2,30.0,50.0,50.0,50.0,50.0,0.0,50.0,0.0,50.0,46.9,48.8,50.0,49.1,37.5,22.5,91.9,45.5,52.8,0.728,38.4,,,,,,,
2026_01_DEN_KC,2026,1,KC,00-0038134,Kenneth Walker III,,,,,,,,,,,,,,,,,,RB,1.0,[],DEN,outdoors,,,,,,,,,,,,,,,,,,,,,,,,,,,0.0,0.0,0.0,0.0,0.0,0.0,0.0,,,,,,,,,,,,,,,,,50.0,45.2,48.1,50.0,50.0,50.0,50.0,57.2,30.0,50.0,50.0,50.0,50.0,0.0,50.0,0.0,50.0,46.9,48.8,50.0,49.1,37.5,22.5,91.9,45.5,52.8,0.728,38.4,,,,,,,
2026_01_SF_LA,2026,1,LA,00-0038359,Xavier Smith,,,,,,,,,,,,,,,,,,WR,4.0,[],SF,dome,,,,,,,,,,,,,,,,,,,,,,,,,,,0.0,0.0,0.0,0.0,0.0,0.0,0.0,,,,,,,,,,,,,,,,,50.0,45.2,48.1,50.0,50.0,50.0,50.0,57.2,30.0,50.0,50.0,50.0,50.0,0.0,50.0,0.0,50.0,46.9,48.8,100.0,64.1,50.0,26.7,85.9,47.9,57.1,0.74,42.2,,,,,,,
2026_01_DAL_NYG,2026,1,DAL,00-0038389,Israel Abanikanda,,,,,,,,,,,,,,,,,,RB,5.0,[],NYG,outdoors,,,,,,,,,,,,,,,,,,,,,,,,,,,0.0,0.0,0.0,0.0,0.0,0.0,0.0,,,,,,,,,,,,,,,,,50.0,45.2,48.1,50.0,50.0,50.0,50.0,57.2,30.0,50.0,50.0,50.0,50.0,0.0,50.0,0.0,50.0,46.9,48.8,50.0,49.1,37.5,22.5,91.9,45.5,52.8,0.728,38.4,,,,,,,
2026_01_WAS_PHI,2026,1,PHI,00-0038393,Dontayvion Wicks,,,,,,,,,,,,,,,,,,WR,2.0,[],WAS,outdoors,,,,,,,,,,,,,,,,,,,,,,,,,,,0.0,0.0,0.0,0.0,0.0,0.0,0.0,,,,,,,,,,,,,,,,,50.0,45.2,48.1,50.0,50.0,50.0,50.0,57.2,30.0,50.0,50.0,50.0,50.0,0.0,50.0,0.0,50.0,46.9,48.8,50.0,49.1,37.5,22.5,91.9,45.5,52.8,0.728,38.4,,,,,,,
2026_01_BAL_IND,2026,1,IND,00-0038394,Will Mallory,,,,,,,,,,,,,,,,,,TE,4.0,[],BAL,,,,,,,,,,,,,,,,,,,,,,,,,,,,0.0,0.0,0.0,0.0,0.0,0.0,0.0,,,,,,,,,,,,,,,,,50.0,45.2,48.1,50.0,50.0,50.0,50.0,57.2,30.0,50.0,50.0,50.0,50.0,0.0,50.0,0.0,50.0,46.9,48.8,50.0,49.1,37.5,22.5,91.9,45.5,52.8,0.728,38.4,,,,,,,
2026_01_DAL_NYG,2026,1,NYG,00-0038396,Eric Gray,,,,,,,,,,,,,,,,,,RB,4.0,[],DAL,outdoors,,,,,,,,,,,,,,,,,,,,,,,,,,,0.0,0.0,0.0,0.0,0.0,0.0,0.0,,,,,,,,,,,,,,,,,50.0,45.2,48.1,50.0,50.0,50.0,50.0,57.2,30.0,50.0,50.0,50.0,50.0,0.0,50.0,0.0,50.0,46.9,48.8,50.0,49.1,37.5,22.5,91.9,45.5,52.8,0.728,38.4,,,,,,,
2026_01_BUF_HOU,2026,1,HOU,00-0038397,Evan Hull,,,,,,,,,,,,,,,,,,RB,6.0,[],BUF,,,,,,,,,,,,,,,,,,,,,,,,,,,,0.0,0.0,0.0,0.0,0.0,0.0,0.0,,,,,,,,,,,,,,,,,50.0,45.2,48.1,50.0,50.0,50.0,50.0,57.2,30.0,50.0,50.0,50.0,50.0,0.0,50.0,0.0,50.0,46.9,48.8,50.0,49.1,37.5,22.5,91.9,45.5,52.8,0.728,38.4,,,,,,,
2026_01_ATL_PIT,2026,1,PIT,00-0038409,Lew Nichols III,,,,,,,,,,,,,,,,,,RB,5.0,[],ATL,outdoors,,,,,,,,,,,,,,,,,,,,,,,,,,,0.0,0.0,0.0,0.0,0.0,0.0,0.0,,,,,,,,,,,,,,,,,50.0,45.2,48.1,50.0,50.0,50.0,50.0,57.2,30.0,50.0,50.0,50.0,50.0,0.0,50.0,0.0,50.0,46.9,48.8,50.0,49.1,37.5,22.5,91.9,45.5,52.8,0.728,38.4,,,,,,,
2026_01_GB_MIN,2026,1,MIN,00-0038440,Zavier Scott,,,,,,,,,,,,,,,,,,RB,4.0,[],GB,dome,,,,,,,,,,,,,,,,,,,,,,,,,,,0.0,0.0,0.0,0.0,0.0,0.0,0.0,,,,,,,,,,,,,,,,,50.0,45.2,48.1,50.0,50.0,50.0,50.0,57.2,30.0,50.0,50.0,50.0,50.0,0.0,50.0,0.0,50.0,46.9,48.8,100.0,64.1,50.0,26.7,85.9,47.9,57.1,0.74,42.2,,,,,,,
2026_01_ARI_LAC,2026,1,LAC,00-0038454,Keaton Mitchell,,,,,,,,,,,,,,,,,,RB,2.0,[],ARI,dome,,,,,,,,,,,,,,,,,,,,,,,,,,,0.0,0.0,0.0,0.0,0.0,0.0,0.0,,,,,,,,,,,,,,,,,50.0,45.2,48.1,50.0,50.0,50.0,50.0,57.2,30.0,50.0,50.0,50.0,50.0,0.0,50.0,0.0,50.0,46.9,48.8,100.0,64.1,50.0,26.7,85.9,47.9,57.1,0.74,42.2,,,,,,,
2026_01_NE_SEA,2026,1,SEA,00-0038488,Brady Russell,,,,,,,,,,,,,,,,,,RB,,[],NE,outdoors,,,,,,,,,,,,,,,,,,,,,,,,,,,0.0,0.0,0.0,0.0,0.0,0.0,0.0,,,,,,,,,,,,,,,,,50.0,45.2,48.1,50.0,50.0,50.0,50.0,57.2,30.0,50.0,50.0,50.0,50.0,0.0,50.0,0.0,50.0,46.9,48.8,50.0,49.1,37.5,22.5,91.9,45.5,52.8,0.728,38.4,,,,,,,
2026_01_BUF_HOU,2026,1,BUF,00-0038489,Ben VanSumeren,,,,,,,,,,,,,,,,,,RB,,[],HOU,,,,,,,,,,,,,,,,,,,,,,,,,,,,0.0,0.0,0.0,0.0,0.0,0.0,0.0,,,,,,,,,,,,,,,,,50.0,45.2,48.1,50.0,50.0,50.0,50.0,57.2,30.0,50.0,50.0,50.0,50.0,0.0,50.0,0.0,50.0,46.9,48.8,50.0,49.1,37.5,22.5,91.9,45.5,52.8,0.728,38.4,,,,,,,
2026_01_DEN_KC,2026,1,KC,00-0038492,Jason Brownlee,,,,,,,,,,,,,,,,,,WR,8.0,[],DEN,outdoors,,,,,,,,,,,,,,,,,,,,,,,,,,,0.0,0.0,0.0,0.0,0.0,0.0,0.0,,,,,,,,,,,,,,,,,50.0,45.2,48.1,50.0,50.0,50.0,50.0,57.2,30.0,50.0,50.0,50.0,50.0,0.0,50.0,0.0,50.0,46.9,48.8,50.0,49.1,37.5,22.5,91.9,45.5,52.8,0.728,38.4,,,,,,,
2026_01_DAL_NYG,2026,1,NYG,00-0038496,Xavier Gipson,,,,,,,,,,,,,,,,,,WR,12.0,[],DAL,outdoors,,,,,,,,,,,,,,,,,,,,,,,,,,,0.0,0.0,0.0,0.0,0.0,0.0,0.0,,,,,,,,,,,,,,,,,50.0,45.2,48.1,50.0,50.0,50.0,50.0,57.2,30.0,50.0,50.0,50.0,50.0,0.0,50.0,0.0,50.0,46.9,48.8,50.0,49.1,37.5,22.5,91.9,45.5,52.8,0.728,38.4,,,,,,,
2026_01_WAS_PHI,2026,1,PHI,00-0038498,E.J. Jenkins,,,,,,,,,,,,,,,,,,TE,6.0,[],WAS,outdoors,,,,,,,,,,,,,,,,,,,,,,,,,,,0.0,0.0,0.0,0.0,0.0,0.0,0.0,,,,,,,,,,,,,,,,,50.0,45.2,48.1,50.0,50.0,50.0,50.0,57.2,30.0,50.0,50.0,50.0,50.0,0.0,50.0,0.0,50.0,46.9,48.8,50.0,49.1,37.5,22.5,91.9,45.5,52.8,0.728,38.4,,,,,,,
2026_01_DEN_KC,2026,1,KC,00-0038519,Nikko Remigio,,,,,,,,,,,,,,,,,,WR,7.0,[],DEN,outdoors,,,,,,,,,,,,,,,,,,,,,,,,,,,0.0,0.0,0.0,0.0,0.0,0.0,0.0,,,,,,,,,,,,,,,,,50.0,45.2,48.1,50.0,50.0,50.0,50.0,57.2,30.0,50.0,50.0,50.0,50.0,0.0,50.0,0.0,50.0,46.9,48.8,50.0,49.1,37.5,22.5,91.9,45.5,52.8,0.728,38.4,,,,,,,
2026_01_ATL_PIT,2026,1,ATL,00-0038542,Bijan Robinson,,,,,,,,,,,,,,,,,,RB,1.0,[],PIT,outdoors,,,,,,,,,,,,,,,,,,,,,,,,,,,0.0,0.0,0.0,0.0,0.0,0.0,0.0,,,,,,,,,,,,,,,,,50.0,45.2,48.1,50.0,50.0,50.0,50.0,57.2,30.0,50.0,50.0,50.0,50.0,0.0,50.0,0.0,50.0,46.9,48.8,50.0,49.1,37.5,22.5,91.9,45.5,52.8,0.728,38.4,,,,,,,
2026_01_NE_SEA,2026,1,SEA,00-0038543,Jaxon Smith-Njigba,,,,,,,,,,,,,,,,,,WR,1.0,[],NE,outdoors,,,,,,,,,,,,,,,,,,,,,,,,,,,0.0,0.0,0.0,0.0,0.0,0.0,0.0,,,,,,,,,,,,,,,,,50.0,45.2,48.1,50.0,50.0,50.0,50.0,57.2,30.0,50.0,50.0,50.0,50.0,0.0,50.0,0.0,50.0,46.9,48.8,50.0,49.1,37.5,22.5,54.1,34.9,62.2,0.674,42.0,1.0,-105.0,DraftKings,0.5121951219512195,-105.0,95.0,100.0
2026_01_ARI_LAC,2026,1,LAC,00-0038544,Quentin Johnston,,,,,,,,,,,,,,,,,,WR,2.0,[],ARI,dome,,,,,,,,,,,,,,,,,,,,,,,,,,,0.0,0.0,0.0,0.0,0.0,0.0,0.0,,,,,,,,,,,,,,,,,50.0,45.2,48.1,50.0,50.0,50.0,50.0,57.2,30.0,50.0,50.0,50.0,50.0,0.0,50.0,0.0,50.0,46.9,48.8,100.0,64.1,50.0,26.7,85.9,47.9,57.1,0.74,42.2,,,,,,,
2026_01_DAL_NYG,2026,1,DAL,00-0038547,Luke Schoonmaker,,,,,,,,,,,,,,,,,,TE,3.0,[],NYG,outdoors,,,,,,,,,,,,,,,,,,,,,,,,,,,0.0,0.0,0.0,0.0,0.0,0.0,0.0,,,,,,,,,,,,,,,,,50.0,45.2,48.1,50.0,50.0,50.0,50.0,57.2,30.0,50.0,50.0,50.0,50.0,0.0,50.0,0.0,50.0,46.9,48.8,50.0,49.1,37.5,22.5,91.9,45.5,52.8,0.728,38.4,,,,,,,
2026_01_NO_DET,2026,1,NO,00-0038551,Kendre Miller,,,,,,,,,,,,,,,,,,RB,4.0,[],DET,dome,,,,,,,,,,,,,,,,,,,,,,,,,,,0.0,0.0,0.0,0.0,0.0,0.0,0.0,,,,,,,,,,,,,,,,,50.0,45.2,48.1,50.0,50.0,50.0,50.0,57.2,30.0,50.0,50.0,50.0,50.0,0.0,50.0,0.0,50.0,46.9,48.8,100.0,64.1,50.0,26.7,85.9,47.9,57.1,0.74,42.2,,,,,,,
2026_01_WAS_PHI,2026,1,PHI,00-0038555,Tank Bigsby,,,,,,,,,,,,,,,,,,RB,2.0,[],WAS,outdoors,,,,,,,,,,,,,,,,,,,,,,,,,,,0.0,0.0,0.0,0.0,0.0,0.0,0.0,,,,,,,,,,,,,,,,,50.0,45.2,48.1,50.0,50.0,50.0,50.0,57.2,30.0,50.0,50.0,50.0,50.0,0.0,50.0,0.0,50.0,46.9,48.8,50.0,49.1,37.5,22.5,91.9,45.5,52.8,0.728,38.4,,,,,,,
2026_01_ATL_PIT,2026,1,PIT,00-0038558,Darnell Washington,,,,,,,,,,,,,,,,,,TE,2.0,[],ATL,outdoors,,,,,,,,,,,,,,,,,,,,,,,,,,,0.0,0.0,0.0,0.0,0.0,0.0,0.0,,,,,,,,,,,,,,,,,50.0,45.2,48.1,50.0,50.0,50.0,50.0,57.2,30.0,50.0,50.0,50.0,50.0,0.0,50.0,0.0,50.0,46.9,48.8,50.0,49.1,37.5,22.5,91.9,45.5,52.8,0.728,38.4,,,,,,,
2026_01_MIA_LV,2026,1,LV,00-0038563,Tre Tucker,,,,,,,,,,,,,,,,,,WR,1.0,[],MIA,dome,,,,,,,,,,,,,,,,,,,,,,,,,,,0.0,0.0,0.0,0.0,0.0,0.0,0.0,,,,,,,,,,,,,,,,,50.0,45.2,48.1,50.0,50.0,50.0,50.0,57.2,30.0,50.0,50.0,50.0,50.0,0.0,50.0,0.0,50.0,46.9,48.8,100.0,64.1,50.0,26.7,85.9,47.9,57.1,0.74,42.2,,,,,,,
2026_01_WAS_PHI,2026,1,PHI,00-0038564,Cameron Latu,,,,,,,,,,,,,,,,,,TE,5.0,[],WAS,outdoors,,,,,,,,,,,,,,,,,,,,,,,,,,,0.0,0.0,0.0,0.0,0.0,0.0,0.0,,,,,,,,,,,,,,,,,50.0,45.2,48.1,50.0,50.0,50.0,50.0,57.2,30.0,50.0,50.0,50.0,50.0,0.0,50.0,0.0,50.0,46.9,48.8,50.0,49.1,37.5,22.5,91.9,45.5,52.8,0.728,38.4,,,,,,,
2026_01_ARI_LAC,2026,1,LAC,00-0038573,Derius Davis,,,,,,,,,,,,,,,,,,WR,6.0,[],ARI,dome,,,,,,,,,,,,,,,,,,,,,,,,,,,0.0,0.0,0.0,0.0,0.0,0.0,0.0,,,,,,,,,,,,,,,,,50.0,45.2,48.1,50.0,50.0,50.0,50.0,57.2,30.0,50.0,50.0,50.0,50.0,0.0,50.0,0.0,50.0,46.9,48.8,100.0,64.1,50.0,26.7,85.9,47.9,57.1,0.74,42.2,,,,,,,
2026_01_TB_CIN,2026,1,CIN,00-0038576,Charlie Jones,,,,,,,,,,,,,,,,,,WR,6.0,[],TB,outdoors,,,,,,,,,,,,,,,,,,,,,,,,,,,0.0,0.0,0.0,0.0,0.0,0.0,0.0,,,,,,,,,,,,,,,,,50.0,45.2,48.1,50.0,50.0,50.0,50.0,57.2,30.0,50.0,50.0,50.0,50.0,0.0,50.0,0.0,50.0,46.9,48.8,50.0,49.1,37.5,22.5,91.9,45.5,52.8,0.728,38.4,,,,,,,
2026_01_GB_MIN,2026,1,GB,00-0038589,Josh Whyle,,,,,,,,,,,,,,,,,,TE,3.0,[],MIN,dome,,,,,,,,,,,,,,,,,,,,,,,,,,,0.0,0.0,0.0,0.0,0.0,0.0,0.0,,,,,,,,,,,,,,,,,50.0,45.2,48.1,50.0,50.0,50.0,50.0,57.2,30.0,50.0,50.0,50.0,50.0,0.0,50.0,0.0,50.0,46.9,48.8,100.0,64.1,50.0,26.7,85.9,47.9,57.1,0.74,42.2,,,,,,,
2026_01_MIA_LV,2026,1,LV,00-0038590,Justin Shorter,,,,,,,,,,,,,,,,,,WR,14.0,[],MIA,dome,,,,,,,,,,,,,,,,,,,,,,,,,,,0.0,0.0,0.0,0.0,0.0,0.0,0.0,,,,,,,,,,,,,,,,,50.0,45.2,48.1,50.0,50.0,50.0,50.0,57.2,30.0,50.0,50.0,50.0,50.0,0.0,50.0,0.0,50.0,46.9,48.8,100.0,64.1,50.0,26.7,85.9,47.9,57.1,0.74,42.2,,,,,,,
2026_01_TB_CIN,2026,1,CIN,00-0038597,Chase Brown,,,,,,,,,,,,,,,,,,RB,1.0,[],TB,outdoors,,,,,,,,,,,,,,,,,,,,,,,,,,,0.0,0.0,0.0,0.0,0.0,0.0,0.0,,,,,,,,,,,,,,,,,50.0,45.2,48.1,50.0,50.0,50.0,50.0,57.2,30.0,50.0,50.0,50.0,50.0,0.0,50.0,0.0,50.0,46.9,48.8,50.0,49.1,37.5,22.5,91.9,45.5,52.8,0.728,38.4,,,,,,,
2026_01_CLE_JAX,2026,1,JAX,00-0038606,Parker Washington,,,,,,,,,,,,,,,,,,WR,2.0,[],CLE,outdoors,,,,,,,,,,,,,,,,,,,,,,,,,,,0.0,0.0,0.0,0.0,0.0,0.0,0.0,,,,,,,,,,,,,,,,,50.0,45.2,48.1,50.0,50.0,50.0,50.0,57.2,30.0,50.0,50.0,50.0,50.0,0.0,50.0,0.0,50.0,46.9,48.8,50.0,49.1,37.5,22.5,91.9,45.5,52.8,0.728,38.4,,,,,,,
2026_01_NE_SEA,2026,1,NE,00-0038608,Kayshon Boutte,,,,,,,,,,,,,,,,,,WR,4.0,[],SEA,outdoors,,,,,,,,,,,,,,,,,,,,,,,,,,,0.0,0.0,0.0,0.0,0.0,0.0,0.0,,,,,,,,,,,,,,,,,50.0,45.2,48.1,50.0,50.0,50.0,50.0,57.2,30.0,50.0,50.0,50.0,50.0,0.0,50.0,0.0,50.0,46.9,48.8,50.0,49.1,37.5,22.5,57.8,36.1,44.4,0.68,30.2,1.0,550.0,DraftKings,0.15384615384615385,550.0,15.0,100.0
2026_01_CLE_JAX,2026,1,JAX,00-0038611,Chris Rodriguez Jr.,,,,,,,,,,,,,,,,,,RB,2.0,[],CLE,outdoors,,,,,,,,,,,,,,,,,,,,,,,,,,,0.0,0.0,0.0,0.0,0.0,0.0,0.0,,,,,,,,,,,,,,,,,50.0,45.2,48.1,50.0,50.0,50.0,50.0,57.2,30.0,50.0,50.0,50.0,50.0,0.0,50.0,0.0,50.0,46.9,48.8,50.0,49.1,37.5,22.5,91.9,45.5,52.8,0.728,38.4,,,,,,,
2026_01_ATL_PIT,2026,1,PIT,00-0038612,A.T. Perry,,,,,,,,,,,,,,,,,,WR,7.0,[],ATL,outdoors,,,,,,,,,,,,,,,,,,,,,,,,,,,0.0,0.0,0.0,0.0,0.0,0.0,0.0,,,,,,,,,,,,,,,,,50.0,45.2,48.1,50.0,50.0,50.0,50.0,57.2,30.0,50.0,50.0,50.0,50.0,0.0,50.0,0.0,50.0,46.9,48.8,50.0,49.1,37.5,22.5,91.9,45.5,52.8,0.728,38.4,,,,,,,
2026_01_ARI_LAC,2026,1,LAC,00-0038614,Scott Matlock,,,,,,,,,,,,,,,,,,RB,,[],ARI,dome,,,,,,,,,,,,,,,,,,,,,,,,,,,0.0,0.0,0.0,0.0,0.0,0.0,0.0,,,,,,,,,,,,,,,,,50.0,45.2,48.1,50.0,50.0,50.0,50.0,57.2,30.0,50.0,50.0,50.0,50.0,0.0,50.0,0.0,50.0,46.9,48.8,100.0,64.1,50.0,26.7,85.9,47.9,57.1,0.74,42.2,,,,,,,
2026_01_BUF_HOU,2026,1,HOU,00-0038618,Xavier Hutchinson,,,,,,,,,,,,,,,,,,WR,3.0,[],BUF,,,,,,,,,,,,,,,,,,,,,,,,,,,,0.0,0.0,0.0,0.0,0.0,0.0,0.0,,,,,,,,,,,,,,,,,50.0,45.2,48.1,50.0,50.0,50.0,50.0,57.2,30.0,50.0,50.0,50.0,50.0,0.0,50.0,0.0,50.0,46.9,48.8,50.0,49.1,37.5,22.5,91.9,45.5,52.8,0.728,38.4,,,,,,,
2026_01_TB_CIN,2026,1,CIN,00-0038619,Andrei Iosivas,,,,,,,,,,,,,,,,,,WR,3.0,[],TB,outdoors,,,,,,,,,,,,,,,,,,,,,,,,,,,0.0,0.0,0.0,0.0,0.0,0.0,0.0,,,,,,,,,,,,,,,,,50.0,45.2,48.1,50.0,50.0,50.0,50.0,57.2,30.0,50.0,50.0,50.0,50.0,0.0,50.0,0.0,50.0,46.9,48.8,50.0,49.1,37.5,22.5,91.9,45.5,52.8,0.728,38.4,,,,,,,
2026_01_NE_SEA,2026,1,NE,00-0038621,DeMario Douglas,,,,,,,,,,,,,,,,,,WR,3.0,[],SEA,outdoors,,,,,,,,,,,,,,,,,,,,,,,,,,,0.0,0.0,0.0,0.0,0.0,0.0,0.0,,,,,,,,,,,,,,,,,50.0,45.2,48.1,50.0,50.0,50.0,50.0,57.2,30.0,50.0,50.0,50.0,50.0,0.0,50.0,0.0,50.0,46.9,48.8,50.0,49.1,37.5,22.5,57.8,36.1,44.4,0.68,30.2,1.0,550.0,DraftKings,0.15384615384615385,550.0,15.0,100.0
2026_01_SF_LA,2026,1,SF,00-0038632,Colton Dowell,,,,,,,,,,,,,,,,,,WR,10.0,[],LA,dome,,,,,,,,,,,,,,,,,,,,,,,,,,,0.0,0.0,0.0,0.0,0.0,0.0,0.0,,,,,,,,,,,,,,,,,50.0,45.2,48.1,50.0,50.0,50.0,50.0,57.2,30.0,50.0,50.0,50.0,50.0,0.0,50.0,0.0,50.0,46.9,48.8,100.0,64.1,50.0,26.7,85.9,47.9,57.1,0.74,42.2,,,,,,,
2026_01_NE_SEA,2026,1,SEA,00-0038636,Kenny McIntosh,,,,,,,,,,,,,,,,,,RB,5.0,[],NE,outdoors,,,,,,,,,,,,,,,,,,,,,,,,,,,0.0,0.0,0.0,0.0,0.0,0.0,0.0,,,,,,,,,,,,,,,,,50.0,45.2,48.1,50.0,50.0,50.0,50.0,57.2,30.0,50.0,50.0,50.0,50.0,0.0,50.0,0.0,50.0,46.9,48.8,50.0,49.1,37.5,22.5,91.9,45.5,52.8,0.728,38.4,,,,,,,
2026_01_SF_LA,2026,1,SF,00-0038643,Brayden Willis,,,,,,,,,,,,,,,,,,TE,4.0,[],LA,dome,,,,,,,,,,,,,,,,,,,,,,,,,,,0.0,0.0,0.0,0.0,0.0,0.0,0.0,,,,,,,,,,,,,,,,,50.0,45.2,48.1,50.0,50.0,50.0,50.0,57.2,30.0,50.0,50.0,50.0,50.0,0.0,50.0,0.0,50.0,46.9,48.8,100.0,64.1,50.0,26.7,85.9,47.9,57.1,0.74,42.2,,,,,,,
2026_01_NO_DET,2026,1,NO,00-0038647,Ronnie Bell,,,,,,,,,,,,,,,,,,WR,7.0,[],DET,dome,,,,,,,,,,,,,,,,,,,,,,,,,,,0.0,0.0,0.0,0.0,0.0,0.0,0.0,,,,,,,,,,,,,,,,,50.0,45.2,48.1,50.0,50.0,50.0,50.0,57.2,30.0,50.0,50.0,50.0,50.0,0.0,50.0,0.0,50.0,46.9,48.8,100.0,64.1,50.0,26.7,85.9,47.9,57.1,0.74,42.2,,,,,,,
2026_01_SF_LA,2026,1,SF,00-0038678,Jordan Mims,,,,,,,,,,,,,,,,,,RB,6.0,[],LA,dome,,,,,,,,,,,,,,,,,,,,,,,,,,,0.0,0.0,0.0,0.0,0.0,0.0,0.0,,,,,,,,,,,,,,,,,50.0,45.2,48.1,50.0,50.0,50.0,50.0,57.2,30.0,50.0,50.0,50.0,50.0,0.0,50.0,0.0,50.0,46.9,48.8,100.0,64.1,50.0,26.7,85.9,47.9,57.1,0.74,42.2,,,,,,,
2026_01_BUF_HOU,2026,1,BUF,00-0038679,Tyrell Shavers,,,,,,,,,,,,,,,,,,WR,7.0,[],HOU,,,,,,,,,,,,,,,,,,,,,,,,,,,,0.0,0.0,0.0,0.0,0.0,0.0,0.0,,,,,,,,,,,,,,,,,50.0,45.2,48.1,50.0,50.0,50.0,50.0,57.2,30.0,50.0,50.0,50.0,50.0,0.0,50.0,0.0,50.0,46.9,48.8,50.0,49.1,37.5,22.5,91.9,45.5,52.8,0.728,38.4,,,,,,,
2026_01_GB_MIN,2026,1,GB,00-0038685,Chris Brooks,,,,,,,,,,,,,,,,,,RB,3.0,[],MIN,dome,,,,,,,,,,,,,,,,,,,,,,,,,,,0.0,0.0,0.0,0.0,0.0,0.0,0.0,,,,,,,,,,,,,,,,,50.0,45.2,48.1,50.0,50.0,50.0,50.0,57.2,30.0,50.0,50.0,50.0,50.0,0.0,50.0,0.0,50.0,46.9,48.8,100.0,64.1,50.0,26.7,85.9,47.9,57.1,0.74,42.2,,,,,,,
2026_01_DEN_KC,2026,1,KC,00-0038705,Emari Demercado,,,,,,,,,,,,,,,,,,RB,2.0,[],DEN,outdoors,,,,,,,,,,,,,,,,,,,,,,,,,,,0.0,0.0,0.0,0.0,0.0,0.0,0.0,,,,,,,,,,,,,,,,,50.0,45.2,48.1,50.0,50.0,50.0,50.0,57.2,30.0,50.0,50.0,50.0,50.0,0.0,50.0,0.0,50.0,46.9,48.8,50.0,49.1,37.5,22.5,91.9,45.5,52.8,0.728,38.4,,,,,,,
2026_01_CLE_JAX,2026,1,CLE,00-0038710,Blake Whiteheart,,,,,,,,,,,,,,,,,,TE,2.0,[],JAX,outdoors,,,,,,,,,,,,,,,,,,,,,,,,,,,0.0,0.0,0.0,0.0,0.0,0.0,0.0,,,,,,,,,,,,,,,,,50.0,45.2,48.1,50.0,50.0,50.0,50.0,57.2,30.0,50.0,50.0,50.0,50.0,0.0,50.0,0.0,50.0,46.9,48.8,50.0,49.1,37.5,22.5,91.9,45.5,52.8,0.728,38.4,,,,,,,
2026_01_NE_SEA,2026,1,NE,00-0038720,Julian Hill,,,,,,,,,,,,,,,,,,TE,7.0,[],SEA,outdoors,,,,,,,,,,,,,,,,,,,,,,,,,,,0.0,0.0,0.0,0.0,0.0,0.0,0.0,,,,,,,,,,,,,,,,,50.0,45.2,48.1,50.0,50.0,50.0,50.0,57.2,30.0,50.0,50.0,50.0,50.0,0.0,50.0,0.0,50.0,46.9,48.8,50.0,49.1,37.5,22.5,91.9,45.5,52.8,0.728,38.4,,,,,,,
2026_01_BUF_HOU,2026,1,HOU,00-0038728,Jared Wayne,,,,,,,,,,,,,,,,,,WR,9.0,[],BUF,,,,,,,,,,,,,,,,,,,,,,,,,,,,0.0,0.0,0.0,0.0,0.0,0.0,0.0,,,,,,,,,,,,,,,,,50.0,45.2,48.1,50.0,50.0,50.0,50.0,57.2,30.0,50.0,50.0,50.0,50.0,0.0,50.0,0.0,50.0,46.9,48.8,50.0,49.1,37.5,22.5,91.9,45.5,52.8,0.728,38.4,,,,,,,
2026_01_DAL_NYG,2026,1,DAL,00-0038735,Princeton Fant,,,,,,,,,,,,,,,,,,TE,7.0,[],NYG,outdoors,,,,,,,,,,,,,,,,,,,,,,,,,,,0.0,0.0,0.0,0.0,0.0,0.0,0.0,,,,,,,,,,,,,,,,,50.0,45.2,48.1,50.0,50.0,50.0,50.0,57.2,30.0,50.0,50.0,50.0,50.0,0.0,50.0,0.0,50.0,46.9,48.8,50.0,49.1,37.5,22.5,91.9,45.5,52.8,0.728,38.4,,,,,,,
2026_01_DAL_NYG,2026,1,DAL,00-0038738,Hunter Luepke,,,,,,,,,,,,,,,,,,RB,,[],NYG,outdoors,,,,,,,,,,,,,,,,,,,,,,,,,,,0.0,0.0,0.0,0.0,0.0,0.0,0.0,,,,,,,,,,,,,,,,,50.0,45.2,48.1,50.0,50.0,50.0,50.0,57.2,30.0,50.0,50.0,50.0,50.0,0.0,50.0,0.0,50.0,46.9,48.8,50.0,49.1,37.5,22.5,91.9,45.5,52.8,0.728,38.4,,,,,,,
2026_01_NE_SEA,2026,1,SEA,00-0038752,Jake Bobo,,,,,,,,,,,,,,,,,,WR,5.0,[],NE,outdoors,,,,,,,,,,,,,,,,,,,,,,,,,,,0.0,0.0,0.0,0.0,0.0,0.0,0.0,,,,,,,,,,,,,,,,,50.0,45.2,48.1,50.0,50.0,50.0,50.0,57.2,30.0,50.0,50.0,50.0,50.0,0.0,50.0,0.0,50.0,46.9,48.8,50.0,49.1,37.5,22.5,42.8,31.0,41.1,0.655,26.9,1.0,850.0,DraftKings,0.10526315789473684,850.0,0.0,100.0
2026_01_DEN_KC,2026,1,DEN,00-0038783,Nate Adkins,,,,,,,,,,,,,,,,,,TE,4.0,[],KC,outdoors,,,,,,,,,,,,,,,,,,,,,,,,,,,0.0,0.0,0.0,0.0,0.0,0.0,0.0,,,,,,,,,,,,,,,,,50.0,45.2,48.1,50.0,50.0,50.0,50.0,57.2,30.0,50.0,50.0,50.0,50.0,0.0,50.0,0.0,50.0,46.9,48.8,50.0,49.1,37.5,22.5,91.9,45.5,52.8,0.728,38.4,,,,,,,
2026_01_DEN_KC,2026,1,DEN,00-0038794,Jaleel McLaughlin,,,,,,,,,,,,,,,,,,RB,5.0,[],KC,outdoors,,,,,,,,,,,,,,,,,,,,,,,,,,,0.0,0.0,0.0,0.0,0.0,0.0,0.0,,,,,,,,,,,,,,,,,50.0,45.2,48.1,50.0,50.0,50.0,50.0,57.2,30.0,50.0,50.0,50.0,50.0,0.0,50.0,0.0,50.0,46.9,48.8,50.0,49.1,37.5,22.5,91.9,45.5,52.8,0.728,38.4,,,,,,,
2026_01_NE_SEA,2026,1,SEA,00-0038797,Emanuel Wilson,,,,,,,,,,,,,,,,,,RB,4.0,[],NE,outdoors,,,,,,,,,,,,,,,,,,,,,,,,,,,0.0,0.0,0.0,0.0,0.0,0.0,0.0,,,,,,,,,,,,,,,,,50.0,45.2,48.1,50.0,50.0,50.0,50.0,57.2,30.0,50.0,50.0,50.0,50.0,0.0,50.0,0.0,50.0,46.9,48.8,50.0,49.1,37.5,22.5,79.1,42.2,56.6,0.711,40.3,1.0,225.0,DraftKings,0.3076923076923077,225.0,70.0,100.0
2026_01_MIA_LV,2026,1,MIA,00-0038809,Ben Sims,,,,,,,,,,,,,,,,,,TE,4.0,[],LV,dome,,,,,,,,,,,,,,,,,,,,,,,,,,,0.0,0.0,0.0,0.0,0.0,0.0,0.0,,,,,,,,,,,,,,,,,50.0,45.2,48.1,50.0,50.0,50.0,50.0,57.2,30.0,50.0,50.0,50.0,50.0,0.0,50.0,0.0,50.0,46.9,48.8,100.0,64.1,50.0,26.7,85.9,47.9,57.1,0.74,42.2,,,,,,,
2026_01_DAL_NYG,2026,1,NYG,00-0038824,Ryan Miller,,,,,,,,,,,,,,,,,,WR,13.0,[],DAL,outdoors,,,,,,,,,,,,,,,,,,,,,,,,,,,0.0,0.0,0.0,0.0,0.0,0.0,0.0,,,,,,,,,,,,,,,,,50.0,45.2,48.1,50.0,50.0,50.0,50.0,57.2,30.0,50.0,50.0,50.0,50.0,0.0,50.0,0.0,50.0,46.9,48.8,50.0,49.1,37.5,22.5,91.9,45.5,52.8,0.728,38.4,,,,,,,
2026_01_TB_CIN,2026,1,CIN,00-0038839,Mitchell Tinsley,,,,,,,,,,,,,,,,,,WR,5.0,[],TB,outdoors,,,,,,,,,,,,,,,,,,,,,,,,,,,0.0,0.0,0.0,0.0,0.0,0.0,0.0,,,,,,,,,,,,,,,,,50.0,45.2,48.1,50.0,50.0,50.0,50.0,57.2,30.0,50.0,50.0,50.0,50.0,0.0,50.0,0.0,50.0,46.9,48.8,50.0,49.1,37.5,22.5,91.9,45.5,52.8,0.728,38.4,,,,,,,
2026_01_CHI_CAR,2026,1,CAR,00-0038840,Brycen Tremayne,,,,,,,,,,,,,,,,,,WR,7.0,[],CHI,outdoors,,,,,,,,,,,,,,,,,,,,,,,,,,,0.0,0.0,0.0,0.0,0.0,0.0,0.0,,,,,,,,,,,,,,,,,50.0,45.2,48.1,50.0,50.0,50.0,50.0,57.2,30.0,50.0,50.0,50.0,50.0,0.0,50.0,0.0,50.0,46.9,48.8,50.0,49.1,37.5,22.5,91.9,45.5,52.8,0.728,38.4,,,,,,,
2026_01_MIA_LV,2026,1,LV,00-0038891,Shedrick Jackson,,,,,,,,,,,,,,,,,,WR,8.0,[],MIA,dome,,,,,,,,,,,,,,,,,,,,,,,,,,,0.0,0.0,0.0,0.0,0.0,0.0,0.0,,,,,,,,,,,,,,,,,50.0,45.2,48.1,50.0,50.0,50.0,50.0,57.2,30.0,50.0,50.0,50.0,50.0,0.0,50.0,0.0,50.0,46.9,48.8,100.0,64.1,50.0,26.7,85.9,47.9,57.1,0.74,42.2,,,,,,,
2026_01_NO_DET,2026,1,DET,00-0038896,Jacob Saylors,,,,,,,,,,,,,,,,,,RB,4.0,[],NO,dome,,,,,,,,,,,,,,,,,,,,,,,,,,,0.0,0.0,0.0,0.0,0.0,0.0,0.0,,,,,,,,,,,,,,,,,50.0,45.2,48.1,50.0,50.0,50.0,50.0,57.2,30.0,50.0,50.0,50.0,50.0,0.0,50.0,0.0,50.0,46.9,48.8,100.0,64.1,50.0,26.7,85.9,47.9,57.1,0.74,42.2,,,,,,,
2026_01_NO_DET,2026,1,DET,00-0038911,Malik Cunningham,,,,,,,,,,,,,,,,,,WR,8.0,[],NO,dome,,,,,,,,,,,,,,,,,,,,,,,,,,,0.0,0.0,0.0,0.0,0.0,0.0,0.0,,,,,,,,,,,,,,,,,50.0,45.2,48.1,50.0,50.0,50.0,50.0,57.2,30.0,50.0,50.0,50.0,50.0,0.0,50.0,0.0,50.0,46.9,48.8,100.0,64.1,50.0,26.7,85.9,47.9,57.1,0.74,42.2,,,,,,,
2026_01_MIA_LV,2026,1,MIA,00-0038930,Carlos Washington,,,,,,,,,,,,,,,,,,RB,5.0,[],LV,dome,,,,,,,,,,,,,,,,,,,,,,,,,,,0.0,0.0,0.0,0.0,0.0,0.0,0.0,,,,,,,,,,,,,,,,,50.0,45.2,48.1,50.0,50.0,50.0,50.0,57.2,30.0,50.0,50.0,50.0,50.0,0.0,50.0,0.0,50.0,46.9,48.8,100.0,64.1,50.0,26.7,85.9,47.9,57.1,0.74,42.2,,,,,,,
2026_01_BUF_HOU,2026,1,BUF,00-0038933,Dalton Kincaid,,,,,,,,,,,,,,,,,,TE,1.0,[],HOU,,,,,,,,,,,,,,,,,,,,,,,,,,,,0.0,0.0,0.0,0.0,0.0,0.0,0.0,,,,,,,,,,,,,,,,,50.0,45.2,48.1,50.0,50.0,50.0,50.0,57.2,30.0,50.0,50.0,50.0,50.0,0.0,50.0,0.0,50.0,46.9,48.8,50.0,49.1,37.5,22.5,91.9,45.5,52.8,0.728,38.4,,,,,,,
2026_01_CLE_JAX,2026,1,JAX,00-0038935,Brenton Strange,,,,,,,,,,,,,,,,,,TE,1.0,[],CLE,outdoors,,,,,,,,,,,,,,,,,,,,,,,,,,,0.0,0.0,0.0,0.0,0.0,0.0,0.0,,,,,,,,,,,,,,,,,50.0,45.2,48.1,50.0,50.0,50.0,50.0,57.2,30.0,50.0,50.0,50.0,50.0,0.0,50.0,0.0,50.0,46.9,48.8,50.0,49.1,37.5,22.5,91.9,45.5,52.8,0.728,38.4,,,,,,,
2026_01_DAL_NYG,2026,1,NYG,00-0038938,Jalin Hyatt,,,,,,,,,,,,,,,,,,WR,10.0,[],DAL,outdoors,,,,,,,,,,,,,,,,,,,,,,,,,,,0.0,0.0,0.0,0.0,0.0,0.0,0.0,,,,,,,,,,,,,,,,,50.0,45.2,48.1,50.0,50.0,50.0,50.0,57.2,30.0,50.0,50.0,50.0,50.0,0.0,50.0,0.0,50.0,46.9,48.8,50.0,49.1,37.5,22.5,91.9,45.5,52.8,0.728,38.4,,,,,,,
2026_01_SF_LA,2026,1,LA,00-0038941,Tyler Scott,,,,,,,,,,,,,,,,,,WR,7.0,[],SF,dome,,,,,,,,,,,,,,,,,,,,,,,,,,,0.0,0.0,0.0,0.0,0.0,0.0,0.0,,,,,,,,,,,,,,,,,50.0,45.2,48.1,50.0,50.0,50.0,50.0,57.2,30.0,50.0,50.0,50.0,50.0,0.0,50.0,0.0,50.0,46.9,48.8,100.0,64.1,50.0,26.7,85.9,47.9,57.1,0.74,42.2,,,,,,,
2026_01_TB_CIN,2026,1,TB,00-0038951,Sean Tucker,,,,,,,,,,,,,,,,,,RB,3.0,[],CIN,outdoors,,,,,,,,,,,,,,,,,,,,,,,,,,,0.0,0.0,0.0,0.0,0.0,0.0,0.0,,,,,,,,,,,,,,,,,50.0,45.2,48.1,50.0,50.0,50.0,50.0,57.2,30.0,50.0,50.0,50.0,50.0,0.0,50.0,0.0,50.0,46.9,48.8,50.0,49.1,37.5,22.5,91.9,45.5,52.8,0.728,38.4,,,,,,,
2026_01_ATL_PIT,2026,1,ATL,00-0038953,Dylan Drummond,,,,,,,,,,,,,,,,,,WR,5.0,[],PIT,outdoors,,,,,,,,,,,,,,,,,,,,,,,,,,,0.0,0.0,0.0,0.0,0.0,0.0,0.0,,,,,,,,,,,,,,,,,50.0,45.2,48.1,50.0,50.0,50.0,50.0,57.2,30.0,50.0,50.0,50.0,50.0,0.0,50.0,0.0,50.0,46.9,48.8,50.0,49.1,37.5,22.5,91.9,45.5,52.8,0.728,38.4,,,,,,,
2026_01_DEN_KC,2026,1,DEN,00-0038976,Marvin Mims Jr.,,,,,,,,,,,,,,,,,,WR,4.0,[],KC,outdoors,,,,,,,,,,,,,,,,,,,,,,,,,,,0.0,0.0,0.0,0.0,0.0,0.0,0.0,,,,,,,,,,,,,,,,,50.0,45.2,48.1,50.0,50.0,50.0,50.0,57.2,30.0,50.0,50.0,50.0,50.0,0.0,50.0,0.0,50.0,46.9,48.8,50.0,49.1,37.5,22.5,91.9,45.5,52.8,0.728,38.4,,,,,,,
2026_01_BUF_HOU,2026,1,HOU,00-0038977,Tank Dell,,,,,,,,,,,,,,,,,,WR,5.0,[],BUF,,,,,,,,,,,,,,,,,,,,,,,,,,,,0.0,0.0,0.0,0.0,0.0,0.0,0.0,,,,,,,,,,,,,,,,,50.0,45.2,48.1,50.0,50.0,50.0,50.0,57.2,30.0,50.0,50.0,50.0,50.0,0.0,50.0,0.0,50.0,46.9,48.8,50.0,49.1,37.5,22.5,91.9,45.5,52.8,0.728,38.4,,,,,,,
2026_01_CLE_JAX,2026,1,CLE,00-0038979,Cedric Tillman,,,,,,,,,,,,,,,,,,WR,4.0,[],JAX,outdoors,,,,,,,,,,,,,,,,,,,,,,,,,,,0.0,0.0,0.0,0.0,0.0,0.0,0.0,,,,,,,,,,,,,,,,,50.0,45.2,48.1,50.0,50.0,50.0,50.0,57.2,30.0,50.0,50.0,50.0,50.0,0.0,50.0,0.0,50.0,46.9,48.8,50.0,49.1,37.5,22.5,91.9,45.5,52.8,0.728,38.4,,,,,,,
2026_01_GB_MIN,2026,1,MIN,00-0038994,Jordan Addison,,,,,,,,,,,,,,,,,,WR,2.0,[],GB,dome,,,,,,,,,,,,,,,,,,,,,,,,,,,0.0,0.0,0.0,0.0,0.0,0.0,0.0,,,,,,,,,,,,,,,,,50.0,45.2,48.1,50.0,50.0,50.0,50.0,57.2,30.0,50.0,50.0,50.0,50.0,0.0,50.0,0.0,50.0,46.9,48.8,100.0,64.1,50.0,26.7,85.9,47.9,57.1,0.74,42.2,,,,,,,
2026_01_GB_MIN,2026,1,GB,00-0038996,Tucker Kraft,,,,,,,,,,,,,,,,,,TE,1.0,[],MIN,dome,,,,,,,,,,,,,,,,,,,,,,,,,,,0.0,0.0,0.0,0.0,0.0,0.0,0.0,,,,,,,,,,,,,,,,,50.0,45.2,48.1,50.0,50.0,50.0,50.0,57.2,30.0,50.0,50.0,50.0,50.0,0.0,50.0,0.0,50.0,46.9,48.8,100.0,64.1,50.0,26.7,85.9,47.9,57.1,0.74,42.2,,,,,,,
2026_01_BAL_IND,2026,1,IND,00-0038997,Josh Downs,,,,,,,,,,,,,,,,,,WR,2.0,[],BAL,,,,,,,,,,,,,,,,,,,,,,,,,,,,0.0,0.0,0.0,0.0,0.0,0.0,0.0,,,,,,,,,,,,,,,,,50.0,45.2,48.1,50.0,50.0,50.0,50.0,57.2,30.0,50.0,50.0,50.0,50.0,0.0,50.0,0.0,50.0,46.9,48.8,50.0,49.1,37.5,22.5,91.9,45.5,52.8,0.728,38.4,,,,,,,
2026_01_CHI_CAR,2026,1,CHI,00-0039021,Roschon Johnson,,,,,,,,,,,,,,,,,,RB,3.0,[],CAR,outdoors,,,,,,,,,,,,,,,,,,,,,,,,,,,0.0,0.0,0.0,0.0,0.0,0.0,0.0,,,,,,,,,,,,,,,,,50.0,45.2,48.1,50.0,50.0,50.0,50.0,57.2,30.0,50.0,50.0,50.0,50.0,0.0,50.0,0.0,50.0,46.9,48.8,50.0,49.1,37.5,22.5,91.9,45.5,52.8,0.728,38.4,,,,,,,
2026_01_NYJ_TEN,2026,1,TEN,00-0039023,Joel Wilson,,,,,,,,,,,,,,,,,,TE,5.0,[],NYJ,outdoors,,,,,,,,,,,,,,,,,,,,,,,,,,,0.0,0.0,0.0,0.0,0.0,0.0,0.0,,,,,,,,,,,,,,,,,50.0,45.2,48.1,50.0,50.0,50.0,50.0,57.2,30.0,50.0,50.0,50.0,50.0,0.0,50.0,0.0,50.0,46.9,48.8,50.0,49.1,37.5,22.5,91.9,45.5,52.8,0.728,38.4,,,,,,,
2026_01_NYJ_TEN,2026,1,TEN,00-0039032,Tyjae Spears,,,,,,,,,,,,,,,,,,RB,2.0,[],NYJ,outdoors,,,,,,,,,,,,,,,,,,,,,,,,,,,0.0,0.0,0.0,0.0,0.0,0.0,0.0,,,,,,,,,,,,,,,,,50.0,45.2,48.1,50.0,50.0,50.0,50.0,57.2,30.0,50.0,50.0,50.0,50.0,0.0,50.0,0.0,50.0,46.9,48.8,50.0,49.1,37.5,22.5,91.9,45.5,52.8,0.728,38.4,,,,,,,
2026_01_MIA_LV,2026,1,MIA,00-0039040,De'Von Achane,,,,,,,,,,,,,,,,,,RB,1.0,[],LV,dome,,,,,,,,,,,,,,,,,,,,,,,,,,,0.0,0.0,0.0,0.0,0.0,0.0,0.0,,,,,,,,,,,,,,,,,50.0,45.2,48.1,50.0,50.0,50.0,50.0,57.2,30.0,50.0,50.0,50.0,50.0,0.0,50.0,0.0,50.0,46.9,48.8,100.0,64.1,50.0,26.7,85.9,47.9,57.1,0.74,42.2,,,,,,,
2026_01_TB_CIN,2026,1,TB,00-0039050,Payne Durham,,,,,,,,,,,,,,,,,,TE,2.0,[],CIN,outdoors,,,,,,,,,,,,,,,,,,,,,,,,,,,0.0,0.0,0.0,0.0,0.0,0.0,0.0,,,,,,,,,,,,,,,,,50.0,45.2,48.1,50.0,50.0,50.0,50.0,57.2,30.0,50.0,50.0,50.0,50.0,0.0,50.0,0.0,50.0,46.9,48.8,50.0,49.1,37.5,22.5,91.9,45.5,52.8,0.728,38.4,,,,,,,
2026_01_NO_DET,2026,1,NO,00-0039052,Trey Palmer,,,,,,,,,,,,,,,,,,WR,8.0,[],DET,dome,,,,,,,,,,,,,,,,,,,,,,,,,,,0.0,0.0,0.0,0.0,0.0,0.0,0.0,,,,,,,,,,,,,,,,,50.0,45.2,48.1,50.0,50.0,50.0,50.0,57.2,30.0,50.0,50.0,50.0,50.0,0.0,50.0,0.0,50.0,46.9,48.8,100.0,64.1,50.0,26.7,85.9,47.9,57.1,0.74,42.2,,,,,,,
2026_01_DAL_NYG,2026,1,DAL,00-0039062,Jonathan Mingo,,,,,,,,,,,,,,,,,,WR,6.0,[],NYG,outdoors,,,,,,,,,,,,,,,,,,,,,,,,,,,0.0,0.0,0.0,0.0,0.0,0.0,0.0,,,,,,,,,,,,,,,,,50.0,45.2,48.1,50.0,50.0,50.0,50.0,57.2,30.0,50.0,50.0,50.0,50.0,0.0,50.0,0.0,50.0,46.9,48.8,50.0,49.1,37.5,22.5,91.9,45.5,52.8,0.728,38.4,,,,,,,
2026_01_BAL_IND,2026,1,BAL,00-0039064,Zay Flowers,,,,,,,,,,,,,,,,,,WR,1.0,[],IND,,,,,,,,,,,,,,,,,,,,,,,,,,,,0.0,0.0,0.0,0.0,0.0,0.0,0.0,,,,,,,,,,,,,,,,,50.0,45.2,48.1,50.0,50.0,50.0,50.0,57.2,30.0,50.0,50.0,50.0,50.0,0.0,50.0,0.0,50.0,46.9,48.8,50.0,49.1,37.5,22.5,91.9,45.5,52.8,0.728,38.4,,,,,,,
2026_01_NO_DET,2026,1,DET,00-0039065,Sam LaPorta,,,,,,,,,,,,,,,,,,TE,1.0,[],NO,dome,,,,,,,,,,,,,,,,,,,,,,,,,,,0.0,0.0,0.0,0.0,0.0,0.0,0.0,,,,,,,,,,,,,,,,,50.0,45.2,48.1,50.0,50.0,50.0,50.0,57.2,30.0,50.0,50.0,50.0,50.0,0.0,50.0,0.0,50.0,46.9,48.8,100.0,64.1,50.0,26.7,85.9,47.9,57.1,0.74,42.2,,,,,,,
2026_01_MIA_LV,2026,1,LV,00-0039066,Michael Mayer,,,,,,,,,,,,,,,,,,TE,2.0,[],MIA,dome,,,,,,,,,,,,,,,,,,,,,,,,,,,0.0,0.0,0.0,0.0,0.0,0.0,0.0,,,,,,,,,,,,,,,,,50.0,45.2,48.1,50.0,50.0,50.0,50.0,57.2,30.0,50.0,50.0,50.0,50.0,0.0,50.0,0.0,50.0,46.9,48.8,100.0,64.1,50.0,26.7,85.9,47.9,57.1,0.74,42.2,,,,,,,
2026_01_DEN_KC,2026,1,KC,00-0039067,Rashee Rice,,,,,,,,,,,,,,,,,,WR,1.0,[],DEN,outdoors,,,,,,,,,,,,,,,,,,,,,,,,,,,0.0,0.0,0.0,0.0,0.0,0.0,0.0,,,,,,,,,,,,,,,,,50.0,45.2,48.1,50.0,50.0,50.0,50.0,57.2,30.0,50.0,50.0,50.0,50.0,0.0,50.0,0.0,50.0,46.9,48.8,50.0,49.1,37.5,22.5,91.9,45.5,52.8,0.728,38.4,,,,,,,
2026_01_SF_LA,2026,1,LA,00-0039074,Davis Allen,,,,,,,,,,,,,,,,,,TE,5.0,[],SF,dome,,,,,,,,,,,,,,,,,,,,,,,,,,,0.0,0.0,0.0,0.0,0.0,0.0,0.0,,,,,,,,,,,,,,,,,50.0,45.2,48.1,50.0,50.0,50.0,50.0,57.2,30.0,50.0,50.0,50.0,50.0,0.0,50.0,0.0,50.0,46.9,48.8,100.0,64.1,50.0,26.7,85.9,47.9,57.1,0.74,42.2,,,,,,,
2026_01_SF_LA,2026,1,LA,00-0039075,Puka Nacua,,,,,,,,,,,,,,,,,,WR,1.0,[],SF,dome,,,,,,,,,,,,,,,,,,,,,,,,,,,0.0,0.0,0.0,0.0,0.0,0.0,0.0,,,,,,,,,,,,,,,,,50.0,45.2,48.1,50.0,50.0,50.0,50.0,57.2,30.0,50.0,50.0,50.0,50.0,0.0,50.0,0.0,50.0,46.9,48.8,100.0,64.1,50.0,26.7,85.9,47.9,57.1,0.74,42.2,,,,,,,
2026_01_NO_DET,2026,1,DET,00-0039139,Jahmyr Gibbs,,,,,,,,,,,,,,,,,,RB,1.0,[],NO,dome,,,,,,,,,,,,,,,,,,,,,,,,,,,0.0,0.0,0.0,0.0,0.0,0.0,0.0,,,,,,,,,,,,,,,,,50.0,45.2,48.1,50.0,50.0,50.0,50.0,57.2,30.0,50.0,50.0,50.0,50.0,0.0,50.0,0.0,50.0,46.9,48.8,100.0,64.1,50.0,26.7,85.9,47.9,57.1,0.74,42.2,,,,,,,
2026_01_GB_MIN,2026,1,GB,00-0039144,Luke Musgrave,,,,,,,,,,,,,,,,,,TE,2.0,[],MIN,dome,,,,,,,,,,,,,,,,,,,,,,,,,,,0.0,0.0,0.0,0.0,0.0,0.0,0.0,,,,,,,,,,,,,,,,,50.0,45.2,48.1,50.0,50.0,50.0,50.0,57.2,30.0,50.0,50.0,50.0,50.0,0.0,50.0,0.0,50.0,46.9,48.8,100.0,64.1,50.0,26.7,85.9,47.9,57.1,0.74,42.2,,,,,,,
2026_01_GB_MIN,2026,1,GB,00-0039146,Jayden Reed,,,,,,,,,,,,,,,,,,WR,2.0,[],MIN,dome,,,,,,,,,,,,,,,,,,,,,,,,,,,0.0,0.0,0.0,0.0,0.0,0.0,0.0,,,,,,,,,,,,,,,,,50.0,45.2,48.1,50.0,50.0,50.0,50.0,57.2,30.0,50.0,50.0,50.0,50.0,0.0,50.0,0.0,50.0,46.9,48.8,100.0,64.1,50.0,26.7,85.9,47.9,57.1,0.74,42.2,,,,,,,
2026_01_NE_SEA,2026,1,SEA,00-0039165,Zach Charbonnet,,,,,,,,,,,,,,,,,,RB,1.0,[],NE,outdoors,,,,,,,,,,,,,,,,,,,,,,,,,,,0.0,0.0,0.0,0.0,0.0,0.0,0.0,,,,,,,,,,,,,,,,,50.0,45.2,48.1,50.0,50.0,50.0,50.0,57.2,30.0,50.0,50.0,50.0,50.0,0.0,50.0,0.0,50.0,46.9,48.8,50.0,49.1,37.5,22.5,91.9,45.5,52.8,0.728,38.4,,,,,,,
2026_01_DAL_NYG,2026,1,NYG,00-0039230,Dante Miller,,,,,,,,,,,,,,,,,,RB,5.0,[],DAL,outdoors,,,,,,,,,,,,,,,,,,,,,,,,,,,0.0,0.0,0.0,0.0,0.0,0.0,0.0,,,,,,,,,,,,,,,,,50.0,45.2,48.1,50.0,50.0,50.0,50.0,57.2,30.0,50.0,50.0,50.0,50.0,0.0,50.0,0.0,50.0,46.9,48.8,50.0,49.1,37.5,22.5,91.9,45.5,52.8,0.728,38.4,,,,,,,
2026_01_WAS_PHI,2026,1,PHI,00-0039236,Johnny Wilson,,,,,,,,,,,,,,,,,,WR,6.0,[],WAS,outdoors,,,,,,,,,,,,,,,,,,,,,,,,,,,0.0,0.0,0.0,0.0,0.0,0.0,0.0,,,,,,,,,,,,,,,,,50.0,45.2,48.1,50.0,50.0,50.0,50.0,57.2,30.0,50.0,50.0,50.0,50.0,0.0,50.0,0.0,50.0,46.9,48.8,50.0,49.1,37.5,22.5,91.9,45.5,52.8,0.728,38.4,,,,,,,
2026_01_MIA_LV,2026,1,LV,00-0039244,Chris Collier,,,,,,,,,,,,,,,,,,RB,6.0,[],MIA,dome,,,,,,,,,,,,,,,,,,,,,,,,,,,0.0,0.0,0.0,0.0,0.0,0.0,0.0,,,,,,,,,,,,,,,,,50.0,45.2,48.1,50.0,50.0,50.0,50.0,57.2,30.0,50.0,50.0,50.0,50.0,0.0,50.0,0.0,50.0,46.9,48.8,100.0,64.1,50.0,26.7,85.9,47.9,57.1,0.74,42.2,,,,,,,
2026_01_BAL_IND,2026,1,BAL,00-0039259,Dayton Wade,,,,,,,,,,,,,,,,,,WR,8.0,[],IND,,,,,,,,,,,,,,,,,,,,,,,,,,,,0.0,0.0,0.0,0.0,0.0,0.0,0.0,,,,,,,,,,,,,,,,,50.0,45.2,48.1,50.0,50.0,50.0,50.0,57.2,30.0,50.0,50.0,50.0,50.0,0.0,50.0,0.0,50.0,46.9,48.8,50.0,49.1,37.5,22.5,91.9,45.5,52.8,0.728,38.4,,,,,,,
2026_01_TB_CIN,2026,1,CIN,00-0039266,Kendall Milton,,,,,,,,,,,,,,,,,,RB,5.0,[],TB,outdoors,,,,,,,,,,,,,,,,,,,,,,,,,,,0.0,0.0,0.0,0.0,0.0,0.0,0.0,,,,,,,,,,,,,,,,,50.0,45.2,48.1,50.0,50.0,50.0,50.0,57.2,30.0,50.0,50.0,50.0,50.0,0.0,50.0,0.0,50.0,46.9,48.8,50.0,49.1,37.5,22.5,91.9,45.5,52.8,0.728,38.4,,,,,,,
2026_01_GB_MIN,2026,1,GB,00-0039275,Messiah Swinson,,,,,,,,,,,,,,,,,,TE,5.0,[],MIN,dome,,,,,,,,,,,,,,,,,,,,,,,,,,,0.0,0.0,0.0,0.0,0.0,0.0,0.0,,,,,,,,,,,,,,,,,50.0,45.2,48.1,50.0,50.0,50.0,50.0,57.2,30.0,50.0,50.0,50.0,50.0,0.0,50.0,0.0,50.0,46.9,48.8,100.0,64.1,50.0,26.7,85.9,47.9,57.1,0.74,42.2,,,,,,,
2026_01_NE_SEA,2026,1,SEA,00-0039299,George Holani,,,,,,,,,,,,,,,,,,RB,3.0,[],NE,outdoors,,,,,,,,,,,,,,,,,,,,,,,,,,,0.0,0.0,0.0,0.0,0.0,0.0,0.0,,,,,,,,,,,,,,,,,50.0,45.2,48.1,50.0,50.0,50.0,50.0,57.2,30.0,50.0,50.0,50.0,50.0,0.0,50.0,0.0,50.0,46.9,48.8,50.0,49.1,37.5,22.5,82.8,43.2,50.0,0.716,35.8,1.0,380.0,DraftKings,0.20833333333333334,380.0,40.0,100.0
2026_01_NE_SEA,2026,1,NE,00-0039305,Jack Westover,,,,,,,,,,,,,,,,,,RB,,[],SEA,outdoors,,,,,,,,,,,,,,,,,,,,,,,,,,,0.0,0.0,0.0,0.0,0.0,0.0,0.0,,,,,,,,,,,,,,,,,50.0,45.2,48.1,50.0,50.0,50.0,50.0,57.2,30.0,50.0,50.0,50.0,50.0,0.0,50.0,0.0,50.0,46.9,48.8,50.0,49.1,37.5,22.5,91.9,45.5,52.8,0.728,38.4,,,,,,,
2026_01_WAS_PHI,2026,1,PHI,00-0039325,Carson Steele,,,,,,,,,,,,,,,,,,RB,5.0,[],WAS,outdoors,,,,,,,,,,,,,,,,,,,,,,,,,,,0.0,0.0,0.0,0.0,0.0,0.0,0.0,,,,,,,,,,,,,,,,,50.0,45.2,48.1,50.0,50.0,50.0,50.0,57.2,30.0,50.0,50.0,50.0,50.0,0.0,50.0,0.0,50.0,46.9,48.8,50.0,49.1,37.5,22.5,91.9,45.5,52.8,0.728,38.4,,,,,,,
2026_01_DAL_NYG,2026,1,NYG,00-0039337,Malik Nabers,,,,,,,,,,,,,,,,,,WR,1.0,[],DAL,outdoors,,,,,,,,,,,,,,,,,,,,,,,,,,,0.0,0.0,0.0,0.0,0.0,0.0,0.0,,,,,,,,,,,,,,,,,50.0,45.2,48.1,50.0,50.0,50.0,50.0,57.2,30.0,50.0,50.0,50.0,50.0,0.0,50.0,0.0,50.0,46.9,48.8,50.0,49.1,37.5,22.5,91.9,45.5,52.8,0.728,38.4,,,,,,,
2026_01_MIA_LV,2026,1,LV,00-0039338,Brock Bowers,,,,,,,,,,,,,,,,,,TE,1.0,[],MIA,dome,,,,,,,,,,,,,,,,,,,,,,,,,,,0.0,0.0,0.0,0.0,0.0,0.0,0.0,,,,,,,,,,,,,,,,,50.0,45.2,48.1,50.0,50.0,50.0,50.0,57.2,30.0,50.0,50.0,50.0,50.0,0.0,50.0,0.0,50.0,46.9,48.8,100.0,64.1,50.0,26.7,85.9,47.9,57.1,0.74,42.2,,,,,,,
2026_01_CHI_CAR,2026,1,CAR,00-0039342,Xavier Legette,,,,,,,,,,,,,,,,,,WR,3.0,[],CHI,outdoors,,,,,,,,,,,,,,,,,,,,,,,,,,,0.0,0.0,0.0,0.0,0.0,0.0,0.0,,,,,,,,,,,,,,,,,50.0,45.2,48.1,50.0,50.0,50.0,50.0,57.2,30.0,50.0,50.0,50.0,50.0,0.0,50.0,0.0,50.0,46.9,48.8,50.0,49.1,37.5,22.5,91.9,45.5,52.8,0.728,38.4,,,,,,,
2026_01_CHI_CAR,2026,1,CAR,00-0039344,Jonathon Brooks,,,,,,,,,,,,,,,,,,RB,2.0,[],CHI,outdoors,,,,,,,,,,,,,,,,,,,,,,,,,,,0.0,0.0,0.0,0.0,0.0,0.0,0.0,,,,,,,,,,,,,,,,,50.0,45.2,48.1,50.0,50.0,50.0,50.0,57.2,30.0,50.0,50.0,50.0,50.0,0.0,50.0,0.0,50.0,46.9,48.8,50.0,49.1,37.5,22.5,91.9,45.5,52.8,0.728,38.4,,,,,,,
2026_01_WAS_PHI,2026,1,WAS,00-0039355,Luke McCaffrey,,,,,,,,,,,,,,,,,,WR,3.0,[],PHI,outdoors,,,,,,,,,,,,,,,,,,,,,,,,,,,0.0,0.0,0.0,0.0,0.0,0.0,0.0,,,,,,,,,,,,,,,,,50.0,45.2,48.1,50.0,50.0,50.0,50.0,57.2,30.0,50.0,50.0,50.0,50.0,0.0,50.0,0.0,50.0,46.9,48.8,50.0,49.1,37.5,22.5,91.9,45.5,52.8,0.728,38.4,,,,,,,
2026_01_CHI_CAR,2026,1,CAR,00-0039356,Ja'Tavion Sanders,,,,,,,,,,,,,,,,,,TE,4.0,[],CHI,outdoors,,,,,,,,,,,,,,,,,,,,,,,,,,,0.0,0.0,0.0,0.0,0.0,0.0,0.0,,,,,,,,,,,,,,,,,50.0,45.2,48.1,50.0,50.0,50.0,50.0,57.2,30.0,50.0,50.0,50.0,50.0,0.0,50.0,0.0,50.0,46.9,48.8,50.0,49.1,37.5,22.5,91.9,45.5,52.8,0.728,38.4,,,,,,,
2026_01_BUF_HOU,2026,1,HOU,00-0039359,Cade Stover,,,,,,,,,,,,,,,,,,TE,3.0,[],BUF,,,,,,,,,,,,,,,,,,,,,,,,,,,,0.0,0.0,0.0,0.0,0.0,0.0,0.0,,,,,,,,,,,,,,,,,50.0,45.2,48.1,50.0,50.0,50.0,50.0,57.2,30.0,50.0,50.0,50.0,50.0,0.0,50.0,0.0,50.0,46.9,48.8,50.0,49.1,37.5,22.5,91.9,45.5,52.8,0.728,38.4,,,,,,,
2026_01_TB_CIN,2026,1,TB,00-0039361,Bucky Irving,,,,,,,,,,,,,,,,,,RB,1.0,[],CIN,outdoors,,,,,,,,,,,,,,,,,,,,,,,,,,,0.0,0.0,0.0,0.0,0.0,0.0,0.0,,,,,,,,,,,,,,,,,50.0,45.2,48.1,50.0,50.0,50.0,50.0,57.2,30.0,50.0,50.0,50.0,50.0,0.0,50.0,0.0,50.0,46.9,48.8,50.0,49.1,37.5,22.5,91.9,45.5,52.8,0.728,38.4,,,,,,,
2026_01_SF_LA,2026,1,SF,00-0039363,Isaac Guerendo,,,,,,,,,,,,,,,,,,RB,4.0,[],LA,dome,,,,,,,,,,,,,,,,,,,,,,,,,,,0.0,0.0,0.0,0.0,0.0,0.0,0.0,,,,,,,,,,,,,,,,,50.0,45.2,48.1,50.0,50.0,50.0,50.0,57.2,30.0,50.0,50.0,50.0,50.0,0.0,50.0,0.0,50.0,46.9,48.8,100.0,64.1,50.0,26.7,85.9,47.9,57.1,0.74,42.2,,,,,,,
2026_01_NO_DET,2026,1,DET,00-0039364,Sione Vaki,,,,,,,,,,,,,,,,,,RB,3.0,[],NO,dome,,,,,,,,,,,,,,,,,,,,,,,,,,,0.0,0.0,0.0,0.0,0.0,0.0,0.0,,,,,,,,,,,,,,,,,50.0,45.2,48.1,50.0,50.0,50.0,50.0,57.2,30.0,50.0,50.0,50.0,50.0,0.0,50.0,0.0,50.0,46.9,48.8,100.0,64.1,50.0,26.7,85.9,47.9,57.1,0.74,42.2,,,,,,,
2026_01_SF_LA,2026,1,SF,00-0039365,Jacob Cowing,,,,,,,,,,,,,,,,,,WR,7.0,[],LA,dome,,,,,,,,,,,,,,,,,,,,,,,,,,,0.0,0.0,0.0,0.0,0.0,0.0,0.0,,,,,,,,,,,,,,,,,50.0,45.2,48.1,50.0,50.0,50.0,50.0,57.2,30.0,50.0,50.0,50.0,50.0,0.0,50.0,0.0,50.0,46.9,48.8,100.0,64.1,50.0,26.7,85.9,47.9,57.1,0.74,42.2,,,,,,,
2026_01_NO_DET,2026,1,NO,00-0039373,Audric Estimé,,,,,,,,,,,,,,,,,,RB,6.0,[],DET,dome,,,,,,,,,,,,,,,,,,,,,,,,,,,0.0,0.0,0.0,0.0,0.0,0.0,0.0,,,,,,,,,,,,,,,,,50.0,45.2,48.1,50.0,50.0,50.0,50.0,57.2,30.0,50.0,50.0,50.0,50.0,0.0,50.0,0.0,50.0,46.9,48.8,100.0,64.1,50.0,26.7,85.9,47.9,57.1,0.74,42.2,,,,,,,
2026_01_CLE_JAX,2026,1,CLE,00-0039379,Jamari Thrash,,,,,,,,,,,,,,,,,,WR,11.0,[],JAX,outdoors,,,,,,,,,,,,,,,,,,,,,,,,,,,0.0,0.0,0.0,0.0,0.0,0.0,0.0,,,,,,,,,,,,,,,,,50.0,45.2,48.1,50.0,50.0,50.0,50.0,57.2,30.0,50.0,50.0,50.0,50.0,0.0,50.0,0.0,50.0,46.9,48.8,50.0,49.1,37.5,22.5,91.9,45.5,52.8,0.728,38.4,,,,,,,
2026_01_DAL_NYG,2026,1,NYG,00-0039384,Tyrone Tracy Jr.,,,,,,,,,,,,,,,,,,RB,2.0,[],DAL,outdoors,,,,,,,,,,,,,,,,,,,,,,,,,,,0.0,0.0,0.0,0.0,0.0,0.0,0.0,,,,,,,,,,,,,,,,,50.0,45.2,48.1,50.0,50.0,50.0,50.0,57.2,30.0,50.0,50.0,50.0,50.0,0.0,50.0,0.0,50.0,46.9,48.8,50.0,49.1,37.5,22.5,91.9,45.5,52.8,0.728,38.4,,,,,,,
2026_01_NO_DET,2026,1,NO,00-0039386,Bub Means,,,,,,,,,,,,,,,,,,WR,9.0,[],DET,dome,,,,,,,,,,,,,,,,,,,,,,,,,,,0.0,0.0,0.0,0.0,0.0,0.0,0.0,,,,,,,,,,,,,,,,,50.0,45.2,48.1,50.0,50.0,50.0,50.0,57.2,30.0,50.0,50.0,50.0,50.0,0.0,50.0,0.0,50.0,46.9,48.8,100.0,64.1,50.0,26.7,85.9,47.9,57.1,0.74,42.2,,,,,,,
2026_01_ARI_LAC,2026,1,LAC,00-0039391,Kimani Vidal,,,,,,,,,,,,,,,,,,RB,3.0,[],ARI,dome,,,,,,,,,,,,,,,,,,,,,,,,,,,0.0,0.0,0.0,0.0,0.0,0.0,0.0,,,,,,,,,,,,,,,,,50.0,45.2,48.1,50.0,50.0,50.0,50.0,57.2,30.0,50.0,50.0,50.0,50.0,0.0,50.0,0.0,50.0,46.9,48.8,100.0,64.1,50.0,26.7,85.9,47.9,57.1,0.74,42.2,,,,,,,
2026_01_BUF_HOU,2026,1,HOU,00-0039392,Jha'Quan Jackson,,,,,,,,,,,,,,,,,,WR,10.0,[],BUF,,,,,,,,,,,,,,,,,,,,,,,,,,,,0.0,0.0,0.0,0.0,0.0,0.0,0.0,,,,,,,,,,,,,,,,,50.0,45.2,48.1,50.0,50.0,50.0,50.0,57.2,30.0,50.0,50.0,50.0,50.0,0.0,50.0,0.0,50.0,46.9,48.8,50.0,49.1,37.5,22.5,91.9,45.5,52.8,0.728,38.4,,,,,,,
2026_01_ATL_PIT,2026,1,ATL,00-0039394,Casey Washington,,,,,,,,,,,,,,,,,,WR,5.0,[],PIT,outdoors,,,,,,,,,,,,,,,,,,,,,,,,,,,0.0,0.0,0.0,0.0,0.0,0.0,0.0,,,,,,,,,,,,,,,,,50.0,45.2,48.1,50.0,50.0,50.0,50.0,57.2,30.0,50.0,50.0,50.0,50.0,0.0,50.0,0.0,50.0,46.9,48.8,50.0,49.1,37.5,22.5,91.9,45.5,52.8,0.728,38.4,,,,,,,
2026_01_BUF_HOU,2026,1,HOU,00-0039405,Jawhar Jordan,,,,,,,,,,,,,,,,,,RB,3.0,[],BUF,,,,,,,,,,,,,,,,,,,,,,,,,,,,0.0,0.0,0.0,0.0,0.0,0.0,0.0,,,,,,,,,,,,,,,,,50.0,45.2,48.1,50.0,50.0,50.0,50.0,57.2,30.0,50.0,50.0,50.0,50.0,0.0,50.0,0.0,50.0,46.9,48.8,50.0,49.1,37.5,22.5,91.9,45.5,52.8,0.728,38.4,,,,,,,
2026_01_MIA_LV,2026,1,LV,00-0039407,Dylan Laube,,,,,,,,,,,,,,,,,,RB,3.0,[],MIA,dome,,,,,,,,,,,,,,,,,,,,,,,,,,,0.0,0.0,0.0,0.0,0.0,0.0,0.0,,,,,,,,,,,,,,,,,50.0,45.2,48.1,50.0,50.0,50.0,50.0,57.2,30.0,50.0,50.0,50.0,50.0,0.0,50.0,0.0,50.0,46.9,48.8,100.0,64.1,50.0,26.7,85.9,47.9,57.1,0.74,42.2,,,,,,,
2026_01_DAL_NYG,2026,1,DAL,00-0039410,Ryan Flournoy,,,,,,,,,,,,,,,,,,WR,3.0,[],NYG,outdoors,,,,,,,,,,,,,,,,,,,,,,,,,,,0.0,0.0,0.0,0.0,0.0,0.0,0.0,,,,,,,,,,,,,,,,,50.0,45.2,48.1,50.0,50.0,50.0,50.0,57.2,30.0,50.0,50.0,50.0,50.0,0.0,50.0,0.0,50.0,46.9,48.8,50.0,49.1,37.5,22.5,91.9,45.5,52.8,0.728,38.4,,,,,,,
2026_01_GB_MIN,2026,1,GB,00-0039415,Brenden Rice,,,,,,,,,,,,,,,,,,WR,9.0,[],MIN,dome,,,,,,,,,,,,,,,,,,,,,,,,,,,0.0,0.0,0.0,0.0,0.0,0.0,0.0,,,,,,,,,,,,,,,,,50.0,45.2,48.1,50.0,50.0,50.0,50.0,57.2,30.0,50.0,50.0,50.0,50.0,0.0,50.0,0.0,50.0,46.9,48.8,100.0,64.1,50.0,26.7,85.9,47.9,57.1,0.74,42.2,,,,,,,
2026_01_ATL_PIT,2026,1,PIT,00-0039420,Jaheim Bell,,,,,,,,,,,,,,,,,,TE,4.0,[],ATL,outdoors,,,,,,,,,,,,,,,,,,,,,,,,,,,0.0,0.0,0.0,0.0,0.0,0.0,0.0,,,,,,,,,,,,,,,,,50.0,45.2,48.1,50.0,50.0,50.0,50.0,57.2,30.0,50.0,50.0,50.0,50.0,0.0,50.0,0.0,50.0,46.9,48.8,50.0,49.1,37.5,22.5,91.9,45.5,52.8,0.728,38.4,,,,,,,
2026_01_NO_DET,2026,1,NO,00-0039424,Devaughn Vele,,,,,,,,,,,,,,,,,,WR,3.0,[],DET,dome,,,,,,,,,,,,,,,,,,,,,,,,,,,0.0,0.0,0.0,0.0,0.0,0.0,0.0,,,,,,,,,,,,,,,,,50.0,45.2,48.1,50.0,50.0,50.0,50.0,57.2,30.0,50.0,50.0,50.0,50.0,0.0,50.0,0.0,50.0,46.9,48.8,100.0,64.1,50.0,26.7,85.9,47.9,57.1,0.74,42.2,,,,,,,
2026_01_BAL_IND,2026,1,BAL,00-0039437,Cornelius Johnson,,,,,,,,,,,,,,,,,,WR,9.0,[],IND,,,,,,,,,,,,,,,,,,,,,,,,,,,,0.0,0.0,0.0,0.0,0.0,0.0,0.0,,,,,,,,,,,,,,,,,50.0,45.2,48.1,50.0,50.0,50.0,50.0,57.2,30.0,50.0,50.0,50.0,50.0,0.0,50.0,0.0,50.0,46.9,48.8,50.0,49.1,37.5,22.5,91.9,45.5,52.8,0.728,38.4,,,,,,,
2026_01_NYJ_TEN,2026,1,NYJ,00-0039451,Isaiah Williams,,,,,,,,,,,,,,,,,,WR,4.0,[],TEN,outdoors,,,,,,,,,,,,,,,,,,,,,,,,,,,0.0,0.0,0.0,0.0,0.0,0.0,0.0,,,,,,,,,,,,,,,,,50.0,45.2,48.1,50.0,50.0,50.0,50.0,57.2,30.0,50.0,50.0,50.0,50.0,0.0,50.0,0.0,50.0,46.9,48.8,50.0,49.1,37.5,22.5,91.9,45.5,52.8,0.728,38.4,,,,,,,
2026_01_CLE_JAX,2026,1,CLE,00-0039458,Brenden Bates,,,,,,,,,,,,,,,,,,TE,4.0,[],JAX,outdoors,,,,,,,,,,,,,,,,,,,,,,,,,,,0.0,0.0,0.0,0.0,0.0,0.0,0.0,,,,,,,,,,,,,,,,,50.0,45.2,48.1,50.0,50.0,50.0,50.0,57.2,30.0,50.0,50.0,50.0,50.0,0.0,50.0,0.0,50.0,46.9,48.8,50.0,49.1,37.5,22.5,91.9,45.5,52.8,0.728,38.4,,,,,,,
2026_01_BUF_HOU,2026,1,BUF,00-0039471,Frank Gore Jr.,,,,,,,,,,,,,,,,,,RB,4.0,[],HOU,,,,,,,,,,,,,,,,,,,,,,,,,,,,0.0,0.0,0.0,0.0,0.0,0.0,0.0,,,,,,,,,,,,,,,,,50.0,45.2,48.1,50.0,50.0,50.0,50.0,57.2,30.0,50.0,50.0,50.0,50.0,0.0,50.0,0.0,50.0,46.9,48.8,50.0,49.1,37.5,22.5,91.9,45.5,52.8,0.728,38.4,,,,,,,
2026_01_TB_CIN,2026,1,CIN,00-0039473,Xavier Johnson,,,,,,,,,,,,,,,,,,WR,11.0,[],TB,outdoors,,,,,,,,,,,,,,,,,,,,,,,,,,,0.0,0.0,0.0,0.0,0.0,0.0,0.0,,,,,,,,,,,,,,,,,50.0,45.2,48.1,50.0,50.0,50.0,50.0,57.2,30.0,50.0,50.0,50.0,50.0,0.0,50.0,0.0,50.0,46.9,48.8,50.0,49.1,37.5,22.5,91.9,45.5,52.8,0.728,38.4,,,,,,,
2026_01_SF_LA,2026,1,SF,00-0039489,Hayden Rucci,,,,,,,,,,,,,,,,,,TE,5.0,[],LA,dome,,,,,,,,,,,,,,,,,,,,,,,,,,,0.0,0.0,0.0,0.0,0.0,0.0,0.0,,,,,,,,,,,,,,,,,50.0,45.2,48.1,50.0,50.0,50.0,50.0,57.2,30.0,50.0,50.0,50.0,50.0,0.0,50.0,0.0,50.0,46.9,48.8,100.0,64.1,50.0,26.7,85.9,47.9,57.1,0.74,42.2,,,,,,,
2026_01_CHI_CAR,2026,1,CAR,00-0039491,Jalen Coker,,,,,,,,,,,,,,,,,,WR,2.0,[],CHI,outdoors,,,,,,,,,,,,,,,,,,,,,,,,,,,0.0,0.0,0.0,0.0,0.0,0.0,0.0,,,,,,,,,,,,,,,,,50.0,45.2,48.1,50.0,50.0,50.0,50.0,57.2,30.0,50.0,50.0,50.0,50.0,0.0,50.0,0.0,50.0,46.9,48.8,50.0,49.1,37.5,22.5,91.9,45.5,52.8,0.728,38.4,,,,,,,
2026_01_NO_DET,2026,1,NO,00-0039518,Treyton Welch,,,,,,,,,,,,,,,,,,TE,6.0,[],DET,dome,,,,,,,,,,,,,,,,,,,,,,,,,,,0.0,0.0,0.0,0.0,0.0,0.0,0.0,,,,,,,,,,,,,,,,,50.0,45.2,48.1,50.0,50.0,50.0,50.0,57.2,30.0,50.0,50.0,50.0,50.0,0.0,50.0,0.0,50.0,46.9,48.8,100.0,64.1,50.0,26.7,85.9,47.9,57.1,0.74,42.2,,,,,,,
2026_01_DAL_NYG,2026,1,DAL,00-0039530,Brevyn Spann-Ford,,,,,,,,,,,,,,,,,,TE,2.0,[],NYG,outdoors,,,,,,,,,,,,,,,,,,,,,,,,,,,0.0,0.0,0.0,0.0,0.0,0.0,0.0,,,,,,,,,,,,,,,,,50.0,45.2,48.1,50.0,50.0,50.0,50.0,57.2,30.0,50.0,50.0,50.0,50.0,0.0,50.0,0.0,50.0,46.9,48.8,50.0,49.1,37.5,22.5,91.9,45.5,52.8,0.728,38.4,,,,,,,
2026_01_TB_CIN,2026,1,TB,00-0039589,Kameron Johnson,,,,,,,,,,,,,,,,,,WR,6.0,[],CIN,outdoors,,,,,,,,,,,,,,,,,,,,,,,,,,,0.0,0.0,0.0,0.0,0.0,0.0,0.0,,,,,,,,,,,,,,,,,50.0,45.2,48.1,50.0,50.0,50.0,50.0,57.2,30.0,50.0,50.0,50.0,50.0,0.0,50.0,0.0,50.0,46.9,48.8,50.0,49.1,37.5,22.5,91.9,45.5,52.8,0.728,38.4,,,,,,,
2026_01_BUF_HOU,2026,1,HOU,00-0039603,British Brooks,,,,,,,,,,,,,,,,,,RB,4.0,[],BUF,,,,,,,,,,,,,,,,,,,,,,,,,,,,0.0,0.0,0.0,0.0,0.0,0.0,0.0,,,,,,,,,,,,,,,,,50.0,45.2,48.1,50.0,50.0,50.0,50.0,57.2,30.0,50.0,50.0,50.0,50.0,0.0,50.0,0.0,50.0,46.9,48.8,50.0,49.1,37.5,22.5,91.9,45.5,52.8,0.728,38.4,,,,,,,
2026_01_NO_DET,2026,1,NO,00-0039623,Mason Tipton,,,,,,,,,,,,,,,,,,WR,6.0,[],DET,dome,,,,,,,,,,,,,,,,,,,,,,,,,,,0.0,0.0,0.0,0.0,0.0,0.0,0.0,,,,,,,,,,,,,,,,,50.0,45.2,48.1,50.0,50.0,50.0,50.0,57.2,30.0,50.0,50.0,50.0,50.0,0.0,50.0,0.0,50.0,46.9,48.8,100.0,64.1,50.0,26.7,85.9,47.9,57.1,0.74,42.2,,,,,,,
2026_01_ATL_PIT,2026,1,PIT,00-0039626,Cole Burgess,,,,,,,,,,,,,,,,,,WR,14.0,[],ATL,outdoors,,,,,,,,,,,,,,,,,,,,,,,,,,,0.0,0.0,0.0,0.0,0.0,0.0,0.0,,,,,,,,,,,,,,,,,50.0,45.2,48.1,50.0,50.0,50.0,50.0,57.2,30.0,50.0,50.0,50.0,50.0,0.0,50.0,0.0,50.0,46.9,48.8,50.0,49.1,37.5,22.5,91.9,45.5,52.8,0.728,38.4,,,,,,,
2026_01_TB_CIN,2026,1,CIN,00-0039631,Cam Grandy,,,,,,,,,,,,,,,,,,TE,5.0,[],TB,outdoors,,,,,,,,,,,,,,,,,,,,,,,,,,,0.0,0.0,0.0,0.0,0.0,0.0,0.0,,,,,,,,,,,,,,,,,50.0,45.2,48.1,50.0,50.0,50.0,50.0,57.2,30.0,50.0,50.0,50.0,50.0,0.0,50.0,0.0,50.0,46.9,48.8,50.0,49.1,37.5,22.5,91.9,45.5,52.8,0.728,38.4,,,,,,,
2026_01_NYJ_TEN,2026,1,TEN,00-0039648,David Martin-Robinson,,,,,,,,,,,,,,,,,,TE,4.0,[],NYJ,outdoors,,,,,,,,,,,,,,,,,,,,,,,,,,,0.0,0.0,0.0,0.0,0.0,0.0,0.0,,,,,,,,,,,,,,,,,50.0,45.2,48.1,50.0,50.0,50.0,50.0,57.2,30.0,50.0,50.0,50.0,50.0,0.0,50.0,0.0,50.0,46.9,48.8,50.0,49.1,37.5,22.5,91.9,45.5,52.8,0.728,38.4,,,,,,,
2026_01_NYJ_TEN,2026,1,TEN,00-0039650,Bryce Oliver,,,,,,,,,,,,,,,,,,WR,6.0,[],NYJ,outdoors,,,,,,,,,,,,,,,,,,,,,,,,,,,0.0,0.0,0.0,0.0,0.0,0.0,0.0,,,,,,,,,,,,,,,,,50.0,45.2,48.1,50.0,50.0,50.0,50.0,57.2,30.0,50.0,50.0,50.0,50.0,0.0,50.0,0.0,50.0,46.9,48.8,50.0,49.1,37.5,22.5,91.9,45.5,52.8,0.728,38.4,,,,,,,
2026_01_NO_DET,2026,1,DET,00-0039652,Jabari Small,,,,,,,,,,,,,,,,,,RB,6.0,[],NO,dome,,,,,,,,,,,,,,,,,,,,,,,,,,,0.0,0.0,0.0,0.0,0.0,0.0,0.0,,,,,,,,,,,,,,,,,50.0,45.2,48.1,50.0,50.0,50.0,50.0,57.2,30.0,50.0,50.0,50.0,50.0,0.0,50.0,0.0,50.0,46.9,48.8,100.0,64.1,50.0,26.7,85.9,47.9,57.1,0.74,42.2,,,,,,,
2026_01_BAL_IND,2026,1,IND,00-0039679,Ben Nikkel,,,,,,,,,,,,,,,,,,WR,,[],BAL,,,,,,,,,,,,,,,,,,,,,,,,,,,,0.0,0.0,0.0,0.0,0.0,0.0,0.0,,,,,,,,,,,,,,,,,50.0,45.2,48.1,50.0,50.0,50.0,50.0,57.2,30.0,50.0,50.0,50.0,50.0,0.0,50.0,0.0,50.0,46.9,48.8,50.0,49.1,37.5,22.5,91.9,45.5,52.8,0.728,38.4,,,,,,,
2026_01_WAS_PHI,2026,1,WAS,00-0039686,Colson Yankoff,,,,,,,,,,,,,,,,,,TE,4.0,[],PHI,outdoors,,,,,,,,,,,,,,,,,,,,,,,,,,,0.0,0.0,0.0,0.0,0.0,0.0,0.0,,,,,,,,,,,,,,,,,50.0,45.2,48.1,50.0,50.0,50.0,50.0,57.2,30.0,50.0,50.0,50.0,50.0,0.0,50.0,0.0,50.0,46.9,48.8,50.0,49.1,37.5,22.5,91.9,45.5,52.8,0.728,38.4,,,,,,,
2026_01_DEN_KC,2026,1,DEN,00-0039703,Cody Schrader,,,,,,,,,,,,,,,,,,RB,6.0,[],KC,outdoors,,,,,,,,,,,,,,,,,,,,,,,,,,,0.0,0.0,0.0,0.0,0.0,0.0,0.0,,,,,,,,,,,,,,,,,50.0,45.2,48.1,50.0,50.0,50.0,50.0,57.2,30.0,50.0,50.0,50.0,50.0,0.0,50.0,0.0,50.0,46.9,48.8,50.0,49.1,37.5,22.5,91.9,45.5,52.8,0.728,38.4,,,,,,,
2026_01_GB_MIN,2026,1,MIN,00-0039710,Jeshaun Jones,,,,,,,,,,,,,,,,,,WR,6.0,[],GB,dome,,,,,,,,,,,,,,,,,,,,,,,,,,,0.0,0.0,0.0,0.0,0.0,0.0,0.0,,,,,,,,,,,,,,,,,50.0,45.2,48.1,50.0,50.0,50.0,50.0,57.2,30.0,50.0,50.0,50.0,50.0,0.0,50.0,0.0,50.0,46.9,48.8,100.0,64.1,50.0,26.7,85.9,47.9,57.1,0.74,42.2,,,,,,,
2026_01_ARI_LAC,2026,1,LAC,00-0039722,JaQuae Jackson,,,,,,,,,,,,,,,,,,WR,8.0,[],ARI,dome,,,,,,,,,,,,,,,,,,,,,,,,,,,0.0,0.0,0.0,0.0,0.0,0.0,0.0,,,,,,,,,,,,,,,,,50.0,45.2,48.1,50.0,50.0,50.0,50.0,57.2,30.0,50.0,50.0,50.0,50.0,0.0,50.0,0.0,50.0,46.9,48.8,100.0,64.1,50.0,26.7,85.9,47.9,57.1,0.74,42.2,,,,,,,
2026_01_SF_LA,2026,1,LA,00-0039738,Blake Corum,,,,,,,,,,,,,,,,,,RB,2.0,[],SF,dome,,,,,,,,,,,,,,,,,,,,,,,,,,,0.0,0.0,0.0,0.0,0.0,0.0,0.0,,,,,,,,,,,,,,,,,50.0,45.2,48.1,50.0,50.0,50.0,50.0,57.2,30.0,50.0,50.0,50.0,50.0,0.0,50.0,0.0,50.0,46.9,48.8,100.0,64.1,50.0,26.7,85.9,47.9,57.1,0.74,42.2,,,,,,,
2026_01_ATL_PIT,2026,1,PIT,00-0039739,Roman Wilson,,,,,,,,,,,,,,,,,,WR,3.0,[],ATL,outdoors,,,,,,,,,,,,,,,,,,,,,,,,,,,0.0,0.0,0.0,0.0,0.0,0.0,0.0,,,,,,,,,,,,,,,,,50.0,45.2,48.1,50.0,50.0,50.0,50.0,57.2,30.0,50.0,50.0,50.0,50.0,0.0,50.0,0.0,50.0,46.9,48.8,50.0,49.1,37.5,22.5,91.9,45.5,52.8,0.728,38.4,,,,,,,
2026_01_WAS_PHI,2026,1,PHI,00-0039746,Will Shipley,,,,,,,,,,,,,,,,,,RB,3.0,[],WAS,outdoors,,,,,,,,,,,,,,,,,,,,,,,,,,,0.0,0.0,0.0,0.0,0.0,0.0,0.0,,,,,,,,,,,,,,,,,50.0,45.2,48.1,50.0,50.0,50.0,50.0,57.2,30.0,50.0,50.0,50.0,50.0,0.0,50.0,0.0,50.0,46.9,48.8,50.0,49.1,37.5,22.5,91.9,45.5,52.8,0.728,38.4,,,,,,,
2026_01_CHI_CAR,2026,1,CAR,00-0039747,Ainias Smith,,,,,,,,,,,,,,,,,,WR,15.0,[],CHI,outdoors,,,,,,,,,,,,,,,,,,,,,,,,,,,0.0,0.0,0.0,0.0,0.0,0.0,0.0,,,,,,,,,,,,,,,,,50.0,45.2,48.1,50.0,50.0,50.0,50.0,57.2,30.0,50.0,50.0,50.0,50.0,0.0,50.0,0.0,50.0,46.9,48.8,50.0,49.1,37.5,22.5,91.9,45.5,52.8,0.728,38.4,,,,,,,
2026_01_SF_LA,2026,1,LA,00-0039751,Jordan Whittington,,,,,,,,,,,,,,,,,,WR,3.0,[],SF,dome,,,,,,,,,,,,,,,,,,,,,,,,,,,0.0,0.0,0.0,0.0,0.0,0.0,0.0,,,,,,,,,,,,,,,,,50.0,45.2,48.1,50.0,50.0,50.0,50.0,57.2,30.0,50.0,50.0,50.0,50.0,0.0,50.0,0.0,50.0,46.9,48.8,100.0,64.1,50.0,26.7,85.9,47.9,57.1,0.74,42.2,,,,,,,
2026_01_TB_CIN,2026,1,TB,00-0039754,Devin Culp,,,,,,,,,,,,,,,,,,TE,5.0,[],CIN,outdoors,,,,,,,,,,,,,,,,,,,,,,,,,,,0.0,0.0,0.0,0.0,0.0,0.0,0.0,,,,,,,,,,,,,,,,,50.0,45.2,48.1,50.0,50.0,50.0,50.0,57.2,30.0,50.0,50.0,50.0,50.0,0.0,50.0,0.0,50.0,46.9,48.8,50.0,49.1,37.5,22.5,91.9,45.5,52.8,0.728,38.4,,,,,,,
2026_01_NE_SEA,2026,1,NE,00-0039757,Terrell Jennings,,,,,,,,,,,,,,,,,,RB,7.0,[],SEA,outdoors,,,,,,,,,,,,,,,,,,,,,,,,,,,0.0,0.0,0.0,0.0,0.0,0.0,0.0,,,,,,,,,,,,,,,,,50.0,45.2,48.1,50.0,50.0,50.0,50.0,57.2,30.0,50.0,50.0,50.0,50.0,0.0,50.0,0.0,50.0,46.9,48.8,50.0,49.1,37.5,22.5,91.9,45.5,52.8,0.728,38.4,,,,,,,
2026_01_BAL_IND,2026,1,BAL,00-0039792,Devontez Walker,,,,,,,,,,,,,,,,,,WR,4.0,[],IND,,,,,,,,,,,,,,,,,,,,,,,,,,,,0.0,0.0,0.0,0.0,0.0,0.0,0.0,,,,,,,,,,,,,,,,,50.0,45.2,48.1,50.0,50.0,50.0,50.0,57.2,30.0,50.0,50.0,50.0,50.0,0.0,50.0,0.0,50.0,46.9,48.8,50.0,49.1,37.5,22.5,91.9,45.5,52.8,0.728,38.4,,,,,,,
2026_01_NE_SEA,2026,1,SEA,00-0039793,AJ Barner,,,,,,,,,,,,,,,,,,TE,1.0,[],NE,outdoors,,,,,,,,,,,,,,,,,,,,,,,,,,,0.0,0.0,0.0,0.0,0.0,0.0,0.0,,,,,,,,,,,,,,,,,50.0,45.2,48.1,50.0,50.0,50.0,50.0,57.2,30.0,50.0,50.0,50.0,50.0,0.0,50.0,0.0,50.0,46.9,48.8,50.0,49.1,37.5,22.5,84.1,43.5,55.5,0.718,39.8,1.0,235.0,DraftKings,0.29850746268656714,235.0,65.0,100.0
2026_01_NYJ_TEN,2026,1,NYJ,00-0039794,Braelon Allen,,,,,,,,,,,,,,,,,,RB,2.0,[],TEN,outdoors,,,,,,,,,,,,,,,,,,,,,,,,,,,0.0,0.0,0.0,0.0,0.0,0.0,0.0,,,,,,,,,,,,,,,,,50.0,45.2,48.1,50.0,50.0,50.0,50.0,57.2,30.0,50.0,50.0,50.0,50.0,0.0,50.0,0.0,50.0,46.9,48.8,50.0,49.1,37.5,22.5,91.9,45.5,52.8,0.728,38.4,,,,,,,
2026_01_BAL_IND,2026,1,BAL,00-0039796,Rasheen Ali,,,,,,,,,,,,,,,,,,RB,3.0,[],IND,,,,,,,,,,,,,,,,,,,,,,,,,,,,0.0,0.0,0.0,0.0,0.0,0.0,0.0,,,,,,,,,,,,,,,,,50.0,45.2,48.1,50.0,50.0,50.0,50.0,57.2,30.0,50.0,50.0,50.0,50.0,0.0,50.0,0.0,50.0,46.9,48.8,50.0,49.1,37.5,22.5,91.9,45.5,52.8,0.728,38.4,,,,,,,
2026_01_NYJ_TEN,2026,1,NYJ,00-0039798,Isaiah Davis,,,,,,,,,,,,,,,,,,RB,3.0,[],TEN,outdoors,,,,,,,,,,,,,,,,,,,,,,,,,,,0.0,0.0,0.0,0.0,0.0,0.0,0.0,,,,,,,,,,,,,,,,,50.0,45.2,48.1,50.0,50.0,50.0,50.0,57.2,30.0,50.0,50.0,50.0,50.0,0.0,50.0,0.0,50.0,46.9,48.8,50.0,49.1,37.5,22.5,91.9,45.5,52.8,0.728,38.4,,,,,,,
2026_01_GB_MIN,2026,1,GB,00-0039811,MarShawn Lloyd,,,,,,,,,,,,,,,,,,RB,2.0,[],MIN,dome,,,,,,,,,,,,,,,,,,,,,,,,,,,0.0,0.0,0.0,0.0,0.0,0.0,0.0,,,,,,,,,,,,,,,,,50.0,45.2,48.1,50.0,50.0,50.0,50.0,57.2,30.0,50.0,50.0,50.0,50.0,0.0,50.0,0.0,50.0,46.9,48.8,100.0,64.1,50.0,26.7,85.9,47.9,57.1,0.74,42.2,,,,,,,
2026_01_TB_CIN,2026,1,CIN,00-0039814,Erick All,,,,,,,,,,,,,,,,,,TE,4.0,[],TB,outdoors,,,,,,,,,,,,,,,,,,,,,,,,,,,0.0,0.0,0.0,0.0,0.0,0.0,0.0,,,,,,,,,,,,,,,,,50.0,45.2,48.1,50.0,50.0,50.0,50.0,57.2,30.0,50.0,50.0,50.0,50.0,0.0,50.0,0.0,50.0,46.9,48.8,50.0,49.1,37.5,22.5,91.9,45.5,52.8,0.728,38.4,,,,,,,
2026_01_BAL_IND,2026,1,IND,00-0039816,Anthony Gould,,,,,,,,,,,,,,,,,,WR,5.0,[],BAL,,,,,,,,,,,,,,,,,,,,,,,,,,,,0.0,0.0,0.0,0.0,0.0,0.0,0.0,,,,,,,,,,,,,,,,,50.0,45.2,48.1,50.0,50.0,50.0,50.0,57.2,30.0,50.0,50.0,50.0,50.0,0.0,50.0,0.0,50.0,46.9,48.8,50.0,49.1,37.5,22.5,91.9,45.5,52.8,0.728,38.4,,,,,,,
2026_01_DEN_KC,2026,1,KC,00-0039824,Jared Wiley,,,,,,,,,,,,,,,,,,TE,3.0,[],DEN,outdoors,,,,,,,,,,,,,,,,,,,,,,,,,,,0.0,0.0,0.0,0.0,0.0,0.0,0.0,,,,,,,,,,,,,,,,,50.0,45.2,48.1,50.0,50.0,50.0,50.0,57.2,30.0,50.0,50.0,50.0,50.0,0.0,50.0,0.0,50.0,46.9,48.8,50.0,49.1,37.5,22.5,91.9,45.5,52.8,0.728,38.4,,,,,,,
2026_01_CHI_CAR,2026,1,CHI,00-0039843,Qadir Ismail,,,,,,,,,,,,,,,,,,TE,6.0,[],CAR,outdoors,,,,,,,,,,,,,,,,,,,,,,,,,,,0.0,0.0,0.0,0.0,0.0,0.0,0.0,,,,,,,,,,,,,,,,,50.0,45.2,48.1,50.0,50.0,50.0,50.0,57.2,30.0,50.0,50.0,50.0,50.0,0.0,50.0,0.0,50.0,46.9,48.8,50.0,49.1,37.5,22.5,91.9,45.5,52.8,0.728,38.4,,,,,,,
2026_01_DAL_NYG,2026,1,NYG,00-0039847,Theo Johnson,,,,,,,,,,,,,,,,,,TE,2.0,[],DAL,outdoors,,,,,,,,,,,,,,,,,,,,,,,,,,,0.0,0.0,0.0,0.0,0.0,0.0,0.0,,,,,,,,,,,,,,,,,50.0,45.2,48.1,50.0,50.0,50.0,50.0,57.2,30.0,50.0,50.0,50.0,50.0,0.0,50.0,0.0,50.0,46.9,48.8,50.0,49.1,37.5,22.5,91.9,45.5,52.8,0.728,38.4,,,,,,,
2026_01_TB_CIN,2026,1,TB,00-0039855,Jalen McMillan,,,,,,,,,,,,,,,,,,WR,3.0,[],CIN,outdoors,,,,,,,,,,,,,,,,,,,,,,,,,,,0.0,0.0,0.0,0.0,0.0,0.0,0.0,,,,,,,,,,,,,,,,,50.0,45.2,48.1,50.0,50.0,50.0,50.0,57.2,30.0,50.0,50.0,50.0,50.0,0.0,50.0,0.0,50.0,46.9,48.8,50.0,49.1,37.5,22.5,91.9,45.5,52.8,0.728,38.4,,,,,,,
2026_01_DEN_KC,2026,1,DEN,00-0039868,Troy Franklin,,,,,,,,,,,,,,,,,,WR,3.0,[],KC,outdoors,,,,,,,,,,,,,,,,,,,,,,,,,,,0.0,0.0,0.0,0.0,0.0,0.0,0.0,,,,,,,,,,,,,,,,,50.0,45.2,48.1,50.0,50.0,50.0,50.0,57.2,30.0,50.0,50.0,50.0,50.0,0.0,50.0,0.0,50.0,46.9,48.8,50.0,49.1,37.5,22.5,91.9,45.5,52.8,0.728,38.4,,,,,,,
2026_01_MIA_LV,2026,1,MIA,00-0039874,Jaylen Wright,,,,,,,,,,,,,,,,,,RB,2.0,[],LV,dome,,,,,,,,,,,,,,,,,,,,,,,,,,,0.0,0.0,0.0,0.0,0.0,0.0,0.0,,,,,,,,,,,,,,,,,50.0,45.2,48.1,50.0,50.0,50.0,50.0,57.2,30.0,50.0,50.0,50.0,50.0,0.0,50.0,0.0,50.0,46.9,48.8,100.0,64.1,50.0,26.7,85.9,47.9,57.1,0.74,42.2,,,,,,,
2026_01_BUF_HOU,2026,1,BUF,00-0039875,Ray Davis,,,,,,,,,,,,,,,,,,RB,2.0,[],HOU,,,,,,,,,,,,,,,,,,,,,,,,,,,,0.0,0.0,0.0,0.0,0.0,0.0,0.0,,,,,,,,,,,,,,,,,50.0,45.2,48.1,50.0,50.0,50.0,50.0,57.2,30.0,50.0,50.0,50.0,50.0,0.0,50.0,0.0,50.0,46.9,48.8,50.0,49.1,37.5,22.5,91.9,45.5,52.8,0.728,38.4,,,,,,,
2026_01_MIA_LV,2026,1,MIA,00-0039880,Malik Washington,,,,,,,,,,,,,,,,,,WR,1.0,[],LV,dome,,,,,,,,,,,,,,,,,,,,,,,,,,,0.0,0.0,0.0,0.0,0.0,0.0,0.0,,,,,,,,,,,,,,,,,50.0,45.2,48.1,50.0,50.0,50.0,50.0,57.2,30.0,50.0,50.0,50.0,50.0,0.0,50.0,0.0,50.0,46.9,48.8,100.0,64.1,50.0,26.7,85.9,47.9,57.1,0.74,42.2,,,,,,,
2026_01_MIA_LV,2026,1,MIA,00-0039884,Tahj Washington,,,,,,,,,,,,,,,,,,WR,9.0,[],LV,dome,,,,,,,,,,,,,,,,,,,,,,,,,,,0.0,0.0,0.0,0.0,0.0,0.0,0.0,,,,,,,,,,,,,,,,,50.0,45.2,48.1,50.0,50.0,50.0,50.0,57.2,30.0,50.0,50.0,50.0,50.0,0.0,50.0,0.0,50.0,46.9,48.8,100.0,64.1,50.0,26.7,85.9,47.9,57.1,0.74,42.2,,,,,,,
2026_01_NYJ_TEN,2026,1,NYJ,00-0039890,Adonai Mitchell,,,,,,,,,,,,,,,,,,WR,2.0,[],TEN,outdoors,,,,,,,,,,,,,,,,,,,,,,,,,,,0.0,0.0,0.0,0.0,0.0,0.0,0.0,,,,,,,,,,,,,,,,,50.0,45.2,48.1,50.0,50.0,50.0,50.0,57.2,30.0,50.0,50.0,50.0,50.0,0.0,50.0,0.0,50.0,46.9,48.8,50.0,49.1,37.5,22.5,91.9,45.5,52.8,0.728,38.4,,,,,,,
2026_01_CLE_JAX,2026,1,JAX,00-0039893,Brian Thomas Jr.,,,,,,,,,,,,,,,,,,WR,1.0,[],CLE,outdoors,,,,,,,,,,,,,,,,,,,,,,,,,,,0.0,0.0,0.0,0.0,0.0,0.0,0.0,,,,,,,,,,,,,,,,,50.0,45.2,48.1,50.0,50.0,50.0,50.0,57.2,30.0,50.0,50.0,50.0,50.0,0.0,50.0,0.0,50.0,46.9,48.8,50.0,49.1,37.5,22.5,91.9,45.5,52.8,0.728,38.4,,,,,,,
2026_01_DEN_KC,2026,1,KC,00-0039894,Xavier Worthy,,,,,,,,,,,,,,,,,,WR,2.0,[],DEN,outdoors,,,,,,,,,,,,,,,,,,,,,,,,,,,0.0,0.0,0.0,0.0,0.0,0.0,0.0,,,,,,,,,,,,,,,,,50.0,45.2,48.1,50.0,50.0,50.0,50.0,57.2,30.0,50.0,50.0,50.0,50.0,0.0,50.0,0.0,50.0,46.9,48.8,50.0,49.1,37.5,22.5,91.9,45.5,52.8,0.728,38.4,,,,,,,
2026_01_BUF_HOU,2026,1,BUF,00-0039901,Keon Coleman,,,,,,,,,,,,,,,,,,WR,3.0,[],HOU,,,,,,,,,,,,,,,,,,,,,,,,,,,,0.0,0.0,0.0,0.0,0.0,0.0,0.0,,,,,,,,,,,,,,,,,50.0,45.2,48.1,50.0,50.0,50.0,50.0,57.2,30.0,50.0,50.0,50.0,50.0,0.0,50.0,0.0,50.0,46.9,48.8,50.0,49.1,37.5,22.5,91.9,45.5,52.8,0.728,38.4,,,,,,,
2026_01_NO_DET,2026,1,NO,00-0039907,Ja'Lynn Polk,,,,,,,,,,,,,,,,,,WR,5.0,[],DET,dome,,,,,,,,,,,,,,,,,,,,,,,,,,,0.0,0.0,0.0,0.0,0.0,0.0,0.0,,,,,,,,,,,,,,,,,50.0,45.2,48.1,50.0,50.0,50.0,50.0,57.2,30.0,50.0,50.0,50.0,50.0,0.0,50.0,0.0,50.0,46.9,48.8,100.0,64.1,50.0,26.7,85.9,47.9,57.1,0.74,42.2,,,,,,,
2026_01_WAS_PHI,2026,1,WAS,00-0039912,Ben Sinnott,,,,,,,,,,,,,,,,,,TE,3.0,[],PHI,outdoors,,,,,,,,,,,,,,,,,,,,,,,,,,,0.0,0.0,0.0,0.0,0.0,0.0,0.0,,,,,,,,,,,,,,,,,50.0,45.2,48.1,50.0,50.0,50.0,50.0,57.2,30.0,50.0,50.0,50.0,50.0,0.0,50.0,0.0,50.0,46.9,48.8,50.0,49.1,37.5,22.5,91.9,45.5,52.8,0.728,38.4,,,,,,,
2026_01_ARI_LAC,2026,1,LAC,00-0039915,Ladd McConkey,,,,,,,,,,,,,,,,,,WR,1.0,[],ARI,dome,,,,,,,,,,,,,,,,,,,,,,,,,,,0.0,0.0,0.0,0.0,0.0,0.0,0.0,,,,,,,,,,,,,,,,,50.0,45.2,48.1,50.0,50.0,50.0,50.0,57.2,30.0,50.0,50.0,50.0,50.0,0.0,50.0,0.0,50.0,46.9,48.8,100.0,64.1,50.0,26.7,85.9,47.9,57.1,0.74,42.2,,,,,,,
2026_01_SF_LA,2026,1,SF,00-0039916,Ricky Pearsall,,,,,,,,,,,,,,,,,,WR,14.0,[],LA,dome,,,,,,,,,,,,,,,,,,,,,,,,,,,0.0,0.0,0.0,0.0,0.0,0.0,0.0,,,,,,,,,,,,,,,,,50.0,45.2,48.1,50.0,50.0,50.0,50.0,57.2,30.0,50.0,50.0,50.0,50.0,0.0,50.0,0.0,50.0,46.9,48.8,100.0,64.1,50.0,26.7,85.9,47.9,57.1,0.74,42.2,,,,,,,
2026_01_CHI_CAR,2026,1,CHI,00-0039919,Rome Odunze,,,,,,,,,,,,,,,,,,WR,1.0,[],CAR,outdoors,,,,,,,,,,,,,,,,,,,,,,,,,,,0.0,0.0,0.0,0.0,0.0,0.0,0.0,,,,,,,,,,,,,,,,,50.0,45.2,48.1,50.0,50.0,50.0,50.0,57.2,30.0,50.0,50.0,50.0,50.0,0.0,50.0,0.0,50.0,46.9,48.8,50.0,49.1,37.5,22.5,91.9,45.5,52.8,0.728,38.4,,,,,,,
2026_01_CLE_JAX,2026,1,CLE,00-0039920,Malachi Corley,,,,,,,,,,,,,,,,,,WR,7.0,[],JAX,outdoors,,,,,,,,,,,,,,,,,,,,,,,,,,,0.0,0.0,0.0,0.0,0.0,0.0,0.0,,,,,,,,,,,,,,,,,50.0,45.2,48.1,50.0,50.0,50.0,50.0,57.2,30.0,50.0,50.0,50.0,50.0,0.0,50.0,0.0,50.0,46.9,48.8,50.0,49.1,37.5,22.5,91.9,45.5,52.8,0.728,38.4,,,,,,,
2026_01_GB_MIN,2026,1,GB,00-0040009,Savion Williams,,,,,,,,,,,,,,,,,,WR,4.0,[],MIN,dome,,,,,,,,,,,,,,,,,,,,,,,,,,,0.0,0.0,0.0,0.0,0.0,0.0,0.0,,,,,,,,,,,,,,,,,50.0,45.2,48.1,50.0,50.0,50.0,50.0,57.2,30.0,50.0,50.0,50.0,50.0,0.0,50.0,0.0,50.0,46.9,48.8,100.0,64.1,50.0,26.7,85.9,47.9,57.1,0.74,42.2,,,,,,,
2026_01_DAL_NYG,2026,1,DAL,00-0040021,Phil Mafah,,,,,,,,,,,,,,,,,,RB,3.0,[],NYG,outdoors,,,,,,,,,,,,,,,,,,,,,,,,,,,0.0,0.0,0.0,0.0,0.0,0.0,0.0,,,,,,,,,,,,,,,,,50.0,45.2,48.1,50.0,50.0,50.0,50.0,57.2,30.0,50.0,50.0,50.0,50.0,0.0,50.0,0.0,50.0,46.9,48.8,50.0,49.1,37.5,22.5,91.9,45.5,52.8,0.728,38.4,,,,,,,
2026_01_WAS_PHI,2026,1,PHI,00-0040024,Darius Cooper,,,,,,,,,,,,,,,,,,WR,7.0,[],WAS,outdoors,,,,,,,,,,,,,,,,,,,,,,,,,,,0.0,0.0,0.0,0.0,0.0,0.0,0.0,,,,,,,,,,,,,,,,,50.0,45.2,48.1,50.0,50.0,50.0,50.0,57.2,30.0,50.0,50.0,50.0,50.0,0.0,50.0,0.0,50.0,46.9,48.8,50.0,49.1,37.5,22.5,91.9,45.5,52.8,0.728,38.4,,,,,,,
2026_01_ARI_LAC,2026,1,LAC,00-0040039,Amar Johnson,,,,,,,,,,,,,,,,,,RB,5.0,[],ARI,dome,,,,,,,,,,,,,,,,,,,,,,,,,,,0.0,0.0,0.0,0.0,0.0,0.0,0.0,,,,,,,,,,,,,,,,,50.0,45.2,48.1,50.0,50.0,50.0,50.0,57.2,30.0,50.0,50.0,50.0,50.0,0.0,50.0,0.0,50.0,46.9,48.8,100.0,64.1,50.0,26.7,85.9,47.9,57.1,0.74,42.2,,,,,,,
2026_01_DAL_NYG,2026,1,DAL,00-0040048,Traeshon Holden,,,,,,,,,,,,,,,,,,WR,10.0,[],NYG,outdoors,,,,,,,,,,,,,,,,,,,,,,,,,,,0.0,0.0,0.0,0.0,0.0,0.0,0.0,,,,,,,,,,,,,,,,,50.0,45.2,48.1,50.0,50.0,50.0,50.0,57.2,30.0,50.0,50.0,50.0,50.0,0.0,50.0,0.0,50.0,46.9,48.8,50.0,49.1,37.5,22.5,91.9,45.5,52.8,0.728,38.4,,,,,,,
2026_01_BUF_HOU,2026,1,HOU,00-0040049,Josh Kelly,,,,,,,,,,,,,,,,,,WR,8.0,[],BUF,,,,,,,,,,,,,,,,,,,,,,,,,,,,0.0,0.0,0.0,0.0,0.0,0.0,0.0,,,,,,,,,,,,,,,,,50.0,45.2,48.1,50.0,50.0,50.0,50.0,57.2,30.0,50.0,50.0,50.0,50.0,0.0,50.0,0.0,50.0,46.9,48.8,50.0,49.1,37.5,22.5,91.9,45.5,52.8,0.728,38.4,,,,,,,
2026_01_NE_SEA,2026,1,SEA,00-0040053,Tyrone Broden,,,,,,,,,,,,,,,,,,WR,9.0,[],NE,outdoors,,,,,,,,,,,,,,,,,,,,,,,,,,,0.0,0.0,0.0,0.0,0.0,0.0,0.0,,,,,,,,,,,,,,,,,50.0,45.2,48.1,50.0,50.0,50.0,50.0,57.2,30.0,50.0,50.0,50.0,50.0,0.0,50.0,0.0,50.0,46.9,48.8,50.0,49.1,37.5,22.5,91.9,45.5,52.8,0.728,38.4,,,,,,,
2026_01_NE_SEA,2026,1,SEA,00-0040058,Nick Kallerup,,,,,,,,,,,,,,,,,,TE,5.0,[],NE,outdoors,,,,,,,,,,,,,,,,,,,,,,,,,,,0.0,0.0,0.0,0.0,0.0,0.0,0.0,,,,,,,,,,,,,,,,,50.0,45.2,48.1,50.0,50.0,50.0,50.0,57.2,30.0,50.0,50.0,50.0,50.0,0.0,50.0,0.0,50.0,46.9,48.8,50.0,49.1,37.5,22.5,91.9,45.5,52.8,0.728,38.4,,,,,,,
2026_01_NE_SEA,2026,1,SEA,00-0040067,Jacardia Wright,,,,,,,,,,,,,,,,,,RB,6.0,[],NE,outdoors,,,,,,,,,,,,,,,,,,,,,,,,,,,0.0,0.0,0.0,0.0,0.0,0.0,0.0,,,,,,,,,,,,,,,,,50.0,45.2,48.1,50.0,50.0,50.0,50.0,57.2,30.0,50.0,50.0,50.0,50.0,0.0,50.0,0.0,50.0,46.9,48.8,50.0,49.1,37.5,22.5,91.9,45.5,52.8,0.728,38.4,,,,,,,
2026_01_BAL_IND,2026,1,BAL,00-0040075,LaJohntay Wester,,,,,,,,,,,,,,,,,,WR,6.0,[],IND,,,,,,,,,,,,,,,,,,,,,,,,,,,,0.0,0.0,0.0,0.0,0.0,0.0,0.0,,,,,,,,,,,,,,,,,50.0,45.2,48.1,50.0,50.0,50.0,50.0,57.2,30.0,50.0,50.0,50.0,50.0,0.0,50.0,0.0,50.0,46.9,48.8,50.0,49.1,37.5,22.5,91.9,45.5,52.8,0.728,38.4,,,,,,,
2026_01_DEN_KC,2026,1,KC,00-0040078,Brashard Smith,,,,,,,,,,,,,,,,,,RB,4.0,[],DEN,outdoors,,,,,,,,,,,,,,,,,,,,,,,,,,,0.0,0.0,0.0,0.0,0.0,0.0,0.0,,,,,,,,,,,,,,,,,50.0,45.2,48.1,50.0,50.0,50.0,50.0,57.2,30.0,50.0,50.0,50.0,50.0,0.0,50.0,0.0,50.0,46.9,48.8,50.0,49.1,37.5,22.5,91.9,45.5,52.8,0.728,38.4,,,,,,,
2026_01_DEN_KC,2026,1,KC,00-0040081,Jake Briningstool,,,,,,,,,,,,,,,,,,TE,4.0,[],DEN,outdoors,,,,,,,,,,,,,,,,,,,,,,,,,,,0.0,0.0,0.0,0.0,0.0,0.0,0.0,,,,,,,,,,,,,,,,,50.0,45.2,48.1,50.0,50.0,50.0,50.0,57.2,30.0,50.0,50.0,50.0,50.0,0.0,50.0,0.0,50.0,46.9,48.8,50.0,49.1,37.5,22.5,91.9,45.5,52.8,0.728,38.4,,,,,,,
2026_01_BUF_HOU,2026,1,BUF,00-0040086,Mac Dalena,,,,,,,,,,,,,,,,,,WR,11.0,[],HOU,,,,,,,,,,,,,,,,,,,,,,,,,,,,0.0,0.0,0.0,0.0,0.0,0.0,0.0,,,,,,,,,,,,,,,,,50.0,45.2,48.1,50.0,50.0,50.0,50.0,57.2,30.0,50.0,50.0,50.0,50.0,0.0,50.0,0.0,50.0,46.9,48.8,50.0,49.1,37.5,22.5,91.9,45.5,52.8,0.728,38.4,,,,,,,
2026_01_DEN_KC,2026,1,KC,00-0040094,Tre Watson,,,,,,,,,,,,,,,,,,TE,5.0,[],DEN,outdoors,,,,,,,,,,,,,,,,,,,,,,,,,,,0.0,0.0,0.0,0.0,0.0,0.0,0.0,,,,,,,,,,,,,,,,,50.0,45.2,48.1,50.0,50.0,50.0,50.0,57.2,30.0,50.0,50.0,50.0,50.0,0.0,50.0,0.0,50.0,46.9,48.8,50.0,49.1,37.5,22.5,91.9,45.5,52.8,0.728,38.4,,,,,,,
2026_01_BAL_IND,2026,1,BAL,00-0040099,Xavier Guillory,,,,,,,,,,,,,,,,,,WR,10.0,[],IND,,,,,,,,,,,,,,,,,,,,,,,,,,,,0.0,0.0,0.0,0.0,0.0,0.0,0.0,,,,,,,,,,,,,,,,,50.0,45.2,48.1,50.0,50.0,50.0,50.0,57.2,30.0,50.0,50.0,50.0,50.0,0.0,50.0,0.0,50.0,46.9,48.8,50.0,49.1,37.5,22.5,91.9,45.5,52.8,0.728,38.4,,,,,,,
2026_01_DEN_KC,2026,1,KC,00-0040120,Jimmy Holiday,,,,,,,,,,,,,,,,,,WR,9.0,[],DEN,outdoors,,,,,,,,,,,,,,,,,,,,,,,,,,,0.0,0.0,0.0,0.0,0.0,0.0,0.0,,,,,,,,,,,,,,,,,50.0,45.2,48.1,50.0,50.0,50.0,50.0,57.2,30.0,50.0,50.0,50.0,50.0,0.0,50.0,0.0,50.0,46.9,48.8,50.0,49.1,37.5,22.5,91.9,45.5,52.8,0.728,38.4,,,,,,,
2026_01_MIA_LV,2026,1,LV,00-0040122,Ashton Jeanty,,,,,,,,,,,,,,,,,,RB,1.0,[],MIA,dome,,,,,,,,,,,,,,,,,,,,,,,,,,,0.0,0.0,0.0,0.0,0.0,0.0,0.0,,,,,,,,,,,,,,,,,50.0,45.2,48.1,50.0,50.0,50.0,50.0,57.2,30.0,50.0,50.0,50.0,50.0,0.0,50.0,0.0,50.0,46.9,48.8,100.0,64.1,50.0,26.7,85.9,47.9,57.1,0.74,42.2,,,,,,,
2026_01_CHI_CAR,2026,1,CAR,00-0040124,Tetairoa McMillan,,,,,,,,,,,,,,,,,,WR,1.0,[],CHI,outdoors,,,,,,,,,,,,,,,,,,,,,,,,,,,0.0,0.0,0.0,0.0,0.0,0.0,0.0,,,,,,,,,,,,,,,,,50.0,45.2,48.1,50.0,50.0,50.0,50.0,57.2,30.0,50.0,50.0,50.0,50.0,0.0,50.0,0.0,50.0,46.9,48.8,50.0,49.1,37.5,22.5,91.9,45.5,52.8,0.728,38.4,,,,,,,
2026_01_CHI_CAR,2026,1,CHI,00-0040126,Colston Loveland,,,,,,,,,,,,,,,,,,TE,1.0,[],CAR,outdoors,,,,,,,,,,,,,,,,,,,,,,,,,,,0.0,0.0,0.0,0.0,0.0,0.0,0.0,,,,,,,,,,,,,,,,,50.0,45.2,48.1,50.0,50.0,50.0,50.0,57.2,30.0,50.0,50.0,50.0,50.0,0.0,50.0,0.0,50.0,46.9,48.8,50.0,49.1,37.5,22.5,91.9,45.5,52.8,0.728,38.4,,,,,,,
2026_01_BAL_IND,2026,1,IND,00-0040128,Tyler Warren,,,,,,,,,,,,,,,,,,TE,1.0,[],BAL,,,,,,,,,,,,,,,,,,,,,,,,,,,,0.0,0.0,0.0,0.0,0.0,0.0,0.0,,,,,,,,,,,,,,,,,50.0,45.2,48.1,50.0,50.0,50.0,50.0,57.2,30.0,50.0,50.0,50.0,50.0,0.0,50.0,0.0,50.0,46.9,48.8,50.0,49.1,37.5,22.5,91.9,45.5,52.8,0.728,38.4,,,,,,,
2026_01_TB_CIN,2026,1,TB,00-0040129,Emeka Egbuka,,,,,,,,,,,,,,,,,,WR,1.0,[],CIN,outdoors,,,,,,,,,,,,,,,,,,,,,,,,,,,0.0,0.0,0.0,0.0,0.0,0.0,0.0,,,,,,,,,,,,,,,,,50.0,45.2,48.1,50.0,50.0,50.0,50.0,57.2,30.0,50.0,50.0,50.0,50.0,0.0,50.0,0.0,50.0,46.9,48.8,50.0,49.1,37.5,22.5,91.9,45.5,52.8,0.728,38.4,,,,,,,
2026_01_BUF_HOU,2026,1,HOU,00-0040130,Jayden Higgins,,,,,,,,,,,,,,,,,,WR,2.0,[],BUF,,,,,,,,,,,,,,,,,,,,,,,,,,,,0.0,0.0,0.0,0.0,0.0,0.0,0.0,,,,,,,,,,,,,,,,,50.0,45.2,48.1,50.0,50.0,50.0,50.0,57.2,30.0,50.0,50.0,50.0,50.0,0.0,50.0,0.0,50.0,46.9,48.8,50.0,49.1,37.5,22.5,91.9,45.5,52.8,0.728,38.4,,,,,,,
2026_01_NE_SEA,2026,1,NE,00-0040131,Kyle Williams,,,,,,,,,,,,,,,,,,WR,6.0,[],SEA,outdoors,,,,,,,,,,,,,,,,,,,,,,,,,,,0.0,0.0,0.0,0.0,0.0,0.0,0.0,,,,,,,,,,,,,,,,,50.0,45.2,48.1,50.0,50.0,50.0,50.0,57.2,30.0,50.0,50.0,50.0,50.0,0.0,50.0,0.0,50.0,46.9,48.8,50.0,49.1,37.5,22.5,47.8,32.8,42.2,0.664,28.0,1.0,750.0,DraftKings,0.11764705882352941,750.0,5.0,100.0
2026_01_DEN_KC,2026,1,DEN,00-0040134,Pat Bryant,,,,,,,,,,,,,,,,,,WR,5.0,[],KC,outdoors,,,,,,,,,,,,,,,,,,,,,,,,,,,0.0,0.0,0.0,0.0,0.0,0.0,0.0,,,,,,,,,,,,,,,,,50.0,45.2,48.1,50.0,50.0,50.0,50.0,57.2,30.0,50.0,50.0,50.0,50.0,0.0,50.0,0.0,50.0,46.9,48.8,50.0,49.1,37.5,22.5,91.9,45.5,52.8,0.728,38.4,,,,,,,
2026_01_BUF_HOU,2026,1,HOU,00-0040138,Jaylin Noel,,,,,,,,,,,,,,,,,,WR,4.0,[],BUF,,,,,,,,,,,,,,,,,,,,,,,,,,,,0.0,0.0,0.0,0.0,0.0,0.0,0.0,,,,,,,,,,,,,,,,,50.0,45.2,48.1,50.0,50.0,50.0,50.0,57.2,30.0,50.0,50.0,50.0,50.0,0.0,50.0,0.0,50.0,46.9,48.8,50.0,49.1,37.5,22.5,91.9,45.5,52.8,0.728,38.4,,,,,,,
2026_01_ATL_PIT,2026,1,PIT,00-0040142,Kaleb Johnson,,,,,,,,,,,,,,,,,,RB,3.0,[],ATL,outdoors,,,,,,,,,,,,,,,,,,,,,,,,,,,0.0,0.0,0.0,0.0,0.0,0.0,0.0,,,,,,,,,,,,,,,,,50.0,45.2,48.1,50.0,50.0,50.0,50.0,57.2,30.0,50.0,50.0,50.0,50.0,0.0,50.0,0.0,50.0,46.9,48.8,50.0,49.1,37.5,22.5,91.9,45.5,52.8,0.728,38.4,,,,,,,
2026_01_GB_MIN,2026,1,MIN,00-0040154,Tai Felton,,,,,,,,,,,,,,,,,,WR,4.0,[],GB,dome,,,,,,,,,,,,,,,,,,,,,,,,,,,0.0,0.0,0.0,0.0,0.0,0.0,0.0,,,,,,,,,,,,,,,,,50.0,45.2,48.1,50.0,50.0,50.0,50.0,57.2,30.0,50.0,50.0,50.0,50.0,0.0,50.0,0.0,50.0,46.9,48.8,100.0,64.1,50.0,26.7,85.9,47.9,57.1,0.74,42.2,,,,,,,
2026_01_CLE_JAX,2026,1,CLE,00-0040162,Dylan Sampson,,,,,,,,,,,,,,,,,,RB,2.0,[],JAX,outdoors,,,,,,,,,,,,,,,,,,,,,,,,,,,0.0,0.0,0.0,0.0,0.0,0.0,0.0,,,,,,,,,,,,,,,,,50.0,45.2,48.1,50.0,50.0,50.0,50.0,57.2,30.0,50.0,50.0,50.0,50.0,0.0,50.0,0.0,50.0,46.9,48.8,50.0,49.1,37.5,22.5,91.9,45.5,52.8,0.728,38.4,,,,,,,
2026_01_WAS_PHI,2026,1,WAS,00-0040164,Jaylin Lane,,,,,,,,,,,,,,,,,,WR,7.0,[],PHI,outdoors,,,,,,,,,,,,,,,,,,,,,,,,,,,0.0,0.0,0.0,0.0,0.0,0.0,0.0,,,,,,,,,,,,,,,,,50.0,45.2,48.1,50.0,50.0,50.0,50.0,57.2,30.0,50.0,50.0,50.0,50.0,0.0,50.0,0.0,50.0,46.9,48.8,50.0,49.1,37.5,22.5,91.9,45.5,52.8,0.728,38.4,,,,,,,
2026_01_NYJ_TEN,2026,1,TEN,00-0040170,Elic Ayomanor,,,,,,,,,,,,,,,,,,WR,5.0,[],NYJ,outdoors,,,,,,,,,,,,,,,,,,,,,,,,,,,0.0,0.0,0.0,0.0,0.0,0.0,0.0,,,,,,,,,,,,,,,,,50.0,45.2,48.1,50.0,50.0,50.0,50.0,57.2,30.0,50.0,50.0,50.0,50.0,0.0,50.0,0.0,50.0,46.9,48.8,50.0,49.1,37.5,22.5,91.9,45.5,52.8,0.728,38.4,,,,,,,
2026_01_SF_LA,2026,1,SF,00-0040172,Jordan Watkins,,,,,,,,,,,,,,,,,,WR,6.0,[],LA,dome,,,,,,,,,,,,,,,,,,,,,,,,,,,0.0,0.0,0.0,0.0,0.0,0.0,0.0,,,,,,,,,,,,,,,,,50.0,45.2,48.1,50.0,50.0,50.0,50.0,57.2,30.0,50.0,50.0,50.0,50.0,0.0,50.0,0.0,50.0,46.9,48.8,100.0,64.1,50.0,26.7,85.9,47.9,57.1,0.74,42.2,,,,,,,
2026_01_SF_LA,2026,1,SF,00-0040177,Jordan James,,,,,,,,,,,,,,,,,,RB,2.0,[],LA,dome,,,,,,,,,,,,,,,,,,,,,,,,,,,0.0,0.0,0.0,0.0,0.0,0.0,0.0,,,,,,,,,,,,,,,,,50.0,45.2,48.1,50.0,50.0,50.0,50.0,57.2,30.0,50.0,50.0,50.0,50.0,0.0,50.0,0.0,50.0,46.9,48.8,100.0,64.1,50.0,26.7,85.9,47.9,57.1,0.74,42.2,,,,,,,
2026_01_BAL_IND,2026,1,IND,00-0040179,DJ Giddens,,,,,,,,,,,,,,,,,,RB,2.0,[],BAL,,,,,,,,,,,,,,,,,,,,,,,,,,,,0.0,0.0,0.0,0.0,0.0,0.0,0.0,,,,,,,,,,,,,,,,,50.0,45.2,48.1,50.0,50.0,50.0,50.0,57.2,30.0,50.0,50.0,50.0,50.0,0.0,50.0,0.0,50.0,46.9,48.8,50.0,49.1,37.5,22.5,91.9,45.5,52.8,0.728,38.4,,,,,,,
2026_01_ARI_LAC,2026,1,LAC,00-0040184,KeAndre Lambert-Smith,,,,,,,,,,,,,,,,,,WR,5.0,[],ARI,dome,,,,,,,,,,,,,,,,,,,,,,,,,,,0.0,0.0,0.0,0.0,0.0,0.0,0.0,,,,,,,,,,,,,,,,,50.0,45.2,48.1,50.0,50.0,50.0,50.0,57.2,30.0,50.0,50.0,50.0,50.0,0.0,50.0,0.0,50.0,46.9,48.8,100.0,64.1,50.0,26.7,85.9,47.9,57.1,0.74,42.2,,,,,,,
2026_01_CHI_CAR,2026,1,CAR,00-0040187,Mitchell Evans,,,,,,,,,,,,,,,,,,TE,3.0,[],CHI,outdoors,,,,,,,,,,,,,,,,,,,,,,,,,,,0.0,0.0,0.0,0.0,0.0,0.0,0.0,,,,,,,,,,,,,,,,,50.0,45.2,48.1,50.0,50.0,50.0,50.0,57.2,30.0,50.0,50.0,50.0,50.0,0.0,50.0,0.0,50.0,46.9,48.8,50.0,49.1,37.5,22.5,91.9,45.5,52.8,0.728,38.4,,,,,,,
2026_01_ARI_LAC,2026,1,LAC,00-0040189,Oronde Gadsden II,,,,,,,,,,,,,,,,,,TE,1.0,[],ARI,dome,,,,,,,,,,,,,,,,,,,,,,,,,,,0.0,0.0,0.0,0.0,0.0,0.0,0.0,,,,,,,,,,,,,,,,,50.0,45.2,48.1,50.0,50.0,50.0,50.0,57.2,30.0,50.0,50.0,50.0,50.0,0.0,50.0,0.0,50.0,46.9,48.8,100.0,64.1,50.0,26.7,85.9,47.9,57.1,0.74,42.2,,,,,,,
2026_01_BUF_HOU,2026,1,BUF,00-0040194,Jackson Hawes,,,,,,,,,,,,,,,,,,TE,3.0,[],HOU,,,,,,,,,,,,,,,,,,,,,,,,,,,,0.0,0.0,0.0,0.0,0.0,0.0,0.0,,,,,,,,,,,,,,,,,50.0,45.2,48.1,50.0,50.0,50.0,50.0,57.2,30.0,50.0,50.0,50.0,50.0,0.0,50.0,0.0,50.0,46.9,48.8,50.0,49.1,37.5,22.5,91.9,45.5,52.8,0.728,38.4,,,,,,,
2026_01_MIA_LV,2026,1,MIA,00-0040198,Ollie Gordon II,,,,,,,,,,,,,,,,,,RB,3.0,[],LV,dome,,,,,,,,,,,,,,,,,,,,,,,,,,,0.0,0.0,0.0,0.0,0.0,0.0,0.0,,,,,,,,,,,,,,,,,50.0,45.2,48.1,50.0,50.0,50.0,50.0,57.2,30.0,50.0,50.0,50.0,50.0,0.0,50.0,0.0,50.0,46.9,48.8,100.0,64.1,50.0,26.7,85.9,47.9,57.1,0.74,42.2,,,,,,,
2026_01_NO_DET,2026,1,NO,00-0040202,Devin Neal,,,,,,,,,,,,,,,,,,RB,3.0,[],DET,dome,,,,,,,,,,,,,,,,,,,,,,,,,,,0.0,0.0,0.0,0.0,0.0,0.0,0.0,,,,,,,,,,,,,,,,,50.0,45.2,48.1,50.0,50.0,50.0,50.0,57.2,30.0,50.0,50.0,50.0,50.0,0.0,50.0,0.0,50.0,46.9,48.8,100.0,64.1,50.0,26.7,85.9,47.9,57.1,0.74,42.2,,,,,,,
2026_01_NYJ_TEN,2026,1,TEN,00-0040205,Kalel Mullings,,,,,,,,,,,,,,,,,,RB,5.0,[],NYJ,outdoors,,,,,,,,,,,,,,,,,,,,,,,,,,,0.0,0.0,0.0,0.0,0.0,0.0,0.0,,,,,,,,,,,,,,,,,50.0,45.2,48.1,50.0,50.0,50.0,50.0,57.2,30.0,50.0,50.0,50.0,50.0,0.0,50.0,0.0,50.0,46.9,48.8,50.0,49.1,37.5,22.5,91.9,45.5,52.8,0.728,38.4,,,,,,,
2026_01_TB_CIN,2026,1,CIN,00-0040208,Tahj Brooks,,,,,,,,,,,,,,,,,,RB,3.0,[],TB,outdoors,,,,,,,,,,,,,,,,,,,,,,,,,,,0.0,0.0,0.0,0.0,0.0,0.0,0.0,,,,,,,,,,,,,,,,,50.0,45.2,48.1,50.0,50.0,50.0,50.0,57.2,30.0,50.0,50.0,50.0,50.0,0.0,50.0,0.0,50.0,46.9,48.8,50.0,49.1,37.5,22.5,91.9,45.5,52.8,0.728,38.4,,,,,,,
2026_01_GB_MIN,2026,1,MIN,00-0040215,Gavin Bartholomew,,,,,,,,,,,,,,,,,,TE,4.0,[],GB,dome,,,,,,,,,,,,,,,,,,,,,,,,,,,0.0,0.0,0.0,0.0,0.0,0.0,0.0,,,,,,,,,,,,,,,,,50.0,45.2,48.1,50.0,50.0,50.0,50.0,57.2,30.0,50.0,50.0,50.0,50.0,0.0,50.0,0.0,50.0,46.9,48.8,100.0,64.1,50.0,26.7,85.9,47.9,57.1,0.74,42.2,,,,,,,
2026_01_CHI_CAR,2026,1,CAR,00-0040218,Jimmy Horn Jr.,,,,,,,,,,,,,,,,,,WR,4.0,[],CHI,outdoors,,,,,,,,,,,,,,,,,,,,,,,,,,,0.0,0.0,0.0,0.0,0.0,0.0,0.0,,,,,,,,,,,,,,,,,50.0,45.2,48.1,50.0,50.0,50.0,50.0,57.2,30.0,50.0,50.0,50.0,50.0,0.0,50.0,0.0,50.0,46.9,48.8,50.0,49.1,37.5,22.5,91.9,45.5,52.8,0.728,38.4,,,,,,,
2026_01_DAL_NYG,2026,1,NYG,00-0040225,Thomas Fidone II,,,,,,,,,,,,,,,,,,TE,4.0,[],DAL,outdoors,,,,,,,,,,,,,,,,,,,,,,,,,,,0.0,0.0,0.0,0.0,0.0,0.0,0.0,,,,,,,,,,,,,,,,,50.0,45.2,48.1,50.0,50.0,50.0,50.0,57.2,30.0,50.0,50.0,50.0,50.0,0.0,50.0,0.0,50.0,46.9,48.8,50.0,49.1,37.5,22.5,91.9,45.5,52.8,0.728,38.4,,,,,,,
2026_01_CHI_CAR,2026,1,CHI,00-0040236,Kyle Monangai,,,,,,,,,,,,,,,,,,RB,2.0,[],CAR,outdoors,,,,,,,,,,,,,,,,,,,,,,,,,,,0.0,0.0,0.0,0.0,0.0,0.0,0.0,,,,,,,,,,,,,,,,,50.0,45.2,48.1,50.0,50.0,50.0,50.0,57.2,30.0,50.0,50.0,50.0,50.0,0.0,50.0,0.0,50.0,46.9,48.8,50.0,49.1,37.5,22.5,91.9,45.5,52.8,0.728,38.4,,,,,,,
2026_01_TB_CIN,2026,1,TB,00-0040237,Tez Johnson,,,,,,,,,,,,,,,,,,WR,5.0,[],CIN,outdoors,,,,,,,,,,,,,,,,,,,,,,,,,,,0.0,0.0,0.0,0.0,0.0,0.0,0.0,,,,,,,,,,,,,,,,,50.0,45.2,48.1,50.0,50.0,50.0,50.0,57.2,30.0,50.0,50.0,50.0,50.0,0.0,50.0,0.0,50.0,46.9,48.8,50.0,49.1,37.5,22.5,91.9,45.5,52.8,0.728,38.4,,,,,,,
2026_01_CLE_JAX,2026,1,JAX,00-0040238,LeQuint Allen Jr.,,,,,,,,,,,,,,,,,,RB,3.0,[],CLE,outdoors,,,,,,,,,,,,,,,,,,,,,,,,,,,0.0,0.0,0.0,0.0,0.0,0.0,0.0,,,,,,,,,,,,,,,,,50.0,45.2,48.1,50.0,50.0,50.0,50.0,57.2,30.0,50.0,50.0,50.0,50.0,0.0,50.0,0.0,50.0,46.9,48.8,50.0,49.1,37.5,22.5,91.9,45.5,52.8,0.728,38.4,,,,,,,
2026_01_DEN_KC,2026,1,DEN,00-0040240,Caleb Lohner,,,,,,,,,,,,,,,,,,TE,6.0,[],KC,outdoors,,,,,,,,,,,,,,,,,,,,,,,,,,,0.0,0.0,0.0,0.0,0.0,0.0,0.0,,,,,,,,,,,,,,,,,50.0,45.2,48.1,50.0,50.0,50.0,50.0,57.2,30.0,50.0,50.0,50.0,50.0,0.0,50.0,0.0,50.0,46.9,48.8,50.0,49.1,37.5,22.5,91.9,45.5,52.8,0.728,38.4,,,,,,,
2026_01_NO_DET,2026,1,DET,00-0040241,Dominic Lovett,,,,,,,,,,,,,,,,,,WR,5.0,[],NO,dome,,,,,,,,,,,,,,,,,,,,,,,,,,,0.0,0.0,0.0,0.0,0.0,0.0,0.0,,,,,,,,,,,,,,,,,50.0,45.2,48.1,50.0,50.0,50.0,50.0,57.2,30.0,50.0,50.0,50.0,50.0,0.0,50.0,0.0,50.0,46.9,48.8,100.0,64.1,50.0,26.7,85.9,47.9,57.1,0.74,42.2,,,,,,,
2026_01_WAS_PHI,2026,1,WAS,00-0040242,Jacory Croskey-Merritt,,,,,,,,,,,,,,,,,,RB,1.0,[],PHI,outdoors,,,,,,,,,,,,,,,,,,,,,,,,,,,0.0,0.0,0.0,0.0,0.0,0.0,0.0,,,,,,,,,,,,,,,,,50.0,45.2,48.1,50.0,50.0,50.0,50.0,57.2,30.0,50.0,50.0,50.0,50.0,0.0,50.0,0.0,50.0,46.9,48.8,50.0,49.1,37.5,22.5,91.9,45.5,52.8,0.728,38.4,,,,,,,
2026_01_NO_DET,2026,1,NO,00-0040244,Moliki Matavao,,,,,,,,,,,,,,,,,,TE,4.0,[],DET,dome,,,,,,,,,,,,,,,,,,,,,,,,,,,0.0,0.0,0.0,0.0,0.0,0.0,0.0,,,,,,,,,,,,,,,,,50.0,45.2,48.1,50.0,50.0,50.0,50.0,57.2,30.0,50.0,50.0,50.0,50.0,0.0,50.0,0.0,50.0,46.9,48.8,100.0,64.1,50.0,26.7,85.9,47.9,57.1,0.74,42.2,,,,,,,
2026_01_SF_LA,2026,1,SF,00-0040247,Junior Bergen,,,,,,,,,,,,,,,,,,WR,8.0,[],LA,dome,,,,,,,,,,,,,,,,,,,,,,,,,,,0.0,0.0,0.0,0.0,0.0,0.0,0.0,,,,,,,,,,,,,,,,,50.0,45.2,48.1,50.0,50.0,50.0,50.0,57.2,30.0,50.0,50.0,50.0,50.0,0.0,50.0,0.0,50.0,46.9,48.8,100.0,64.1,50.0,26.7,85.9,47.9,57.1,0.74,42.2,,,,,,,
2026_01_CLE_JAX,2026,1,CLE,00-0040259,Gage Larvadain,,,,,,,,,,,,,,,,,,WR,8.0,[],JAX,outdoors,,,,,,,,,,,,,,,,,,,,,,,,,,,0.0,0.0,0.0,0.0,0.0,0.0,0.0,,,,,,,,,,,,,,,,,50.0,45.2,48.1,50.0,50.0,50.0,50.0,57.2,30.0,50.0,50.0,50.0,50.0,0.0,50.0,0.0,50.0,46.9,48.8,50.0,49.1,37.5,22.5,91.9,45.5,52.8,0.728,38.4,,,,,,,
2026_01_CLE_JAX,2026,1,CLE,00-0040260,Ahmani Marshall,,,,,,,,,,,,,,,,,,RB,4.0,[],JAX,outdoors,,,,,,,,,,,,,,,,,,,,,,,,,,,0.0,0.0,0.0,0.0,0.0,0.0,0.0,,,,,,,,,,,,,,,,,50.0,45.2,48.1,50.0,50.0,50.0,50.0,57.2,30.0,50.0,50.0,50.0,50.0,0.0,50.0,0.0,50.0,46.9,48.8,50.0,49.1,37.5,22.5,91.9,45.5,52.8,0.728,38.4,,,,,,,
2026_01_CHI_CAR,2026,1,CAR,00-0040265,Ja'Seem Reed,,,,,,,,,,,,,,,,,,WR,9.0,[],CHI,outdoors,,,,,,,,,,,,,,,,,,,,,,,,,,,0.0,0.0,0.0,0.0,0.0,0.0,0.0,,,,,,,,,,,,,,,,,50.0,45.2,48.1,50.0,50.0,50.0,50.0,57.2,30.0,50.0,50.0,50.0,50.0,0.0,50.0,0.0,50.0,46.9,48.8,50.0,49.1,37.5,22.5,91.9,45.5,52.8,0.728,38.4,,,,,,,
2026_01_CHI_CAR,2026,1,CHI,00-0040275,JP Richardson,,,,,,,,,,,,,,,,,,WR,9.0,[],CAR,outdoors,,,,,,,,,,,,,,,,,,,,,,,,,,,0.0,0.0,0.0,0.0,0.0,0.0,0.0,,,,,,,,,,,,,,,,,50.0,45.2,48.1,50.0,50.0,50.0,50.0,57.2,30.0,50.0,50.0,50.0,50.0,0.0,50.0,0.0,50.0,46.9,48.8,50.0,49.1,37.5,22.5,91.9,45.5,52.8,0.728,38.4,,,,,,,
2026_01_CHI_CAR,2026,1,CHI,00-0040277,Jahdae Walker,,,,,,,,,,,,,,,,,,WR,4.0,[],CAR,outdoors,,,,,,,,,,,,,,,,,,,,,,,,,,,0.0,0.0,0.0,0.0,0.0,0.0,0.0,,,,,,,,,,,,,,,,,50.0,45.2,48.1,50.0,50.0,50.0,50.0,57.2,30.0,50.0,50.0,50.0,50.0,0.0,50.0,0.0,50.0,46.9,48.8,50.0,49.1,37.5,22.5,91.9,45.5,52.8,0.728,38.4,,,,,,,
2026_01_CHI_CAR,2026,1,CAR,00-0040292,Bryce Pierre,,,,,,,,,,,,,,,,,,TE,6.0,[],CHI,outdoors,,,,,,,,,,,,,,,,,,,,,,,,,,,0.0,0.0,0.0,0.0,0.0,0.0,0.0,,,,,,,,,,,,,,,,,50.0,45.2,48.1,50.0,50.0,50.0,50.0,57.2,30.0,50.0,50.0,50.0,50.0,0.0,50.0,0.0,50.0,46.9,48.8,50.0,49.1,37.5,22.5,91.9,45.5,52.8,0.728,38.4,,,,,,,
2026_01_DEN_KC,2026,1,KC,00-0040298,Andrew Armstrong,,,,,,,,,,,,,,,,,,WR,6.0,[],DEN,outdoors,,,,,,,,,,,,,,,,,,,,,,,,,,,0.0,0.0,0.0,0.0,0.0,0.0,0.0,,,,,,,,,,,,,,,,,50.0,45.2,48.1,50.0,50.0,50.0,50.0,57.2,30.0,50.0,50.0,50.0,50.0,0.0,50.0,0.0,50.0,46.9,48.8,50.0,49.1,37.5,22.5,91.9,45.5,52.8,0.728,38.4,,,,,,,
2026_01_MIA_LV,2026,1,MIA,00-0040302,A.J. Henning,,,,,,,,,,,,,,,,,,WR,10.0,[],LV,dome,,,,,,,,,,,,,,,,,,,,,,,,,,,0.0,0.0,0.0,0.0,0.0,0.0,0.0,,,,,,,,,,,,,,,,,50.0,45.2,48.1,50.0,50.0,50.0,50.0,57.2,30.0,50.0,50.0,50.0,50.0,0.0,50.0,0.0,50.0,46.9,48.8,100.0,64.1,50.0,26.7,85.9,47.9,57.1,0.74,42.2,,,,,,,
2026_01_MIA_LV,2026,1,MIA,00-0040311,Theo Wease Jr.,,,,,,,,,,,,,,,,,,WR,11.0,[],LV,dome,,,,,,,,,,,,,,,,,,,,,,,,,,,0.0,0.0,0.0,0.0,0.0,0.0,0.0,,,,,,,,,,,,,,,,,50.0,45.2,48.1,50.0,50.0,50.0,50.0,57.2,30.0,50.0,50.0,50.0,50.0,0.0,50.0,0.0,50.0,46.9,48.8,100.0,64.1,50.0,26.7,85.9,47.9,57.1,0.74,42.2,,,,,,,
2026_01_WAS_PHI,2026,1,WAS,00-0040317,Jacoby Jones,,,,,,,,,,,,,,,,,,WR,9.0,[],PHI,outdoors,,,,,,,,,,,,,,,,,,,,,,,,,,,0.0,0.0,0.0,0.0,0.0,0.0,0.0,,,,,,,,,,,,,,,,,50.0,45.2,48.1,50.0,50.0,50.0,50.0,57.2,30.0,50.0,50.0,50.0,50.0,0.0,50.0,0.0,50.0,46.9,48.8,50.0,49.1,37.5,22.5,91.9,45.5,52.8,0.728,38.4,,,,,,,
2026_01_CLE_JAX,2026,1,JAX,00-0040323,Chandler Brayboy,,,,,,,,,,,,,,,,,,WR,9.0,[],CLE,outdoors,,,,,,,,,,,,,,,,,,,,,,,,,,,0.0,0.0,0.0,0.0,0.0,0.0,0.0,,,,,,,,,,,,,,,,,50.0,45.2,48.1,50.0,50.0,50.0,50.0,57.2,30.0,50.0,50.0,50.0,50.0,0.0,50.0,0.0,50.0,46.9,48.8,50.0,49.1,37.5,22.5,91.9,45.5,52.8,0.728,38.4,,,,,,,
2026_01_CLE_JAX,2026,1,JAX,00-0040331,Patrick Herbert,,,,,,,,,,,,,,,,,,TE,6.0,[],CLE,outdoors,,,,,,,,,,,,,,,,,,,,,,,,,,,0.0,0.0,0.0,0.0,0.0,0.0,0.0,,,,,,,,,,,,,,,,,50.0,45.2,48.1,50.0,50.0,50.0,50.0,57.2,30.0,50.0,50.0,50.0,50.0,0.0,50.0,0.0,50.0,46.9,48.8,50.0,49.1,37.5,22.5,91.9,45.5,52.8,0.728,38.4,,,,,,,
2026_01_BAL_IND,2026,1,IND,00-0040337,Eli Pancol,,,,,,,,,,,,,,,,,,WR,11.0,[],BAL,,,,,,,,,,,,,,,,,,,,,,,,,,,,0.0,0.0,0.0,0.0,0.0,0.0,0.0,,,,,,,,,,,,,,,,,50.0,45.2,48.1,50.0,50.0,50.0,50.0,57.2,30.0,50.0,50.0,50.0,50.0,0.0,50.0,0.0,50.0,46.9,48.8,50.0,49.1,37.5,22.5,91.9,45.5,52.8,0.728,38.4,,,,,,,
2026_01_BAL_IND,2026,1,IND,00-0040352,Coleman Owen,,,,,,,,,,,,,,,,,,WR,8.0,[],BAL,,,,,,,,,,,,,,,,,,,,,,,,,,,,0.0,0.0,0.0,0.0,0.0,0.0,0.0,,,,,,,,,,,,,,,,,50.0,45.2,48.1,50.0,50.0,50.0,50.0,57.2,30.0,50.0,50.0,50.0,50.0,0.0,50.0,0.0,50.0,46.9,48.8,50.0,49.1,37.5,22.5,91.9,45.5,52.8,0.728,38.4,,,,,,,
2026_01_BUF_HOU,2026,1,BUF,00-0040361,Stephen Gosnell,,,,,,,,,,,,,,,,,,WR,10.0,[],HOU,,,,,,,,,,,,,,,,,,,,,,,,,,,,0.0,0.0,0.0,0.0,0.0,0.0,0.0,,,,,,,,,,,,,,,,,50.0,45.2,48.1,50.0,50.0,50.0,50.0,57.2,30.0,50.0,50.0,50.0,50.0,0.0,50.0,0.0,50.0,46.9,48.8,50.0,49.1,37.5,22.5,91.9,45.5,52.8,0.728,38.4,,,,,,,
2026_01_BUF_HOU,2026,1,BUF,00-0040363,Keleki Latu,,,,,,,,,,,,,,,,,,TE,5.0,[],HOU,,,,,,,,,,,,,,,,,,,,,,,,,,,,0.0,0.0,0.0,0.0,0.0,0.0,0.0,,,,,,,,,,,,,,,,,50.0,45.2,48.1,50.0,50.0,50.0,50.0,57.2,30.0,50.0,50.0,50.0,50.0,0.0,50.0,0.0,50.0,46.9,48.8,50.0,49.1,37.5,22.5,91.9,45.5,52.8,0.728,38.4,,,,,,,
2026_01_TB_CIN,2026,1,CIN,00-0040375,Jordan Moore,,,,,,,,,,,,,,,,,,WR,10.0,[],TB,outdoors,,,,,,,,,,,,,,,,,,,,,,,,,,,0.0,0.0,0.0,0.0,0.0,0.0,0.0,,,,,,,,,,,,,,,,,50.0,45.2,48.1,50.0,50.0,50.0,50.0,57.2,30.0,50.0,50.0,50.0,50.0,0.0,50.0,0.0,50.0,46.9,48.8,50.0,49.1,37.5,22.5,91.9,45.5,52.8,0.728,38.4,,,,,,,
2026_01_NO_DET,2026,1,DET,00-0040387,Zach Horton,,,,,,,,,,,,,,,,,,TE,5.0,[],NO,dome,,,,,,,,,,,,,,,,,,,,,,,,,,,0.0,0.0,0.0,0.0,0.0,0.0,0.0,,,,,,,,,,,,,,,,,50.0,45.2,48.1,50.0,50.0,50.0,50.0,57.2,30.0,50.0,50.0,50.0,50.0,0.0,50.0,0.0,50.0,46.9,48.8,100.0,64.1,50.0,26.7,85.9,47.9,57.1,0.74,42.2,,,,,,,
2026_01_GB_MIN,2026,1,GB,00-0040388,Jakobie Keeney-James,,,,,,,,,,,,,,,,,,WR,9.0,[],MIN,dome,,,,,,,,,,,,,,,,,,,,,,,,,,,0.0,0.0,0.0,0.0,0.0,0.0,0.0,,,,,,,,,,,,,,,,,50.0,45.2,48.1,50.0,50.0,50.0,50.0,57.2,30.0,50.0,50.0,50.0,50.0,0.0,50.0,0.0,50.0,46.9,48.8,100.0,64.1,50.0,26.7,85.9,47.9,57.1,0.74,42.2,,,,,,,
2026_01_NO_DET,2026,1,DET,00-0040390,Jackson Meeks,,,,,,,,,,,,,,,,,,WR,8.0,[],NO,dome,,,,,,,,,,,,,,,,,,,,,,,,,,,0.0,0.0,0.0,0.0,0.0,0.0,0.0,,,,,,,,,,,,,,,,,50.0,45.2,48.1,50.0,50.0,50.0,50.0,57.2,30.0,50.0,50.0,50.0,50.0,0.0,50.0,0.0,50.0,46.9,48.8,100.0,64.1,50.0,26.7,85.9,47.9,57.1,0.74,42.2,,,,,,,
2026_01_NO_DET,2026,1,DET,00-0040393,Kye Robichaux,,,,,,,,,,,,,,,,,,RB,8.0,[],NO,dome,,,,,,,,,,,,,,,,,,,,,,,,,,,0.0,0.0,0.0,0.0,0.0,0.0,0.0,,,,,,,,,,,,,,,,,50.0,45.2,48.1,50.0,50.0,50.0,50.0,57.2,30.0,50.0,50.0,50.0,50.0,0.0,50.0,0.0,50.0,46.9,48.8,100.0,64.1,50.0,26.7,85.9,47.9,57.1,0.74,42.2,,,,,,,
2026_01_CHI_CAR,2026,1,CAR,00-0040394,Anthony Tyus III,,,,,,,,,,,,,,,,,,RB,5.0,[],CHI,outdoors,,,,,,,,,,,,,,,,,,,,,,,,,,,0.0,0.0,0.0,0.0,0.0,0.0,0.0,,,,,,,,,,,,,,,,,50.0,45.2,48.1,50.0,50.0,50.0,50.0,57.2,30.0,50.0,50.0,50.0,50.0,0.0,50.0,0.0,50.0,46.9,48.8,50.0,49.1,37.5,22.5,91.9,45.5,52.8,0.728,38.4,,,,,,,
2026_01_MIA_LV,2026,1,MIA,00-0040400,Donovan Edwards,,,,,,,,,,,,,,,,,,RB,4.0,[],LV,dome,,,,,,,,,,,,,,,,,,,,,,,,,,,0.0,0.0,0.0,0.0,0.0,0.0,0.0,,,,,,,,,,,,,,,,,50.0,45.2,48.1,50.0,50.0,50.0,50.0,57.2,30.0,50.0,50.0,50.0,50.0,0.0,50.0,0.0,50.0,46.9,48.8,100.0,64.1,50.0,26.7,85.9,47.9,57.1,0.74,42.2,,,,,,,
2026_01_NYJ_TEN,2026,1,NYJ,00-0040405,Jamaal Pritchett,,,,,,,,,,,,,,,,,,WR,7.0,[],TEN,outdoors,,,,,,,,,,,,,,,,,,,,,,,,,,,0.0,0.0,0.0,0.0,0.0,0.0,0.0,,,,,,,,,,,,,,,,,50.0,45.2,48.1,50.0,50.0,50.0,50.0,57.2,30.0,50.0,50.0,50.0,50.0,0.0,50.0,0.0,50.0,46.9,48.8,50.0,49.1,37.5,22.5,91.9,45.5,52.8,0.728,38.4,,,,,,,
2026_01_NYJ_TEN,2026,1,NYJ,00-0040406,Quentin Skinner,,,,,,,,,,,,,,,,,,WR,13.0,[],TEN,outdoors,,,,,,,,,,,,,,,,,,,,,,,,,,,0.0,0.0,0.0,0.0,0.0,0.0,0.0,,,,,,,,,,,,,,,,,50.0,45.2,48.1,50.0,50.0,50.0,50.0,57.2,30.0,50.0,50.0,50.0,50.0,0.0,50.0,0.0,50.0,46.9,48.8,50.0,49.1,37.5,22.5,91.9,45.5,52.8,0.728,38.4,,,,,,,
2026_01_TB_CIN,2026,1,TB,00-0040419,Garrett Greene,,,,,,,,,,,,,,,,,,WR,9.0,[],CIN,outdoors,,,,,,,,,,,,,,,,,,,,,,,,,,,0.0,0.0,0.0,0.0,0.0,0.0,0.0,,,,,,,,,,,,,,,,,50.0,45.2,48.1,50.0,50.0,50.0,50.0,57.2,30.0,50.0,50.0,50.0,50.0,0.0,50.0,0.0,50.0,46.9,48.8,50.0,49.1,37.5,22.5,91.9,45.5,52.8,0.728,38.4,,,,,,,
2026_01_TB_CIN,2026,1,TB,00-0040429,Josh Williams,,,,,,,,,,,,,,,,,,RB,4.0,[],CIN,outdoors,,,,,,,,,,,,,,,,,,,,,,,,,,,0.0,0.0,0.0,0.0,0.0,0.0,0.0,,,,,,,,,,,,,,,,,50.0,45.2,48.1,50.0,50.0,50.0,50.0,57.2,30.0,50.0,50.0,50.0,50.0,0.0,50.0,0.0,50.0,46.9,48.8,50.0,49.1,37.5,22.5,91.9,45.5,52.8,0.728,38.4,,,,,,,
2026_01_DAL_NYG,2026,1,NYG,00-0040431,Dalen Cambre,,,,,,,,,,,,,,,,,,WR,11.0,[],DAL,outdoors,,,,,,,,,,,,,,,,,,,,,,,,,,,0.0,0.0,0.0,0.0,0.0,0.0,0.0,,,,,,,,,,,,,,,,,50.0,45.2,48.1,50.0,50.0,50.0,50.0,57.2,30.0,50.0,50.0,50.0,50.0,0.0,50.0,0.0,50.0,46.9,48.8,50.0,49.1,37.5,22.5,91.9,45.5,52.8,0.728,38.4,,,,,,,
2026_01_DAL_NYG,2026,1,NYG,00-0040432,Beaux Collins,,,,,,,,,,,,,,,,,,WR,15.0,[],DAL,outdoors,,,,,,,,,,,,,,,,,,,,,,,,,,,0.0,0.0,0.0,0.0,0.0,0.0,0.0,,,,,,,,,,,,,,,,,50.0,45.2,48.1,50.0,50.0,50.0,50.0,57.2,30.0,50.0,50.0,50.0,50.0,0.0,50.0,0.0,50.0,46.9,48.8,50.0,49.1,37.5,22.5,91.9,45.5,52.8,0.728,38.4,,,,,,,
2026_01_NYJ_TEN,2026,1,TEN,00-0040445,Courtney Jackson,,,,,,,,,,,,,,,,,,WR,11.0,[],NYJ,outdoors,,,,,,,,,,,,,,,,,,,,,,,,,,,0.0,0.0,0.0,0.0,0.0,0.0,0.0,,,,,,,,,,,,,,,,,50.0,45.2,48.1,50.0,50.0,50.0,50.0,57.2,30.0,50.0,50.0,50.0,50.0,0.0,50.0,0.0,50.0,46.9,48.8,50.0,49.1,37.5,22.5,91.9,45.5,52.8,0.728,38.4,,,,,,,
2026_01_ARI_LAC,2026,1,LAC,00-0040461,Luke Grimm,,,,,,,,,,,,,,,,,,WR,10.0,[],ARI,dome,,,,,,,,,,,,,,,,,,,,,,,,,,,0.0,0.0,0.0,0.0,0.0,0.0,0.0,,,,,,,,,,,,,,,,,50.0,45.2,48.1,50.0,50.0,50.0,50.0,57.2,30.0,50.0,50.0,50.0,50.0,0.0,50.0,0.0,50.0,46.9,48.8,100.0,64.1,50.0,26.7,85.9,47.9,57.1,0.74,42.2,,,,,,,
2026_01_CLE_JAX,2026,1,CLE,00-0040466,Raheim Sanders,,,,,,,,,,,,,,,,,,RB,3.0,[],JAX,outdoors,,,,,,,,,,,,,,,,,,,,,,,,,,,0.0,0.0,0.0,0.0,0.0,0.0,0.0,,,,,,,,,,,,,,,,,50.0,45.2,48.1,50.0,50.0,50.0,50.0,57.2,30.0,50.0,50.0,50.0,50.0,0.0,50.0,0.0,50.0,46.9,48.8,50.0,49.1,37.5,22.5,91.9,45.5,52.8,0.728,38.4,,,,,,,
2026_01_BAL_IND,2026,1,IND,00-0040476,Ulysses Bentley IV,,,,,,,,,,,,,,,,,,RB,4.0,[],BAL,,,,,,,,,,,,,,,,,,,,,,,,,,,,0.0,0.0,0.0,0.0,0.0,0.0,0.0,,,,,,,,,,,,,,,,,50.0,45.2,48.1,50.0,50.0,50.0,50.0,57.2,30.0,50.0,50.0,50.0,50.0,0.0,50.0,0.0,50.0,46.9,48.8,50.0,49.1,37.5,22.5,91.9,45.5,52.8,0.728,38.4,,,,,,,
2026_01_MIA_LV,2026,1,LV,00-0040488,Carter Runyon,,,,,,,,,,,,,,,,,,TE,5.0,[],MIA,dome,,,,,,,,,,,,,,,,,,,,,,,,,,,0.0,0.0,0.0,0.0,0.0,0.0,0.0,,,,,,,,,,,,,,,,,50.0,45.2,48.1,50.0,50.0,50.0,50.0,57.2,30.0,50.0,50.0,50.0,50.0,0.0,50.0,0.0,50.0,46.9,48.8,100.0,64.1,50.0,26.7,85.9,47.9,57.1,0.74,42.2,,,,,,,
2026_01_GB_MIN,2026,1,MIN,00-0040498,Dontae Fleming,,,,,,,,,,,,,,,,,,WR,8.0,[],GB,dome,,,,,,,,,,,,,,,,,,,,,,,,,,,0.0,0.0,0.0,0.0,0.0,0.0,0.0,,,,,,,,,,,,,,,,,50.0,45.2,48.1,50.0,50.0,50.0,50.0,57.2,30.0,50.0,50.0,50.0,50.0,0.0,50.0,0.0,50.0,46.9,48.8,100.0,64.1,50.0,26.7,85.9,47.9,57.1,0.74,42.2,,,,,,,
2026_01_GB_MIN,2026,1,MIN,00-0040504,Bryson Nesbit,,,,,,,,,,,,,,,,,,TE,5.0,[],GB,dome,,,,,,,,,,,,,,,,,,,,,,,,,,,0.0,0.0,0.0,0.0,0.0,0.0,0.0,,,,,,,,,,,,,,,,,50.0,45.2,48.1,50.0,50.0,50.0,50.0,57.2,30.0,50.0,50.0,50.0,50.0,0.0,50.0,0.0,50.0,46.9,48.8,100.0,64.1,50.0,26.7,85.9,47.9,57.1,0.74,42.2,,,,,,,
2026_01_GB_MIN,2026,1,MIN,00-0040506,Myles Price,,,,,,,,,,,,,,,,,,WR,5.0,[],GB,dome,,,,,,,,,,,,,,,,,,,,,,,,,,,0.0,0.0,0.0,0.0,0.0,0.0,0.0,,,,,,,,,,,,,,,,,50.0,45.2,48.1,50.0,50.0,50.0,50.0,57.2,30.0,50.0,50.0,50.0,50.0,0.0,50.0,0.0,50.0,46.9,48.8,100.0,64.1,50.0,26.7,85.9,47.9,57.1,0.74,42.2,,,,,,,
2026_01_GB_MIN,2026,1,MIN,00-0040509,Ben Yurosek,,,,,,,,,,,,,,,,,,TE,3.0,[],GB,dome,,,,,,,,,,,,,,,,,,,,,,,,,,,0.0,0.0,0.0,0.0,0.0,0.0,0.0,,,,,,,,,,,,,,,,,50.0,45.2,48.1,50.0,50.0,50.0,50.0,57.2,30.0,50.0,50.0,50.0,50.0,0.0,50.0,0.0,50.0,46.9,48.8,100.0,64.1,50.0,26.7,85.9,47.9,57.1,0.74,42.2,,,,,,,
2026_01_NYJ_TEN,2026,1,TEN,00-0040522,Xavier Restrepo,,,,,,,,,,,,,,,,,,WR,9.0,[],NYJ,outdoors,,,,,,,,,,,,,,,,,,,,,,,,,,,0.0,0.0,0.0,0.0,0.0,0.0,0.0,,,,,,,,,,,,,,,,,50.0,45.2,48.1,50.0,50.0,50.0,50.0,57.2,30.0,50.0,50.0,50.0,50.0,0.0,50.0,0.0,50.0,46.9,48.8,50.0,49.1,37.5,22.5,91.9,45.5,52.8,0.728,38.4,,,,,,,
2026_01_ATL_PIT,2026,1,PIT,00-0040528,JJ Galbreath,,,,,,,,,,,,,,,,,,TE,6.0,[],ATL,outdoors,,,,,,,,,,,,,,,,,,,,,,,,,,,0.0,0.0,0.0,0.0,0.0,0.0,0.0,,,,,,,,,,,,,,,,,50.0,45.2,48.1,50.0,50.0,50.0,50.0,57.2,30.0,50.0,50.0,50.0,50.0,0.0,50.0,0.0,50.0,46.9,48.8,50.0,49.1,37.5,22.5,91.9,45.5,52.8,0.728,38.4,,,,,,,
2026_01_TB_CIN,2026,1,CIN,00-0040534,Ke'Shawn Williams,,,,,,,,,,,,,,,,,,WR,7.0,[],TB,outdoors,,,,,,,,,,,,,,,,,,,,,,,,,,,0.0,0.0,0.0,0.0,0.0,0.0,0.0,,,,,,,,,,,,,,,,,50.0,45.2,48.1,50.0,50.0,50.0,50.0,57.2,30.0,50.0,50.0,50.0,50.0,0.0,50.0,0.0,50.0,46.9,48.8,50.0,49.1,37.5,22.5,91.9,45.5,52.8,0.728,38.4,,,,,,,
2026_01_ATL_PIT,2026,1,ATL,00-0040547,Nate Carter,,,,,,,,,,,,,,,,,,RB,4.0,[],PIT,outdoors,,,,,,,,,,,,,,,,,,,,,,,,,,,0.0,0.0,0.0,0.0,0.0,0.0,0.0,,,,,,,,,,,,,,,,,50.0,45.2,48.1,50.0,50.0,50.0,50.0,57.2,30.0,50.0,50.0,50.0,50.0,0.0,50.0,0.0,50.0,46.9,48.8,50.0,49.1,37.5,22.5,91.9,45.5,52.8,0.728,38.4,,,,,,,
2026_01_WAS_PHI,2026,1,WAS,00-0040551,Nick Nash,,,,,,,,,,,,,,,,,,WR,11.0,[],PHI,outdoors,,,,,,,,,,,,,,,,,,,,,,,,,,,0.0,0.0,0.0,0.0,0.0,0.0,0.0,,,,,,,,,,,,,,,,,50.0,45.2,48.1,50.0,50.0,50.0,50.0,57.2,30.0,50.0,50.0,50.0,50.0,0.0,50.0,0.0,50.0,46.9,48.8,50.0,49.1,37.5,22.5,91.9,45.5,52.8,0.728,38.4,,,,,,,
2026_01_ATL_PIT,2026,1,ATL,00-0040552,Joshua Simon,,,,,,,,,,,,,,,,,,TE,5.0,[],PIT,outdoors,,,,,,,,,,,,,,,,,,,,,,,,,,,0.0,0.0,0.0,0.0,0.0,0.0,0.0,,,,,,,,,,,,,,,,,50.0,45.2,48.1,50.0,50.0,50.0,50.0,57.2,30.0,50.0,50.0,50.0,50.0,0.0,50.0,0.0,50.0,46.9,48.8,50.0,49.1,37.5,22.5,91.9,45.5,52.8,0.728,38.4,,,,,,,
2026_01_GB_MIN,2026,1,GB,00-0040558,Isaiah Neyor,,,,,,,,,,,,,,,,,,WR,7.0,[],MIN,dome,,,,,,,,,,,,,,,,,,,,,,,,,,,0.0,0.0,0.0,0.0,0.0,0.0,0.0,,,,,,,,,,,,,,,,,50.0,45.2,48.1,50.0,50.0,50.0,50.0,57.2,30.0,50.0,50.0,50.0,50.0,0.0,50.0,0.0,50.0,46.9,48.8,100.0,64.1,50.0,26.7,85.9,47.9,57.1,0.74,42.2,,,,,,,
2026_01_NE_SEA,2026,1,NE,00-0040563,Efton Chism III,,,,,,,,,,,,,,,,,,WR,7.0,[],SEA,outdoors,,,,,,,,,,,,,,,,,,,,,,,,,,,0.0,0.0,0.0,0.0,0.0,0.0,0.0,,,,,,,,,,,,,,,,,50.0,45.2,48.1,50.0,50.0,50.0,50.0,57.2,30.0,50.0,50.0,50.0,50.0,0.0,50.0,0.0,50.0,46.9,48.8,50.0,49.1,37.5,22.5,91.9,45.5,52.8,0.728,38.4,,,,,,,
2026_01_NE_SEA,2026,1,NE,00-0040566,CJ Dippre,,,,,,,,,,,,,,,,,,TE,3.0,[],SEA,outdoors,,,,,,,,,,,,,,,,,,,,,,,,,,,0.0,0.0,0.0,0.0,0.0,0.0,0.0,,,,,,,,,,,,,,,,,50.0,45.2,48.1,50.0,50.0,50.0,50.0,57.2,30.0,50.0,50.0,50.0,50.0,0.0,50.0,0.0,50.0,46.9,48.8,50.0,49.1,37.5,22.5,91.9,45.5,52.8,0.728,38.4,,,,,,,
2026_01_NE_SEA,2026,1,NE,00-0040567,Brock Lampe,,,,,,,,,,,,,,,,,,RB,,[],SEA,outdoors,,,,,,,,,,,,,,,,,,,,,,,,,,,0.0,0.0,0.0,0.0,0.0,0.0,0.0,,,,,,,,,,,,,,,,,50.0,45.2,48.1,50.0,50.0,50.0,50.0,57.2,30.0,50.0,50.0,50.0,50.0,0.0,50.0,0.0,50.0,46.9,48.8,50.0,49.1,37.5,22.5,91.9,45.5,52.8,0.728,38.4,,,,,,,
2026_01_NE_SEA,2026,1,NE,00-0040568,Lan Larison,,,,,,,,,,,,,,,,,,RB,3.0,[],SEA,outdoors,,,,,,,,,,,,,,,,,,,,,,,,,,,0.0,0.0,0.0,0.0,0.0,0.0,0.0,,,,,,,,,,,,,,,,,50.0,45.2,48.1,50.0,50.0,50.0,50.0,57.2,30.0,50.0,50.0,50.0,50.0,0.0,50.0,0.0,50.0,46.9,48.8,50.0,49.1,37.5,22.5,91.9,45.5,52.8,0.728,38.4,,,,,,,
2026_01_NE_SEA,2026,1,NE,00-0040570,Jeremiah Webb,,,,,,,,,,,,,,,,,,WR,13.0,[],SEA,outdoors,,,,,,,,,,,,,,,,,,,,,,,,,,,0.0,0.0,0.0,0.0,0.0,0.0,0.0,,,,,,,,,,,,,,,,,50.0,45.2,48.1,50.0,50.0,50.0,50.0,57.2,30.0,50.0,50.0,50.0,50.0,0.0,50.0,0.0,50.0,46.9,48.8,50.0,49.1,37.5,22.5,91.9,45.5,52.8,0.728,38.4,,,,,,,
2026_01_NYJ_TEN,2026,1,NYJ,00-0040571,Gee Scott Jr.,,,,,,,,,,,,,,,,,,WR,14.0,[],TEN,outdoors,,,,,,,,,,,,,,,,,,,,,,,,,,,0.0,0.0,0.0,0.0,0.0,0.0,0.0,,,,,,,,,,,,,,,,,50.0,45.2,48.1,50.0,50.0,50.0,50.0,57.2,30.0,50.0,50.0,50.0,50.0,0.0,50.0,0.0,50.0,46.9,48.8,50.0,49.1,37.5,22.5,91.9,45.5,52.8,0.728,38.4,,,,,,,
2026_01_MIA_LV,2026,1,LV,00-0040581,Dont'e Thornton Jr.,,,,,,,,,,,,,,,,,,WR,5.0,[],MIA,dome,,,,,,,,,,,,,,,,,,,,,,,,,,,0.0,0.0,0.0,0.0,0.0,0.0,0.0,,,,,,,,,,,,,,,,,50.0,45.2,48.1,50.0,50.0,50.0,50.0,57.2,30.0,50.0,50.0,50.0,50.0,0.0,50.0,0.0,50.0,46.9,48.8,100.0,64.1,50.0,26.7,85.9,47.9,57.1,0.74,42.2,,,,,,,
2026_01_NYJ_TEN,2026,1,NYJ,00-0040582,Arian Smith,,,,,,,,,,,,,,,,,,WR,6.0,[],TEN,outdoors,,,,,,,,,,,,,,,,,,,,,,,,,,,0.0,0.0,0.0,0.0,0.0,0.0,0.0,,,,,,,,,,,,,,,,,50.0,45.2,48.1,50.0,50.0,50.0,50.0,57.2,30.0,50.0,50.0,50.0,50.0,0.0,50.0,0.0,50.0,46.9,48.8,50.0,49.1,37.5,22.5,91.9,45.5,52.8,0.728,38.4,,,,,,,
2026_01_BUF_HOU,2026,1,HOU,00-0040583,Woody Marks,,,,,,,,,,,,,,,,,,RB,2.0,[],BUF,,,,,,,,,,,,,,,,,,,,,,,,,,,,0.0,0.0,0.0,0.0,0.0,0.0,0.0,,,,,,,,,,,,,,,,,50.0,45.2,48.1,50.0,50.0,50.0,50.0,57.2,30.0,50.0,50.0,50.0,50.0,0.0,50.0,0.0,50.0,46.9,48.8,50.0,49.1,37.5,22.5,91.9,45.5,52.8,0.728,38.4,,,,,,,
2026_01_NYJ_TEN,2026,1,TEN,00-0040584,Gunnar Helm,,,,,,,,,,,,,,,,,,TE,1.0,[],NYJ,outdoors,,,,,,,,,,,,,,,,,,,,,,,,,,,0.0,0.0,0.0,0.0,0.0,0.0,0.0,,,,,,,,,,,,,,,,,50.0,45.2,48.1,50.0,50.0,50.0,50.0,57.2,30.0,50.0,50.0,50.0,50.0,0.0,50.0,0.0,50.0,46.9,48.8,50.0,49.1,37.5,22.5,91.9,45.5,52.8,0.728,38.4,,,,,,,
2026_01_DAL_NYG,2026,1,DAL,00-0040586,Jaydon Blue,,,,,,,,,,,,,,,,,,RB,2.0,[],NYG,outdoors,,,,,,,,,,,,,,,,,,,,,,,,,,,0.0,0.0,0.0,0.0,0.0,0.0,0.0,,,,,,,,,,,,,,,,,50.0,45.2,48.1,50.0,50.0,50.0,50.0,57.2,30.0,50.0,50.0,50.0,50.0,0.0,50.0,0.0,50.0,46.9,48.8,50.0,49.1,37.5,22.5,91.9,45.5,52.8,0.728,38.4,,,,,,,
2026_01_SF_LA,2026,1,LA,00-0040590,Konata Mumpfield,,,,,,,,,,,,,,,,,,WR,5.0,[],SF,dome,,,,,,,,,,,,,,,,,,,,,,,,,,,0.0,0.0,0.0,0.0,0.0,0.0,0.0,,,,,,,,,,,,,,,,,50.0,45.2,48.1,50.0,50.0,50.0,50.0,57.2,30.0,50.0,50.0,50.0,50.0,0.0,50.0,0.0,50.0,46.9,48.8,100.0,64.1,50.0,26.7,85.9,47.9,57.1,0.74,42.2,,,,,,,
2026_01_SF_LA,2026,1,LA,00-0040597,Brennan Presley,,,,,,,,,,,,,,,,,,WR,9.0,[],SF,dome,,,,,,,,,,,,,,,,,,,,,,,,,,,0.0,0.0,0.0,0.0,0.0,0.0,0.0,,,,,,,,,,,,,,,,,50.0,45.2,48.1,50.0,50.0,50.0,50.0,57.2,30.0,50.0,50.0,50.0,50.0,0.0,50.0,0.0,50.0,46.9,48.8,100.0,64.1,50.0,26.7,85.9,47.9,57.1,0.74,42.2,,,,,,,
2026_01_SF_LA,2026,1,LA,00-0040598,Mark Redman,,,,,,,,,,,,,,,,,,TE,6.0,[],SF,dome,,,,,,,,,,,,,,,,,,,,,,,,,,,0.0,0.0,0.0,0.0,0.0,0.0,0.0,,,,,,,,,,,,,,,,,50.0,45.2,48.1,50.0,50.0,50.0,50.0,57.2,30.0,50.0,50.0,50.0,50.0,0.0,50.0,0.0,50.0,46.9,48.8,100.0,64.1,50.0,26.7,85.9,47.9,57.1,0.74,42.2,,,,,,,
2026_01_SF_LA,2026,1,LA,00-0040601,Jordan Waters,,,,,,,,,,,,,,,,,,RB,5.0,[],SF,dome,,,,,,,,,,,,,,,,,,,,,,,,,,,0.0,0.0,0.0,0.0,0.0,0.0,0.0,,,,,,,,,,,,,,,,,50.0,45.2,48.1,50.0,50.0,50.0,50.0,57.2,30.0,50.0,50.0,50.0,50.0,0.0,50.0,0.0,50.0,46.9,48.8,100.0,64.1,50.0,26.7,85.9,47.9,57.1,0.74,42.2,,,,,,,
2026_01_SF_LA,2026,1,LA,00-0040603,Mario Williams,,,,,,,,,,,,,,,,,,WR,8.0,[],SF,dome,,,,,,,,,,,,,,,,,,,,,,,,,,,0.0,0.0,0.0,0.0,0.0,0.0,0.0,,,,,,,,,,,,,,,,,50.0,45.2,48.1,50.0,50.0,50.0,50.0,57.2,30.0,50.0,50.0,50.0,50.0,0.0,50.0,0.0,50.0,46.9,48.8,100.0,64.1,50.0,26.7,85.9,47.9,57.1,0.74,42.2,,,,,,,
2026_01_SF_LA,2026,1,LA,00-0040609,Tru Edwards,,,,,,,,,,,,,,,,,,WR,10.0,[],SF,dome,,,,,,,,,,,,,,,,,,,,,,,,,,,0.0,0.0,0.0,0.0,0.0,0.0,0.0,,,,,,,,,,,,,,,,,50.0,45.2,48.1,50.0,50.0,50.0,50.0,57.2,30.0,50.0,50.0,50.0,50.0,0.0,50.0,0.0,50.0,46.9,48.8,100.0,64.1,50.0,26.7,85.9,47.9,57.1,0.74,42.2,,,,,,,
2026_01_CLE_JAX,2026,1,CLE,00-0040617,Luke Floriea,,,,,,,,,,,,,,,,,,WR,10.0,[],JAX,outdoors,,,,,,,,,,,,,,,,,,,,,,,,,,,0.0,0.0,0.0,0.0,0.0,0.0,0.0,,,,,,,,,,,,,,,,,50.0,45.2,48.1,50.0,50.0,50.0,50.0,57.2,30.0,50.0,50.0,50.0,50.0,0.0,50.0,0.0,50.0,46.9,48.8,50.0,49.1,37.5,22.5,91.9,45.5,52.8,0.728,38.4,,,,,,,
2026_01_ATL_PIT,2026,1,PIT,00-0040618,Max Hurleman,,,,,,,,,,,,,,,,,,RB,,[],ATL,outdoors,,,,,,,,,,,,,,,,,,,,,,,,,,,0.0,0.0,0.0,0.0,0.0,0.0,0.0,,,,,,,,,,,,,,,,,50.0,45.2,48.1,50.0,50.0,50.0,50.0,57.2,30.0,50.0,50.0,50.0,50.0,0.0,50.0,0.0,50.0,46.9,48.8,50.0,49.1,37.5,22.5,91.9,45.5,52.8,0.728,38.4,,,,,,,
2026_01_NE_SEA,2026,1,SEA,00-0040621,Montorie Foster Jr,,,,,,,,,,,,,,,,,,WR,7.0,[],NE,outdoors,,,,,,,,,,,,,,,,,,,,,,,,,,,0.0,0.0,0.0,0.0,0.0,0.0,0.0,,,,,,,,,,,,,,,,,50.0,45.2,48.1,50.0,50.0,50.0,50.0,57.2,30.0,50.0,50.0,50.0,50.0,0.0,50.0,0.0,50.0,46.9,48.8,50.0,49.1,37.5,22.5,91.9,45.5,52.8,0.728,38.4,,,,,,,
2026_01_GB_MIN,2026,1,GB,00-0040628,Drake Dabney,,,,,,,,,,,,,,,,,,TE,4.0,[],MIN,dome,,,,,,,,,,,,,,,,,,,,,,,,,,,0.0,0.0,0.0,0.0,0.0,0.0,0.0,,,,,,,,,,,,,,,,,50.0,45.2,48.1,50.0,50.0,50.0,50.0,57.2,30.0,50.0,50.0,50.0,50.0,0.0,50.0,0.0,50.0,46.9,48.8,100.0,64.1,50.0,26.7,85.9,47.9,57.1,0.74,42.2,,,,,,,
2026_01_ARI_LAC,2026,1,LAC,00-0040629,Dalevon Campbell,,,,,,,,,,,,,,,,,,WR,7.0,[],ARI,dome,,,,,,,,,,,,,,,,,,,,,,,,,,,0.0,0.0,0.0,0.0,0.0,0.0,0.0,,,,,,,,,,,,,,,,,50.0,45.2,48.1,50.0,50.0,50.0,50.0,57.2,30.0,50.0,50.0,50.0,50.0,0.0,50.0,0.0,50.0,46.9,48.8,100.0,64.1,50.0,26.7,85.9,47.9,57.1,0.74,42.2,,,,,,,
2026_01_BAL_IND,2026,1,BAL,00-0040637,Lucas Scott,,,,,,,,,,,,,,,,,,RB,,[],IND,,,,,,,,,,,,,,,,,,,,,,,,,,,,0.0,0.0,0.0,0.0,0.0,0.0,0.0,,,,,,,,,,,,,,,,,50.0,45.2,48.1,50.0,50.0,50.0,50.0,57.2,30.0,50.0,50.0,50.0,50.0,0.0,50.0,0.0,50.0,46.9,48.8,50.0,49.1,37.5,22.5,91.9,45.5,52.8,0.728,38.4,,,,,,,
2026_01_CHI_CAR,2026,1,CAR,00-0040644,Trevor Etienne,,,,,,,,,,,,,,,,,,RB,3.0,[],CHI,outdoors,,,,,,,,,,,,,,,,,,,,,,,,,,,0.0,0.0,0.0,0.0,0.0,0.0,0.0,,,,,,,,,,,,,,,,,50.0,45.2,48.1,50.0,50.0,50.0,50.0,57.2,30.0,50.0,50.0,50.0,50.0,0.0,50.0,0.0,50.0,46.9,48.8,50.0,49.1,37.5,22.5,91.9,45.5,52.8,0.728,38.4,,,,,,,
2026_01_DEN_KC,2026,1,KC,00-0040646,Jalen Royals,,,,,,,,,,,,,,,,,,WR,4.0,[],DEN,outdoors,,,,,,,,,,,,,,,,,,,,,,,,,,,0.0,0.0,0.0,0.0,0.0,0.0,0.0,,,,,,,,,,,,,,,,,50.0,45.2,48.1,50.0,50.0,50.0,50.0,57.2,30.0,50.0,50.0,50.0,50.0,0.0,50.0,0.0,50.0,46.9,48.8,50.0,49.1,37.5,22.5,91.9,45.5,52.8,0.728,38.4,,,,,,,
2026_01_NE_SEA,2026,1,SEA,00-0040648,Tory Horton,,,,,,,,,,,,,,,,,,WR,4.0,[],NE,outdoors,,,,,,,,,,,,,,,,,,,,,,,,,,,0.0,0.0,0.0,0.0,0.0,0.0,0.0,,,,,,,,,,,,,,,,,50.0,45.2,48.1,50.0,50.0,50.0,50.0,57.2,30.0,50.0,50.0,50.0,50.0,0.0,50.0,0.0,50.0,46.9,48.8,50.0,49.1,37.5,22.5,72.8,40.5,47.8,0.702,33.5,1.0,500.0,DraftKings,0.16666666666666666,500.0,30.0,100.0
2026_01_NE_SEA,2026,1,SEA,00-0040649,Robbie Ouzts,,,,,,,,,,,,,,,,,,RB,,[],NE,outdoors,,,,,,,,,,,,,,,,,,,,,,,,,,,0.0,0.0,0.0,0.0,0.0,0.0,0.0,,,,,,,,,,,,,,,,,50.0,45.2,48.1,50.0,50.0,50.0,50.0,57.2,30.0,50.0,50.0,50.0,50.0,0.0,50.0,0.0,50.0,46.9,48.8,50.0,49.1,37.5,22.5,91.9,45.5,52.8,0.728,38.4,,,,,,,
2026_01_GB_MIN,2026,1,GB,00-0040651,Damien Martinez,,,,,,,,,,,,,,,,,,RB,5.0,[],MIN,dome,,,,,,,,,,,,,,,,,,,,,,,,,,,0.0,0.0,0.0,0.0,0.0,0.0,0.0,,,,,,,,,,,,,,,,,50.0,45.2,48.1,50.0,50.0,50.0,50.0,57.2,30.0,50.0,50.0,50.0,50.0,0.0,50.0,0.0,50.0,46.9,48.8,100.0,64.1,50.0,26.7,85.9,47.9,57.1,0.74,42.2,,,,,,,
2026_01_NE_SEA,2026,1,SEA,00-0040653,Ricky White III,,,,,,,,,,,,,,,,,,WR,9.0,[],NE,outdoors,,,,,,,,,,,,,,,,,,,,,,,,,,,0.0,0.0,0.0,0.0,0.0,0.0,0.0,,,,,,,,,,,,,,,,,50.0,45.2,48.1,50.0,50.0,50.0,50.0,57.2,30.0,50.0,50.0,50.0,50.0,0.0,50.0,0.0,50.0,46.9,48.8,50.0,49.1,37.5,22.5,91.9,45.5,52.8,0.728,38.4,,,,,,,
2026_01_CLE_JAX,2026,1,CLE,00-0040663,Harold Fannin Jr.,,,,,,,,,,,,,,,,,,TE,1.0,[],JAX,outdoors,,,,,,,,,,,,,,,,,,,,,,,,,,,0.0,0.0,0.0,0.0,0.0,0.0,0.0,,,,,,,,,,,,,,,,,50.0,45.2,48.1,50.0,50.0,50.0,50.0,57.2,30.0,50.0,50.0,50.0,50.0,0.0,50.0,0.0,50.0,46.9,48.8,50.0,49.1,37.5,22.5,91.9,45.5,52.8,0.728,38.4,,,,,,,
2026_01_ARI_LAC,2026,1,LAC,00-0040666,Omarion Hampton,,,,,,,,,,,,,,,,,,RB,1.0,[],ARI,dome,,,,,,,,,,,,,,,,,,,,,,,,,,,0.0,0.0,0.0,0.0,0.0,0.0,0.0,,,,,,,,,,,,,,,,,50.0,45.2,48.1,50.0,50.0,50.0,50.0,57.2,30.0,50.0,50.0,50.0,50.0,0.0,50.0,0.0,50.0,46.9,48.8,100.0,64.1,50.0,26.7,85.9,47.9,57.1,0.74,42.2,,,,,,,
2026_01_GB_MIN,2026,1,GB,00-0040667,Matthew Golden,,,,,,,,,,,,,,,,,,WR,3.0,[],MIN,dome,,,,,,,,,,,,,,,,,,,,,,,,,,,0.0,0.0,0.0,0.0,0.0,0.0,0.0,,,,,,,,,,,,,,,,,50.0,45.2,48.1,50.0,50.0,50.0,50.0,57.2,30.0,50.0,50.0,50.0,50.0,0.0,50.0,0.0,50.0,46.9,48.8,100.0,64.1,50.0,26.7,85.9,47.9,57.1,0.74,42.2,,,,,,,
2026_01_NO_DET,2026,1,DET,00-0040669,Isaac TeSlaa,,,,,,,,,,,,,,,,,,WR,3.0,[],NO,dome,,,,,,,,,,,,,,,,,,,,,,,,,,,0.0,0.0,0.0,0.0,0.0,0.0,0.0,,,,,,,,,,,,,,,,,50.0,45.2,48.1,50.0,50.0,50.0,50.0,57.2,30.0,50.0,50.0,50.0,50.0,0.0,50.0,0.0,50.0,46.9,48.8,100.0,64.1,50.0,26.7,85.9,47.9,57.1,0.74,42.2,,,,,,,
2026_01_SF_LA,2026,1,LA,00-0040692,Jarquez Hunter,,,,,,,,,,,,,,,,,,RB,4.0,[],SF,dome,,,,,,,,,,,,,,,,,,,,,,,,,,,0.0,0.0,0.0,0.0,0.0,0.0,0.0,,,,,,,,,,,,,,,,,50.0,45.2,48.1,50.0,50.0,50.0,50.0,57.2,30.0,50.0,50.0,50.0,50.0,0.0,50.0,0.0,50.0,46.9,48.8,100.0,64.1,50.0,26.7,85.9,47.9,57.1,0.74,42.2,,,,,,,
2026_01_NO_DET,2026,1,DET,00-0040697,Thomas Gordon,,,,,,,,,,,,,,,,,,TE,6.0,[],NO,dome,,,,,,,,,,,,,,,,,,,,,,,,,,,0.0,0.0,0.0,0.0,0.0,0.0,0.0,,,,,,,,,,,,,,,,,50.0,45.2,48.1,50.0,50.0,50.0,50.0,57.2,30.0,50.0,50.0,50.0,50.0,0.0,50.0,0.0,50.0,46.9,48.8,100.0,64.1,50.0,26.7,85.9,47.9,57.1,0.74,42.2,,,,,,,
2026_01_NYJ_TEN,2026,1,TEN,00-0040705,Chimere Dike,,,,,,,,,,,,,,,,,,WR,4.0,[],NYJ,outdoors,,,,,,,,,,,,,,,,,,,,,,,,,,,0.0,0.0,0.0,0.0,0.0,0.0,0.0,,,,,,,,,,,,,,,,,50.0,45.2,48.1,50.0,50.0,50.0,50.0,57.2,30.0,50.0,50.0,50.0,50.0,0.0,50.0,0.0,50.0,46.9,48.8,50.0,49.1,37.5,22.5,91.9,45.5,52.8,0.728,38.4,,,,,,,
2026_01_DAL_NYG,2026,1,NYG,00-0040715,Cam Skattebo,,,,,,,,,,,,,,,,,,RB,1.0,[],DAL,outdoors,,,,,,,,,,,,,,,,,,,,,,,,,,,0.0,0.0,0.0,0.0,0.0,0.0,0.0,,,,,,,,,,,,,,,,,50.0,45.2,48.1,50.0,50.0,50.0,50.0,57.2,30.0,50.0,50.0,50.0,50.0,0.0,50.0,0.0,50.0,46.9,48.8,50.0,49.1,37.5,22.5,91.9,45.5,52.8,0.728,38.4,,,,,,,
2026_01_CLE_JAX,2026,1,JAX,00-0040718,Travis Hunter,,,,,,,,,,,,,,,,,,WR,4.0,[],CLE,outdoors,,,,,,,,,,,,,,,,,,,,,,,,,,,0.0,0.0,0.0,0.0,0.0,0.0,0.0,,,,,,,,,,,,,,,,,50.0,45.2,48.1,50.0,50.0,50.0,50.0,57.2,30.0,50.0,50.0,50.0,50.0,0.0,50.0,0.0,50.0,46.9,48.8,50.0,49.1,37.5,22.5,91.9,45.5,52.8,0.728,38.4,,,,,,,
2026_01_CLE_JAX,2026,1,JAX,00-0040719,Bhayshul Tuten,,,,,,,,,,,,,,,,,,RB,1.0,[],CLE,outdoors,,,,,,,,,,,,,,,,,,,,,,,,,,,0.0,0.0,0.0,0.0,0.0,0.0,0.0,,,,,,,,,,,,,,,,,50.0,45.2,48.1,50.0,50.0,50.0,50.0,57.2,30.0,50.0,50.0,50.0,50.0,0.0,50.0,0.0,50.0,46.9,48.8,50.0,49.1,37.5,22.5,91.9,45.5,52.8,0.728,38.4,,,,,,,
2026_01_ARI_LAC,2026,1,LAC,00-0040727,Tre Harris,,,,,,,,,,,,,,,,,,WR,3.0,[],ARI,dome,,,,,,,,,,,,,,,,,,,,,,,,,,,0.0,0.0,0.0,0.0,0.0,0.0,0.0,,,,,,,,,,,,,,,,,50.0,45.2,48.1,50.0,50.0,50.0,50.0,57.2,30.0,50.0,50.0,50.0,50.0,0.0,50.0,0.0,50.0,46.9,48.8,100.0,64.1,50.0,26.7,85.9,47.9,57.1,0.74,42.2,,,,,,,
2026_01_MIA_LV,2026,1,LV,00-0040729,Jack Bech,,,,,,,,,,,,,,,,,,WR,4.0,[],MIA,dome,,,,,,,,,,,,,,,,,,,,,,,,,,,0.0,0.0,0.0,0.0,0.0,0.0,0.0,,,,,,,,,,,,,,,,,50.0,45.2,48.1,50.0,50.0,50.0,50.0,57.2,30.0,50.0,50.0,50.0,50.0,0.0,50.0,0.0,50.0,46.9,48.8,100.0,64.1,50.0,26.7,85.9,47.9,57.1,0.74,42.2,,,,,,,
2026_01_DEN_KC,2026,1,DEN,00-0040730,RJ Harvey,,,,,,,,,,,,,,,,,,RB,2.0,[],KC,outdoors,,,,,,,,,,,,,,,,,,,,,,,,,,,0.0,0.0,0.0,0.0,0.0,0.0,0.0,,,,,,,,,,,,,,,,,50.0,45.2,48.1,50.0,50.0,50.0,50.0,57.2,30.0,50.0,50.0,50.0,50.0,0.0,50.0,0.0,50.0,46.9,48.8,50.0,49.1,37.5,22.5,91.9,45.5,52.8,0.728,38.4,,,,,,,
2026_01_NE_SEA,2026,1,NE,00-0040734,TreVeyon Henderson,,,,,,,,,,,,,,,,,,RB,2.0,[],SEA,outdoors,,,,,,,,,,,,,,,,,,,,,,,,,,,0.0,0.0,0.0,0.0,0.0,0.0,0.0,,,,,,,,,,,,,,,,,50.0,45.2,48.1,50.0,50.0,50.0,50.0,57.2,30.0,50.0,50.0,50.0,50.0,0.0,50.0,0.0,50.0,46.9,48.8,50.0,49.1,37.5,22.5,74.1,40.8,57.8,0.704,40.7,1.0,165.0,DraftKings,0.37735849056603776,165.0,75.0,100.0
2026_01_CHI_CAR,2026,1,CHI,00-0040735,Luther Burden III,,,,,,,,,,,,,,,,,,WR,2.0,[],CAR,outdoors,,,,,,,,,,,,,,,,,,,,,,,,,,,0.0,0.0,0.0,0.0,0.0,0.0,0.0,,,,,,,,,,,,,,,,,50.0,45.2,48.1,50.0,50.0,50.0,50.0,57.2,30.0,50.0,50.0,50.0,50.0,0.0,50.0,0.0,50.0,46.9,48.8,50.0,49.1,37.5,22.5,91.9,45.5,52.8,0.728,38.4,,,,,,,
2026_01_NYJ_TEN,2026,1,NYJ,00-0040736,Mason Taylor,,,,,,,,,,,,,,,,,,TE,2.0,[],TEN,outdoors,,,,,,,,,,,,,,,,,,,,,,,,,,,0.0,0.0,0.0,0.0,0.0,0.0,0.0,,,,,,,,,,,,,,,,,50.0,45.2,48.1,50.0,50.0,50.0,50.0,57.2,30.0,50.0,50.0,50.0,50.0,0.0,50.0,0.0,50.0,46.9,48.8,50.0,49.1,37.5,22.5,91.9,45.5,52.8,0.728,38.4,,,,,,,
2026_01_SF_LA,2026,1,LA,00-0040737,Terrance Ferguson,,,,,,,,,,,,,,,,,,TE,3.0,[],SF,dome,,,,,,,,,,,,,,,,,,,,,,,,,,,0.0,0.0,0.0,0.0,0.0,0.0,0.0,,,,,,,,,,,,,,,,,50.0,45.2,48.1,50.0,50.0,50.0,50.0,57.2,30.0,50.0,50.0,50.0,50.0,0.0,50.0,0.0,50.0,46.9,48.8,100.0,64.1,50.0,26.7,85.9,47.9,57.1,0.74,42.2,,,,,,,
2026_01_NE_SEA,2026,1,SEA,00-0040739,Elijah Arroyo,,,,,,,,,,,,,,,,,,TE,2.0,[],NE,outdoors,,,,,,,,,,,,,,,,,,,,,,,,,,,0.0,0.0,0.0,0.0,0.0,0.0,0.0,,,,,,,,,,,,,,,,,50.0,45.2,48.1,50.0,50.0,50.0,50.0,57.2,30.0,50.0,50.0,50.0,50.0,0.0,50.0,0.0,50.0,46.9,48.8,50.0,49.1,37.5,22.5,72.8,40.5,47.8,0.702,33.5,1.0,500.0,DraftKings,0.16666666666666666,500.0,30.0,100.0
2026_01_GB_MIN,2026,1,GB,00-0040753,Will Sheppard,,,,,,,,,,,,,,,,,,WR,8.0,[],MIN,dome,,,,,,,,,,,,,,,,,,,,,,,,,,,0.0,0.0,0.0,0.0,0.0,0.0,0.0,,,,,,,,,,,,,,,,,50.0,45.2,48.1,50.0,50.0,50.0,50.0,57.2,30.0,50.0,50.0,50.0,50.0,0.0,50.0,0.0,50.0,46.9,48.8,100.0,64.1,50.0,26.7,85.9,47.9,57.1,0.74,42.2,,,,,,,
2026_01_DAL_NYG,2026,1,DAL,00-0040769,Jaden Smith,,,,,,,,,,,,,,,,,,WR,13.0,[],NYG,outdoors,,,,,,,,,,,,,,,,,,,,,,,,,,,0.0,0.0,0.0,0.0,0.0,0.0,0.0,,,,,,,,,,,,,,,,,50.0,45.2,48.1,50.0,50.0,50.0,50.0,57.2,30.0,50.0,50.0,50.0,50.0,0.0,50.0,0.0,50.0,46.9,48.8,50.0,49.1,37.5,22.5,91.9,45.5,52.8,0.728,38.4,,,,,,,
2026_01_CLE_JAX,2026,1,CLE,00-0040782,Isaiah Bond,,,,,,,,,,,,,,,,,,WR,5.0,[],JAX,outdoors,,,,,,,,,,,,,,,,,,,,,,,,,,,0.0,0.0,0.0,0.0,0.0,0.0,0.0,,,,,,,,,,,,,,,,,50.0,45.2,48.1,50.0,50.0,50.0,50.0,57.2,30.0,50.0,50.0,50.0,50.0,0.0,50.0,0.0,50.0,46.9,48.8,50.0,49.1,37.5,22.5,91.9,45.5,52.8,0.728,38.4,,,,,,,
2026_01_CLE_JAX,2026,1,CLE,00-0040784,Quinshon Judkins,,,,,,,,,,,,,,,,,,RB,1.0,[],JAX,outdoors,,,,,,,,,,,,,,,,,,,,,,,,,,,0.0,0.0,0.0,0.0,0.0,0.0,0.0,,,,,,,,,,,,,,,,,50.0,45.2,48.1,50.0,50.0,50.0,50.0,57.2,30.0,50.0,50.0,50.0,50.0,0.0,50.0,0.0,50.0,46.9,48.8,50.0,49.1,37.5,22.5,91.9,45.5,52.8,0.728,38.4,,,,,,,
2026_01_TB_CIN,2026,1,CIN,00-0040785,Dohnte Meyers,,,,,,,,,,,,,,,,,,WR,12.0,[],TB,outdoors,,,,,,,,,,,,,,,,,,,,,,,,,,,0.0,0.0,0.0,0.0,0.0,0.0,0.0,,,,,,,,,,,,,,,,,50.0,45.2,48.1,50.0,50.0,50.0,50.0,57.2,30.0,50.0,50.0,50.0,50.0,0.0,50.0,0.0,50.0,46.9,48.8,50.0,49.1,37.5,22.5,91.9,45.5,52.8,0.728,38.4,,,,,,,
2026_01_NO_DET,2026,1,NO,00-0040788,Damien Alford,,,,,,,,,,,,,,,,,,WR,14.0,[],DET,dome,,,,,,,,,,,,,,,,,,,,,,,,,,,0.0,0.0,0.0,0.0,0.0,0.0,0.0,,,,,,,,,,,,,,,,,50.0,45.2,48.1,50.0,50.0,50.0,50.0,57.2,30.0,50.0,50.0,50.0,50.0,0.0,50.0,0.0,50.0,46.9,48.8,100.0,64.1,50.0,26.7,85.9,47.9,57.1,0.74,42.2,,,,,,,
2026_01_BUF_HOU,2026,1,HOU,00-0040792,Layne Pryor,,,,,,,,,,,,,,,,,,TE,,[],BUF,,,,,,,,,,,,,,,,,,,,,,,,,,,,0.0,0.0,0.0,0.0,0.0,0.0,0.0,,,,,,,,,,,,,,,,,50.0,45.2,48.1,50.0,50.0,50.0,50.0,57.2,30.0,50.0,50.0,50.0,50.0,0.0,50.0,0.0,50.0,46.9,48.8,50.0,49.1,37.5,22.5,91.9,45.5,52.8,0.728,38.4,,,,,,,
2026_01_BAL_IND,2026,1,IND,00-0040853,Carson Towt,,,,,,,,,,,,,,,,,,TE,5.0,[],BAL,,,,,,,,,,,,,,,,,,,,,,,,,,,,0.0,0.0,0.0,0.0,0.0,0.0,0.0,,,,,,,,,,,,,,,,,50.0,45.2,48.1,50.0,50.0,50.0,50.0,57.2,30.0,50.0,50.0,50.0,50.0,0.0,50.0,0.0,50.0,46.9,48.8,50.0,49.1,37.5,22.5,91.9,45.5,52.8,0.728,38.4,,,,,,,
2026_01_WAS_PHI,2026,1,PHI,00-0040867,Makai Lemon,,,,,,,,,,,,,,,,,,WR,3.0,[],WAS,outdoors,,,,,,,,,,,,,,,,,,,,,,,,,,,0.0,0.0,0.0,0.0,0.0,0.0,0.0,,,,,,,,,,,,,,,,,50.0,45.2,48.1,50.0,50.0,50.0,50.0,57.2,30.0,50.0,50.0,50.0,50.0,0.0,50.0,0.0,50.0,46.9,48.8,50.0,49.1,37.5,22.5,91.9,45.5,52.8,0.728,38.4,,,,,,,
2026_01_BAL_IND,2026,1,BAL,00-0040870,Ja'Kobi Lane,,,,,,,,,,,,,,,,,,WR,3.0,[],IND,,,,,,,,,,,,,,,,,,,,,,,,,,,,0.0,0.0,0.0,0.0,0.0,0.0,0.0,,,,,,,,,,,,,,,,,50.0,45.2,48.1,50.0,50.0,50.0,50.0,57.2,30.0,50.0,50.0,50.0,50.0,0.0,50.0,0.0,50.0,46.9,48.8,50.0,49.1,37.5,22.5,91.9,45.5,52.8,0.728,38.4,,,,,,,
2026_01_BAL_IND,2026,1,BAL,00-0040876,Elijah Sarratt,,,,,,,,,,,,,,,,,,WR,5.0,[],IND,,,,,,,,,,,,,,,,,,,,,,,,,,,,0.0,0.0,0.0,0.0,0.0,0.0,0.0,,,,,,,,,,,,,,,,,50.0,45.2,48.1,50.0,50.0,50.0,50.0,57.2,30.0,50.0,50.0,50.0,50.0,0.0,50.0,0.0,50.0,46.9,48.8,50.0,49.1,37.5,22.5,91.9,45.5,52.8,0.728,38.4,,,,,,,
2026_01_MIA_LV,2026,1,LV,00-0040878,Mike Washington,,,,,,,,,,,,,,,,,,RB,,[],MIA,dome,,,,,,,,,,,,,,,,,,,,,,,,,,,0.0,0.0,0.0,0.0,0.0,0.0,0.0,,,,,,,,,,,,,,,,,50.0,45.2,48.1,50.0,50.0,50.0,50.0,57.2,30.0,50.0,50.0,50.0,50.0,0.0,50.0,0.0,50.0,46.9,48.8,100.0,64.1,50.0,26.7,85.9,47.9,57.1,0.74,42.2,,,,,,,
2026_01_BAL_IND,2026,1,BAL,00-0040879,Matthew Hibner,,,,,,,,,,,,,,,,,,TE,3.0,[],IND,,,,,,,,,,,,,,,,,,,,,,,,,,,,0.0,0.0,0.0,0.0,0.0,0.0,0.0,,,,,,,,,,,,,,,,,50.0,45.2,48.1,50.0,50.0,50.0,50.0,57.2,30.0,50.0,50.0,50.0,50.0,0.0,50.0,0.0,50.0,46.9,48.8,50.0,49.1,37.5,22.5,91.9,45.5,52.8,0.728,38.4,,,,,,,
2026_01_NYJ_TEN,2026,1,TEN,00-0040886,Nicholas Singleton,,,,,,,,,,,,,,,,,,RB,3.0,[],NYJ,outdoors,,,,,,,,,,,,,,,,,,,,,,,,,,,0.0,0.0,0.0,0.0,0.0,0.0,0.0,,,,,,,,,,,,,,,,,50.0,45.2,48.1,50.0,50.0,50.0,50.0,57.2,30.0,50.0,50.0,50.0,50.0,0.0,50.0,0.0,50.0,46.9,48.8,50.0,49.1,37.5,22.5,91.9,45.5,52.8,0.728,38.4,,,,,,,
2026_01_BAL_IND,2026,1,BAL,00-0040887,Josh Cuevas,,,,,,,,,,,,,,,,,,TE,4.0,[],IND,,,,,,,,,,,,,,,,,,,,,,,,,,,,0.0,0.0,0.0,0.0,0.0,0.0,0.0,,,,,,,,,,,,,,,,,50.0,45.2,48.1,50.0,50.0,50.0,50.0,57.2,30.0,50.0,50.0,50.0,50.0,0.0,50.0,0.0,50.0,46.9,48.8,50.0,49.1,37.5,22.5,91.9,45.5,52.8,0.728,38.4,,,,,,,
2026_01_BAL_IND,2026,1,BAL,00-0040888,Adam Randall,,,,,,,,,,,,,,,,,,RB,4.0,[],IND,,,,,,,,,,,,,,,,,,,,,,,,,,,,0.0,0.0,0.0,0.0,0.0,0.0,0.0,,,,,,,,,,,,,,,,,50.0,45.2,48.1,50.0,50.0,50.0,50.0,57.2,30.0,50.0,50.0,50.0,50.0,0.0,50.0,0.0,50.0,46.9,48.8,50.0,49.1,37.5,22.5,91.9,45.5,52.8,0.728,38.4,,,,,,,
2026_01_DEN_KC,2026,1,KC,00-0040890,Cyrus Allen,,,,,,,,,,,,,,,,,,WR,5.0,[],DEN,outdoors,,,,,,,,,,,,,,,,,,,,,,,,,,,0.0,0.0,0.0,0.0,0.0,0.0,0.0,,,,,,,,,,,,,,,,,50.0,45.2,48.1,50.0,50.0,50.0,50.0,57.2,30.0,50.0,50.0,50.0,50.0,0.0,50.0,0.0,50.0,46.9,48.8,50.0,49.1,37.5,22.5,91.9,45.5,52.8,0.728,38.4,,,,,,,
2026_01_MIA_LV,2026,1,LV,00-0040894,Malik Benson,,,,,,,,,,,,,,,,,,WR,3.0,[],MIA,dome,,,,,,,,,,,,,,,,,,,,,,,,,,,0.0,0.0,0.0,0.0,0.0,0.0,0.0,,,,,,,,,,,,,,,,,50.0,45.2,48.1,50.0,50.0,50.0,50.0,57.2,30.0,50.0,50.0,50.0,50.0,0.0,50.0,0.0,50.0,46.9,48.8,100.0,64.1,50.0,26.7,85.9,47.9,57.1,0.74,42.2,,,,,,,
2026_01_NE_SEA,2026,1,SEA,00-0040895,Emmanuel Henderson,,,,,,,,,,,,,,,,,,WR,6.0,[],NE,outdoors,,,,,,,,,,,,,,,,,,,,,,,,,,,0.0,0.0,0.0,0.0,0.0,0.0,0.0,,,,,,,,,,,,,,,,,50.0,45.2,48.1,50.0,50.0,50.0,50.0,57.2,30.0,50.0,50.0,50.0,50.0,0.0,50.0,0.0,50.0,46.9,48.8,50.0,49.1,37.5,22.5,91.9,45.5,52.8,0.728,38.4,,,,,,,
2026_01_DAL_NYG,2026,1,DAL,00-0040900,Anthony Smith,,,,,,,,,,,,,,,,,,WR,7.0,[],NYG,outdoors,,,,,,,,,,,,,,,,,,,,,,,,,,,0.0,0.0,0.0,0.0,0.0,0.0,0.0,,,,,,,,,,,,,,,,,50.0,45.2,48.1,50.0,50.0,50.0,50.0,57.2,30.0,50.0,50.0,50.0,50.0,0.0,50.0,0.0,50.0,46.9,48.8,50.0,49.1,37.5,22.5,91.9,45.5,52.8,0.728,38.4,,,,,,,
2026_01_NYJ_TEN,2026,1,TEN,00-0040901,Jaren Kanak,,,,,,,,,,,,,,,,,,TE,7.0,[],NYJ,outdoors,,,,,,,,,,,,,,,,,,,,,,,,,,,0.0,0.0,0.0,0.0,0.0,0.0,0.0,,,,,,,,,,,,,,,,,50.0,45.2,48.1,50.0,50.0,50.0,50.0,57.2,30.0,50.0,50.0,50.0,50.0,0.0,50.0,0.0,50.0,46.9,48.8,50.0,49.1,37.5,22.5,91.9,45.5,52.8,0.728,38.4,,,,,,,
2026_01_NYJ_TEN,2026,1,TEN,00-0040912,Hank Beatty,,,,,,,,,,,,,,,,,,WR,13.0,[],NYJ,outdoors,,,,,,,,,,,,,,,,,,,,,,,,,,,0.0,0.0,0.0,0.0,0.0,0.0,0.0,,,,,,,,,,,,,,,,,50.0,45.2,48.1,50.0,50.0,50.0,50.0,57.2,30.0,50.0,50.0,50.0,50.0,0.0,50.0,0.0,50.0,46.9,48.8,50.0,49.1,37.5,22.5,91.9,45.5,52.8,0.728,38.4,,,,,,,
2026_01_NYJ_TEN,2026,1,TEN,00-0040919,Tyren Montgomery,,,,,,,,,,,,,,,,,,WR,12.0,[],NYJ,outdoors,,,,,,,,,,,,,,,,,,,,,,,,,,,0.0,0.0,0.0,0.0,0.0,0.0,0.0,,,,,,,,,,,,,,,,,50.0,45.2,48.1,50.0,50.0,50.0,50.0,57.2,30.0,50.0,50.0,50.0,50.0,0.0,50.0,0.0,50.0,46.9,48.8,50.0,49.1,37.5,22.5,91.9,45.5,52.8,0.728,38.4,,,,,,,
2026_01_WAS_PHI,2026,1,PHI,00-0040927,Dae'Quan Wright,,,,,,,,,,,,,,,,,,TE,8.0,[],WAS,outdoors,,,,,,,,,,,,,,,,,,,,,,,,,,,0.0,0.0,0.0,0.0,0.0,0.0,0.0,,,,,,,,,,,,,,,,,50.0,45.2,48.1,50.0,50.0,50.0,50.0,57.2,30.0,50.0,50.0,50.0,50.0,0.0,50.0,0.0,50.0,46.9,48.8,50.0,49.1,37.5,22.5,91.9,45.5,52.8,0.728,38.4,,,,,,,
2026_01_DAL_NYG,2026,1,DAL,00-0040930,Camden Brown,,,,,,,,,,,,,,,,,,WR,9.0,[],NYG,outdoors,,,,,,,,,,,,,,,,,,,,,,,,,,,0.0,0.0,0.0,0.0,0.0,0.0,0.0,,,,,,,,,,,,,,,,,50.0,45.2,48.1,50.0,50.0,50.0,50.0,57.2,30.0,50.0,50.0,50.0,50.0,0.0,50.0,0.0,50.0,46.9,48.8,50.0,49.1,37.5,22.5,91.9,45.5,52.8,0.728,38.4,,,,,,,
2026_01_DAL_NYG,2026,1,DAL,00-0040934,Jordan Hudson,,,,,,,,,,,,,,,,,,WR,12.0,[],NYG,outdoors,,,,,,,,,,,,,,,,,,,,,,,,,,,0.0,0.0,0.0,0.0,0.0,0.0,0.0,,,,,,,,,,,,,,,,,50.0,45.2,48.1,50.0,50.0,50.0,50.0,57.2,30.0,50.0,50.0,50.0,50.0,0.0,50.0,0.0,50.0,46.9,48.8,50.0,49.1,37.5,22.5,91.9,45.5,52.8,0.728,38.4,,,,,,,
2026_01_DAL_NYG,2026,1,DAL,00-0040937,Dominic Richardson,,,,,,,,,,,,,,,,,,RB,6.0,[],NYG,outdoors,,,,,,,,,,,,,,,,,,,,,,,,,,,0.0,0.0,0.0,0.0,0.0,0.0,0.0,,,,,,,,,,,,,,,,,50.0,45.2,48.1,50.0,50.0,50.0,50.0,57.2,30.0,50.0,50.0,50.0,50.0,0.0,50.0,0.0,50.0,46.9,48.8,50.0,49.1,37.5,22.5,91.9,45.5,52.8,0.728,38.4,,,,,,,
2026_01_DAL_NYG,2026,1,DAL,00-0040938,D.J. Rogers,,,,,,,,,,,,,,,,,,TE,5.0,[],NYG,outdoors,,,,,,,,,,,,,,,,,,,,,,,,,,,0.0,0.0,0.0,0.0,0.0,0.0,0.0,,,,,,,,,,,,,,,,,50.0,45.2,48.1,50.0,50.0,50.0,50.0,57.2,30.0,50.0,50.0,50.0,50.0,0.0,50.0,0.0,50.0,46.9,48.8,50.0,49.1,37.5,22.5,91.9,45.5,52.8,0.728,38.4,,,,,,,
2026_01_DAL_NYG,2026,1,DAL,00-0040939,Michael Trigg,,,,,,,,,,,,,,,,,,TE,4.0,[],NYG,outdoors,,,,,,,,,,,,,,,,,,,,,,,,,,,0.0,0.0,0.0,0.0,0.0,0.0,0.0,,,,,,,,,,,,,,,,,50.0,45.2,48.1,50.0,50.0,50.0,50.0,57.2,30.0,50.0,50.0,50.0,50.0,0.0,50.0,0.0,50.0,46.9,48.8,50.0,49.1,37.5,22.5,91.9,45.5,52.8,0.728,38.4,,,,,,,
2026_01_GB_MIN,2026,1,GB,00-0040945,R.J. Maryland,,,,,,,,,,,,,,,,,,TE,,[],MIN,dome,,,,,,,,,,,,,,,,,,,,,,,,,,,0.0,0.0,0.0,0.0,0.0,0.0,0.0,,,,,,,,,,,,,,,,,50.0,45.2,48.1,50.0,50.0,50.0,50.0,57.2,30.0,50.0,50.0,50.0,50.0,0.0,50.0,0.0,50.0,46.9,48.8,100.0,64.1,50.0,26.7,85.9,47.9,57.1,0.74,42.2,,,,,,,
2026_01_GB_MIN,2026,1,GB,00-0040946,Jaden Nixon,,,,,,,,,,,,,,,,,,RB,6.0,[],MIN,dome,,,,,,,,,,,,,,,,,,,,,,,,,,,0.0,0.0,0.0,0.0,0.0,0.0,0.0,,,,,,,,,,,,,,,,,50.0,45.2,48.1,50.0,50.0,50.0,50.0,57.2,30.0,50.0,50.0,50.0,50.0,0.0,50.0,0.0,50.0,46.9,48.8,100.0,64.1,50.0,26.7,85.9,47.9,57.1,0.74,42.2,,,,,,,
2026_01_GB_MIN,2026,1,GB,00-0040948,J.Michael Sturdivant,,,,,,,,,,,,,,,,,,WR,9.0,[],MIN,dome,,,,,,,,,,,,,,,,,,,,,,,,,,,0.0,0.0,0.0,0.0,0.0,0.0,0.0,,,,,,,,,,,,,,,,,50.0,45.2,48.1,50.0,50.0,50.0,50.0,57.2,30.0,50.0,50.0,50.0,50.0,0.0,50.0,0.0,50.0,46.9,48.8,100.0,64.1,50.0,26.7,85.9,47.9,57.1,0.74,42.2,,,,,,,
2026_01_DEN_KC,2026,1,KC,00-0040953,Jeff Caldwell,,,,,,,,,,,,,,,,,,WR,13.0,[],DEN,outdoors,,,,,,,,,,,,,,,,,,,,,,,,,,,0.0,0.0,0.0,0.0,0.0,0.0,0.0,,,,,,,,,,,,,,,,,50.0,45.2,48.1,50.0,50.0,50.0,50.0,57.2,30.0,50.0,50.0,50.0,50.0,0.0,50.0,0.0,50.0,46.9,48.8,50.0,49.1,37.5,22.5,91.9,45.5,52.8,0.728,38.4,,,,,,,
2026_01_DEN_KC,2026,1,KC,00-0040954,Omari Evans,,,,,,,,,,,,,,,,,,WR,10.0,[],DEN,outdoors,,,,,,,,,,,,,,,,,,,,,,,,,,,0.0,0.0,0.0,0.0,0.0,0.0,0.0,,,,,,,,,,,,,,,,,50.0,45.2,48.1,50.0,50.0,50.0,50.0,57.2,30.0,50.0,50.0,50.0,50.0,0.0,50.0,0.0,50.0,46.9,48.8,50.0,49.1,37.5,22.5,91.9,45.5,52.8,0.728,38.4,,,,,,,
2026_01_DEN_KC,2026,1,KC,00-0040955,John Michael Gyllenborg,,,,,,,,,,,,,,,,,,TE,7.0,[],DEN,outdoors,,,,,,,,,,,,,,,,,,,,,,,,,,,0.0,0.0,0.0,0.0,0.0,0.0,0.0,,,,,,,,,,,,,,,,,50.0,45.2,48.1,50.0,50.0,50.0,50.0,57.2,30.0,50.0,50.0,50.0,50.0,0.0,50.0,0.0,50.0,46.9,48.8,50.0,49.1,37.5,22.5,91.9,45.5,52.8,0.728,38.4,,,,,,,
2026_01_DEN_KC,2026,1,KC,00-0040959,Jaydn Ott,,,,,,,,,,,,,,,,,,RB,5.0,[],DEN,outdoors,,,,,,,,,,,,,,,,,,,,,,,,,,,0.0,0.0,0.0,0.0,0.0,0.0,0.0,,,,,,,,,,,,,,,,,50.0,45.2,48.1,50.0,50.0,50.0,50.0,57.2,30.0,50.0,50.0,50.0,50.0,0.0,50.0,0.0,50.0,46.9,48.8,50.0,49.1,37.5,22.5,91.9,45.5,52.8,0.728,38.4,,,,,,,
2026_01_DEN_KC,2026,1,KC,00-0040964,E.J. Smith,,,,,,,,,,,,,,,,,,RB,6.0,[],DEN,outdoors,,,,,,,,,,,,,,,,,,,,,,,,,,,0.0,0.0,0.0,0.0,0.0,0.0,0.0,,,,,,,,,,,,,,,,,50.0,45.2,48.1,50.0,50.0,50.0,50.0,57.2,30.0,50.0,50.0,50.0,50.0,0.0,50.0,0.0,50.0,46.9,48.8,50.0,49.1,37.5,22.5,91.9,45.5,52.8,0.728,38.4,,,,,,,
2026_01_DEN_KC,2026,1,KC,00-0040967,Jacob De Jesus,,,,,,,,,,,,,,,,,,WR,11.0,[],DEN,outdoors,,,,,,,,,,,,,,,,,,,,,,,,,,,0.0,0.0,0.0,0.0,0.0,0.0,0.0,,,,,,,,,,,,,,,,,50.0,45.2,48.1,50.0,50.0,50.0,50.0,57.2,30.0,50.0,50.0,50.0,50.0,0.0,50.0,0.0,50.0,46.9,48.8,50.0,49.1,37.5,22.5,91.9,45.5,52.8,0.728,38.4,,,,,,,
2026_01_GB_MIN,2026,1,MIN,00-0040970,Michael Briscoe,,,,,,,,,,,,,,,,,,WR,10.0,[],GB,dome,,,,,,,,,,,,,,,,,,,,,,,,,,,0.0,0.0,0.0,0.0,0.0,0.0,0.0,,,,,,,,,,,,,,,,,50.0,45.2,48.1,50.0,50.0,50.0,50.0,57.2,30.0,50.0,50.0,50.0,50.0,0.0,50.0,0.0,50.0,46.9,48.8,100.0,64.1,50.0,26.7,85.9,47.9,57.1,0.74,42.2,,,,,,,
2026_01_NE_SEA,2026,1,SEA,00-0040974,Lance Mason,,,,,,,,,,,,,,,,,,TE,6.0,[],NE,outdoors,,,,,,,,,,,,,,,,,,,,,,,,,,,0.0,0.0,0.0,0.0,0.0,0.0,0.0,,,,,,,,,,,,,,,,,50.0,45.2,48.1,50.0,50.0,50.0,50.0,57.2,30.0,50.0,50.0,50.0,50.0,0.0,50.0,0.0,50.0,46.9,48.8,50.0,49.1,37.5,22.5,91.9,45.5,52.8,0.728,38.4,,,,,,,
2026_01_BAL_IND,2026,1,BAL,00-0040977,Cortez Braham,,,,,,,,,,,,,,,,,,WR,10.0,[],IND,,,,,,,,,,,,,,,,,,,,,,,,,,,,0.0,0.0,0.0,0.0,0.0,0.0,0.0,,,,,,,,,,,,,,,,,50.0,45.2,48.1,50.0,50.0,50.0,50.0,57.2,30.0,50.0,50.0,50.0,50.0,0.0,50.0,0.0,50.0,46.9,48.8,50.0,49.1,37.5,22.5,91.9,45.5,52.8,0.728,38.4,,,,,,,
2026_01_BAL_IND,2026,1,BAL,00-0040984,Dontae McMillan,,,,,,,,,,,,,,,,,,RB,6.0,[],IND,,,,,,,,,,,,,,,,,,,,,,,,,,,,0.0,0.0,0.0,0.0,0.0,0.0,0.0,,,,,,,,,,,,,,,,,50.0,45.2,48.1,50.0,50.0,50.0,50.0,57.2,30.0,50.0,50.0,50.0,50.0,0.0,50.0,0.0,50.0,46.9,48.8,50.0,49.1,37.5,22.5,91.9,45.5,52.8,0.728,38.4,,,,,,,
2026_01_BAL_IND,2026,1,BAL,00-0040986,Ty Pezza,,,,,,,,,,,,,,,,,,WR,,[],IND,,,,,,,,,,,,,,,,,,,,,,,,,,,,0.0,0.0,0.0,0.0,0.0,0.0,0.0,,,,,,,,,,,,,,,,,50.0,45.2,48.1,50.0,50.0,50.0,50.0,57.2,30.0,50.0,50.0,50.0,50.0,0.0,50.0,0.0,50.0,46.9,48.8,50.0,49.1,37.5,22.5,91.9,45.5,52.8,0.728,38.4,,,,,,,
2026_01_BAL_IND,2026,1,BAL,00-0040989,Octavian Smith,,,,,,,,,,,,,,,,,,WR,11.0,[],IND,,,,,,,,,,,,,,,,,,,,,,,,,,,,0.0,0.0,0.0,0.0,0.0,0.0,0.0,,,,,,,,,,,,,,,,,50.0,45.2,48.1,50.0,50.0,50.0,50.0,57.2,30.0,50.0,50.0,50.0,50.0,0.0,50.0,0.0,50.0,46.9,48.8,50.0,49.1,37.5,22.5,91.9,45.5,52.8,0.728,38.4,,,,,,,
2026_01_BAL_IND,2026,1,BAL,00-0040991,Elijah Tau-Tolliver,,,,,,,,,,,,,,,,,,RB,5.0,[],IND,,,,,,,,,,,,,,,,,,,,,,,,,,,,0.0,0.0,0.0,0.0,0.0,0.0,0.0,,,,,,,,,,,,,,,,,50.0,45.2,48.1,50.0,50.0,50.0,50.0,57.2,30.0,50.0,50.0,50.0,50.0,0.0,50.0,0.0,50.0,46.9,48.8,50.0,49.1,37.5,22.5,91.9,45.5,52.8,0.728,38.4,,,,,,,
2026_01_MIA_LV,2026,1,LV,00-0040998,Roman Hemby,,,,,,,,,,,,,,,,,,RB,4.0,[],MIA,dome,,,,,,,,,,,,,,,,,,,,,,,,,,,0.0,0.0,0.0,0.0,0.0,0.0,0.0,,,,,,,,,,,,,,,,,50.0,45.2,48.1,50.0,50.0,50.0,50.0,57.2,30.0,50.0,50.0,50.0,50.0,0.0,50.0,0.0,50.0,46.9,48.8,100.0,64.1,50.0,26.7,85.9,47.9,57.1,0.74,42.2,,,,,,,
2026_01_MIA_LV,2026,1,LV,00-0041004,Chase Roberts,,,,,,,,,,,,,,,,,,WR,12.0,[],MIA,dome,,,,,,,,,,,,,,,,,,,,,,,,,,,0.0,0.0,0.0,0.0,0.0,0.0,0.0,,,,,,,,,,,,,,,,,50.0,45.2,48.1,50.0,50.0,50.0,50.0,57.2,30.0,50.0,50.0,50.0,50.0,0.0,50.0,0.0,50.0,46.9,48.8,100.0,64.1,50.0,26.7,85.9,47.9,57.1,0.74,42.2,,,,,,,
2026_01_MIA_LV,2026,1,LV,00-0041005,Corey Rucker,,,,,,,,,,,,,,,,,,WR,15.0,[],MIA,dome,,,,,,,,,,,,,,,,,,,,,,,,,,,0.0,0.0,0.0,0.0,0.0,0.0,0.0,,,,,,,,,,,,,,,,,50.0,45.2,48.1,50.0,50.0,50.0,50.0,57.2,30.0,50.0,50.0,50.0,50.0,0.0,50.0,0.0,50.0,46.9,48.8,100.0,64.1,50.0,26.7,85.9,47.9,57.1,0.74,42.2,,,,,,,
2026_01_MIA_LV,2026,1,LV,00-0041011,E.J. Williams,,,,,,,,,,,,,,,,,,WR,13.0,[],MIA,dome,,,,,,,,,,,,,,,,,,,,,,,,,,,0.0,0.0,0.0,0.0,0.0,0.0,0.0,,,,,,,,,,,,,,,,,50.0,45.2,48.1,50.0,50.0,50.0,50.0,57.2,30.0,50.0,50.0,50.0,50.0,0.0,50.0,0.0,50.0,46.9,48.8,100.0,64.1,50.0,26.7,85.9,47.9,57.1,0.74,42.2,,,,,,,
2026_01_DEN_KC,2026,1,KC,00-0041013,Emmett Johnson,,,,,,,,,,,,,,,,,,RB,3.0,[],DEN,outdoors,,,,,,,,,,,,,,,,,,,,,,,,,,,0.0,0.0,0.0,0.0,0.0,0.0,0.0,,,,,,,,,,,,,,,,,50.0,45.2,48.1,50.0,50.0,50.0,50.0,57.2,30.0,50.0,50.0,50.0,50.0,0.0,50.0,0.0,50.0,46.9,48.8,50.0,49.1,37.5,22.5,91.9,45.5,52.8,0.728,38.4,,,,,,,
2026_01_MIA_LV,2026,1,LV,00-0041016,Patrick Gurd,,,,,,,,,,,,,,,,,,TE,7.0,[],MIA,dome,,,,,,,,,,,,,,,,,,,,,,,,,,,0.0,0.0,0.0,0.0,0.0,0.0,0.0,,,,,,,,,,,,,,,,,50.0,45.2,48.1,50.0,50.0,50.0,50.0,57.2,30.0,50.0,50.0,50.0,50.0,0.0,50.0,0.0,50.0,46.9,48.8,100.0,64.1,50.0,26.7,85.9,47.9,57.1,0.74,42.2,,,,,,,
2026_01_DEN_KC,2026,1,KC,00-0041020,Xavier Loyd,,,,,,,,,,,,,,,,,,WR,12.0,[],DEN,outdoors,,,,,,,,,,,,,,,,,,,,,,,,,,,0.0,0.0,0.0,0.0,0.0,0.0,0.0,,,,,,,,,,,,,,,,,50.0,45.2,48.1,50.0,50.0,50.0,50.0,57.2,30.0,50.0,50.0,50.0,50.0,0.0,50.0,0.0,50.0,46.9,48.8,50.0,49.1,37.5,22.5,91.9,45.5,52.8,0.728,38.4,,,,,,,
2026_01_MIA_LV,2026,1,LV,00-0041022,Jonathan Brady,,,,,,,,,,,,,,,,,,WR,12.0,[],MIA,dome,,,,,,,,,,,,,,,,,,,,,,,,,,,0.0,0.0,0.0,0.0,0.0,0.0,0.0,,,,,,,,,,,,,,,,,50.0,45.2,48.1,50.0,50.0,50.0,50.0,57.2,30.0,50.0,50.0,50.0,50.0,0.0,50.0,0.0,50.0,46.9,48.8,100.0,64.1,50.0,26.7,85.9,47.9,57.1,0.74,42.2,,,,,,,
2026_01_NO_DET,2026,1,NO,00-0041029,Jordyn Tyson,,,,,,,,,,,,,,,,,,WR,2.0,[],DET,dome,,,,,,,,,,,,,,,,,,,,,,,,,,,0.0,0.0,0.0,0.0,0.0,0.0,0.0,,,,,,,,,,,,,,,,,50.0,45.2,48.1,50.0,50.0,50.0,50.0,57.2,30.0,50.0,50.0,50.0,50.0,0.0,50.0,0.0,50.0,46.9,48.8,100.0,64.1,50.0,26.7,85.9,47.9,57.1,0.74,42.2,,,,,,,
2026_01_NYJ_TEN,2026,1,NYJ,00-0041032,Kenyon Sadiq,,,,,,,,,,,,,,,,,,TE,1.0,[],TEN,outdoors,,,,,,,,,,,,,,,,,,,,,,,,,,,0.0,0.0,0.0,0.0,0.0,0.0,0.0,,,,,,,,,,,,,,,,,50.0,45.2,48.1,50.0,50.0,50.0,50.0,57.2,30.0,50.0,50.0,50.0,50.0,0.0,50.0,0.0,50.0,46.9,48.8,50.0,49.1,37.5,22.5,91.9,45.5,52.8,0.728,38.4,,,,,,,
2026_01_SF_LA,2026,1,SF,00-0041035,De'Zhaun Stribling,,,,,,,,,,,,,,,,,,WR,4.0,[],LA,dome,,,,,,,,,,,,,,,,,,,,,,,,,,,0.0,0.0,0.0,0.0,0.0,0.0,0.0,,,,,,,,,,,,,,,,,50.0,45.2,48.1,50.0,50.0,50.0,50.0,57.2,30.0,50.0,50.0,50.0,50.0,0.0,50.0,0.0,50.0,46.9,48.8,100.0,64.1,50.0,26.7,85.9,47.9,57.1,0.74,42.2,,,,,,,
2026_01_CLE_JAX,2026,1,CLE,00-0041037,Denzel Boston,,,,,,,,,,,,,,,,,,WR,3.0,[],JAX,outdoors,,,,,,,,,,,,,,,,,,,,,,,,,,,0.0,0.0,0.0,0.0,0.0,0.0,0.0,,,,,,,,,,,,,,,,,50.0,45.2,48.1,50.0,50.0,50.0,50.0,57.2,30.0,50.0,50.0,50.0,50.0,0.0,50.0,0.0,50.0,46.9,48.8,50.0,49.1,37.5,22.5,91.9,45.5,52.8,0.728,38.4,,,,,,,
2026_01_WAS_PHI,2026,1,WAS,00-0041040,Antonio Williams,,,,,,,,,,,,,,,,,,WR,4.0,[],PHI,outdoors,,,,,,,,,,,,,,,,,,,,,,,,,,,0.0,0.0,0.0,0.0,0.0,0.0,0.0,,,,,,,,,,,,,,,,,50.0,45.2,48.1,50.0,50.0,50.0,50.0,57.2,30.0,50.0,50.0,50.0,50.0,0.0,50.0,0.0,50.0,46.9,48.8,50.0,49.1,37.5,22.5,91.9,45.5,52.8,0.728,38.4,,,,,,,
2026_01_NO_DET,2026,1,NO,00-0041041,Oscar Delp,,,,,,,,,,,,,,,,,,TE,3.0,[],DET,dome,,,,,,,,,,,,,,,,,,,,,,,,,,,0.0,0.0,0.0,0.0,0.0,0.0,0.0,,,,,,,,,,,,,,,,,50.0,45.2,48.1,50.0,50.0,50.0,50.0,57.2,30.0,50.0,50.0,50.0,50.0,0.0,50.0,0.0,50.0,46.9,48.8,100.0,64.1,50.0,26.7,85.9,47.9,57.1,0.74,42.2,,,,,,,
2026_01_DAL_NYG,2026,1,NYG,00-0041042,Malachi Fields,,,,,,,,,,,,,,,,,,WR,5.0,[],DAL,outdoors,,,,,,,,,,,,,,,,,,,,,,,,,,,0.0,0.0,0.0,0.0,0.0,0.0,0.0,,,,,,,,,,,,,,,,,50.0,45.2,48.1,50.0,50.0,50.0,50.0,57.2,30.0,50.0,50.0,50.0,50.0,0.0,50.0,0.0,50.0,46.9,48.8,50.0,49.1,37.5,22.5,91.9,45.5,52.8,0.728,38.4,,,,,,,
2026_01_ATL_PIT,2026,1,ATL,00-0041044,Zachariah Branch,,,,,,,,,,,,,,,,,,WR,4.0,[],PIT,outdoors,,,,,,,,,,,,,,,,,,,,,,,,,,,0.0,0.0,0.0,0.0,0.0,0.0,0.0,,,,,,,,,,,,,,,,,50.0,45.2,48.1,50.0,50.0,50.0,50.0,57.2,30.0,50.0,50.0,50.0,50.0,0.0,50.0,0.0,50.0,46.9,48.8,50.0,49.1,37.5,22.5,91.9,45.5,52.8,0.728,38.4,,,,,,,
2026_01_CHI_CAR,2026,1,CAR,00-0041047,Chris Brazzell,,,,,,,,,,,,,,,,,,WR,12.0,[],CHI,outdoors,,,,,,,,,,,,,,,,,,,,,,,,,,,0.0,0.0,0.0,0.0,0.0,0.0,0.0,,,,,,,,,,,,,,,,,50.0,45.2,48.1,50.0,50.0,50.0,50.0,57.2,30.0,50.0,50.0,50.0,50.0,0.0,50.0,0.0,50.0,46.9,48.8,50.0,49.1,37.5,22.5,91.9,45.5,52.8,0.728,38.4,,,,,,,
2026_01_TB_CIN,2026,1,TB,00-0041048,Ted Hurst,,,,,,,,,,,,,,,,,,WR,4.0,[],CIN,outdoors,,,,,,,,,,,,,,,,,,,,,,,,,,,0.0,0.0,0.0,0.0,0.0,0.0,0.0,,,,,,,,,,,,,,,,,50.0,45.2,48.1,50.0,50.0,50.0,50.0,57.2,30.0,50.0,50.0,50.0,50.0,0.0,50.0,0.0,50.0,46.9,48.8,50.0,49.1,37.5,22.5,91.9,45.5,52.8,0.728,38.4,,,,,,,
2026_01_CHI_CAR,2026,1,CHI,00-0041051,Zavion Thomas,,,,,,,,,,,,,,,,,,WR,5.0,[],CAR,outdoors,,,,,,,,,,,,,,,,,,,,,,,,,,,0.0,0.0,0.0,0.0,0.0,0.0,0.0,,,,,,,,,,,,,,,,,50.0,45.2,48.1,50.0,50.0,50.0,50.0,57.2,30.0,50.0,50.0,50.0,50.0,0.0,50.0,0.0,50.0,46.9,48.8,50.0,49.1,37.5,22.5,91.9,45.5,52.8,0.728,38.4,,,,,,,
2026_01_SF_LA,2026,1,SF,00-0041052,Kaelon Black,,,,,,,,,,,,,,,,,,RB,3.0,[],LA,dome,,,,,,,,,,,,,,,,,,,,,,,,,,,0.0,0.0,0.0,0.0,0.0,0.0,0.0,,,,,,,,,,,,,,,,,50.0,45.2,48.1,50.0,50.0,50.0,50.0,57.2,30.0,50.0,50.0,50.0,50.0,0.0,50.0,0.0,50.0,46.9,48.8,100.0,64.1,50.0,26.7,85.9,47.9,57.1,0.74,42.2,,,,,,,
2026_01_NO_DET,2026,1,NO,00-0041067,Bryce Lance,,,,,,,,,,,,,,,,,,WR,4.0,[],DET,dome,,,,,,,,,,,,,,,,,,,,,,,,,,,0.0,0.0,0.0,0.0,0.0,0.0,0.0,,,,,,,,,,,,,,,,,50.0,45.2,48.1,50.0,50.0,50.0,50.0,57.2,30.0,50.0,50.0,50.0,50.0,0.0,50.0,0.0,50.0,46.9,48.8,100.0,64.1,50.0,26.7,85.9,47.9,57.1,0.74,42.2,,,,,,,
2026_01_TB_CIN,2026,1,CIN,00-0041069,Colbie Young,,,,,,,,,,,,,,,,,,WR,4.0,[],TB,outdoors,,,,,,,,,,,,,,,,,,,,,,,,,,,0.0,0.0,0.0,0.0,0.0,0.0,0.0,,,,,,,,,,,,,,,,,50.0,45.2,48.1,50.0,50.0,50.0,50.0,57.2,30.0,50.0,50.0,50.0,50.0,0.0,50.0,0.0,50.0,46.9,48.8,50.0,49.1,37.5,22.5,91.9,45.5,52.8,0.728,38.4,,,,,,,
2026_01_DEN_KC,2026,1,DEN,00-0041077,Justin Joly,,,,,,,,,,,,,,,,,,TE,3.0,[],KC,outdoors,,,,,,,,,,,,,,,,,,,,,,,,,,,0.0,0.0,0.0,0.0,0.0,0.0,0.0,,,,,,,,,,,,,,,,,50.0,45.2,48.1,50.0,50.0,50.0,50.0,57.2,30.0,50.0,50.0,50.0,50.0,0.0,50.0,0.0,50.0,46.9,48.8,50.0,49.1,37.5,22.5,91.9,45.5,52.8,0.728,38.4,,,,,,,
2026_01_GB_MIN,2026,1,MIN,00-0041081,Max Bredeson,,,,,,,,,,,,,,,,,,RB,,[],GB,dome,,,,,,,,,,,,,,,,,,,,,,,,,,,0.0,0.0,0.0,0.0,0.0,0.0,0.0,,,,,,,,,,,,,,,,,50.0,45.2,48.1,50.0,50.0,50.0,50.0,57.2,30.0,50.0,50.0,50.0,50.0,0.0,50.0,0.0,50.0,46.9,48.8,100.0,64.1,50.0,26.7,85.9,47.9,57.1,0.74,42.2,,,,,,,
2026_01_CLE_JAX,2026,1,JAX,00-0041084,Tanner Koziol,,,,,,,,,,,,,,,,,,TE,3.0,[],CLE,outdoors,,,,,,,,,,,,,,,,,,,,,,,,,,,0.0,0.0,0.0,0.0,0.0,0.0,0.0,,,,,,,,,,,,,,,,,50.0,45.2,48.1,50.0,50.0,50.0,50.0,57.2,30.0,50.0,50.0,50.0,50.0,0.0,50.0,0.0,50.0,46.9,48.8,50.0,49.1,37.5,22.5,91.9,45.5,52.8,0.728,38.4,,,,,,,
2026_01_CLE_JAX,2026,1,CLE,00-0041087,Joe Royer,,,,,,,,,,,,,,,,,,TE,6.0,[],JAX,outdoors,,,,,,,,,,,,,,,,,,,,,,,,,,,0.0,0.0,0.0,0.0,0.0,0.0,0.0,,,,,,,,,,,,,,,,,50.0,45.2,48.1,50.0,50.0,50.0,50.0,57.2,30.0,50.0,50.0,50.0,50.0,0.0,50.0,0.0,50.0,46.9,48.8,50.0,49.1,37.5,22.5,91.9,45.5,52.8,0.728,38.4,,,,,,,
2026_01_TB_CIN,2026,1,TB,00-0041094,Bauer Sharp,,,,,,,,,,,,,,,,,,TE,4.0,[],CIN,outdoors,,,,,,,,,,,,,,,,,,,,,,,,,,,0.0,0.0,0.0,0.0,0.0,0.0,0.0,,,,,,,,,,,,,,,,,50.0,45.2,48.1,50.0,50.0,50.0,50.0,57.2,30.0,50.0,50.0,50.0,50.0,0.0,50.0,0.0,50.0,46.9,48.8,50.0,49.1,37.5,22.5,91.9,45.5,52.8,0.728,38.4,,,,,,,
2026_01_WAS_PHI,2026,1,WAS,00-0041096,Kaytron Allen,,,,,,,,,,,,,,,,,,RB,3.0,[],PHI,outdoors,,,,,,,,,,,,,,,,,,,,,,,,,,,0.0,0.0,0.0,0.0,0.0,0.0,0.0,,,,,,,,,,,,,,,,,50.0,45.2,48.1,50.0,50.0,50.0,50.0,57.2,30.0,50.0,50.0,50.0,50.0,0.0,50.0,0.0,50.0,46.9,48.8,50.0,49.1,37.5,22.5,91.9,45.5,52.8,0.728,38.4,,,,,,,
2026_01_CLE_JAX,2026,1,JAX,00-0041100,Josh Cameron,,,,,,,,,,,,,,,,,,WR,5.0,[],CLE,outdoors,,,,,,,,,,,,,,,,,,,,,,,,,,,0.0,0.0,0.0,0.0,0.0,0.0,0.0,,,,,,,,,,,,,,,,,50.0,45.2,48.1,50.0,50.0,50.0,50.0,57.2,30.0,50.0,50.0,50.0,50.0,0.0,50.0,0.0,50.0,46.9,48.8,50.0,49.1,37.5,22.5,91.9,45.5,52.8,0.728,38.4,,,,,,,
2026_01_GB_MIN,2026,1,MIN,00-0041104,Demond Claiborne,,,,,,,,,,,,,,,,,,RB,3.0,[],GB,dome,,,,,,,,,,,,,,,,,,,,,,,,,,,0.0,0.0,0.0,0.0,0.0,0.0,0.0,,,,,,,,,,,,,,,,,50.0,45.2,48.1,50.0,50.0,50.0,50.0,57.2,30.0,50.0,50.0,50.0,50.0,0.0,50.0,0.0,50.0,46.9,48.8,100.0,64.1,50.0,26.7,85.9,47.9,57.1,0.74,42.2,,,,,,,
2026_01_CLE_JAX,2026,1,JAX,00-0041106,C.J. Williams,,,,,,,,,,,,,,,,,,WR,6.0,[],CLE,outdoors,,,,,,,,,,,,,,,,,,,,,,,,,,,0.0,0.0,0.0,0.0,0.0,0.0,0.0,,,,,,,,,,,,,,,,,50.0,45.2,48.1,50.0,50.0,50.0,50.0,57.2,30.0,50.0,50.0,50.0,50.0,0.0,50.0,0.0,50.0,46.9,48.8,50.0,49.1,37.5,22.5,91.9,45.5,52.8,0.728,38.4,,,,,,,
2026_01_TB_CIN,2026,1,CIN,00-0041116,Jack Endries,,,,,,,,,,,,,,,,,,TE,6.0,[],TB,outdoors,,,,,,,,,,,,,,,,,,,,,,,,,,,0.0,0.0,0.0,0.0,0.0,0.0,0.0,,,,,,,,,,,,,,,,,50.0,45.2,48.1,50.0,50.0,50.0,50.0,57.2,30.0,50.0,50.0,50.0,50.0,0.0,50.0,0.0,50.0,46.9,48.8,50.0,49.1,37.5,22.5,91.9,45.5,52.8,0.728,38.4,,,,,,,
2026_01_BAL_IND,2026,1,IND,00-0041125,Seth McGowan,,,,,,,,,,,,,,,,,,RB,3.0,[],BAL,,,,,,,,,,,,,,,,,,,,,,,,,,,,0.0,0.0,0.0,0.0,0.0,0.0,0.0,,,,,,,,,,,,,,,,,50.0,45.2,48.1,50.0,50.0,50.0,50.0,57.2,30.0,50.0,50.0,50.0,50.0,0.0,50.0,0.0,50.0,46.9,48.8,50.0,49.1,37.5,22.5,91.9,45.5,52.8,0.728,38.4,,,,,,,
2026_01_NE_SEA,2026,1,NE,00-0041129,Jam Miller,,,,,,,,,,,,,,,,,,RB,4.0,[],SEA,outdoors,,,,,,,,,,,,,,,,,,,,,,,,,,,0.0,0.0,0.0,0.0,0.0,0.0,0.0,,,,,,,,,,,,,,,,,50.0,45.2,48.1,50.0,50.0,50.0,50.0,57.2,30.0,50.0,50.0,50.0,50.0,0.0,50.0,0.0,50.0,46.9,48.8,50.0,49.1,37.5,22.5,91.9,45.5,52.8,0.728,38.4,,,,,,,
2026_01_CLE_JAX,2026,1,CLE,00-0041131,Carsen Ryan,,,,,,,,,,,,,,,,,,TE,5.0,[],JAX,outdoors,,,,,,,,,,,,,,,,,,,,,,,,,,,0.0,0.0,0.0,0.0,0.0,0.0,0.0,,,,,,,,,,,,,,,,,50.0,45.2,48.1,50.0,50.0,50.0,50.0,57.2,30.0,50.0,50.0,50.0,50.0,0.0,50.0,0.0,50.0,46.9,48.8,50.0,49.1,37.5,22.5,91.9,45.5,52.8,0.728,38.4,,,,,,,
2026_01_BAL_IND,2026,1,IND,00-0041132,Deion Burks,,,,,,,,,,,,,,,,,,WR,7.0,[],BAL,,,,,,,,,,,,,,,,,,,,,,,,,,,,0.0,0.0,0.0,0.0,0.0,0.0,0.0,,,,,,,,,,,,,,,,,50.0,45.2,48.1,50.0,50.0,50.0,50.0,57.2,30.0,50.0,50.0,50.0,50.0,0.0,50.0,0.0,50.0,46.9,48.8,50.0,49.1,37.5,22.5,91.9,45.5,52.8,0.728,38.4,,,,,,,
2026_01_DEN_KC,2026,1,DEN,00-0041133,Dallen Bentley,,,,,,,,,,,,,,,,,,TE,7.0,[],KC,outdoors,,,,,,,,,,,,,,,,,,,,,,,,,,,0.0,0.0,0.0,0.0,0.0,0.0,0.0,,,,,,,,,,,,,,,,,50.0,45.2,48.1,50.0,50.0,50.0,50.0,57.2,30.0,50.0,50.0,50.0,50.0,0.0,50.0,0.0,50.0,46.9,48.8,50.0,49.1,37.5,22.5,91.9,45.5,52.8,0.728,38.4,,,,,,,
2026_01_DAL_NYG,2026,1,NYG,00-0041139,Damon Bankston,,,,,,,,,,,,,,,,,,RB,6.0,[],DAL,outdoors,,,,,,,,,,,,,,,,,,,,,,,,,,,0.0,0.0,0.0,0.0,0.0,0.0,0.0,,,,,,,,,,,,,,,,,50.0,45.2,48.1,50.0,50.0,50.0,50.0,57.2,30.0,50.0,50.0,50.0,50.0,0.0,50.0,0.0,50.0,46.9,48.8,50.0,49.1,37.5,22.5,91.9,45.5,52.8,0.728,38.4,,,,,,,
2026_01_CHI_CAR,2026,1,CAR,00-0041152,Kobe Prentice,,,,,,,,,,,,,,,,,,WR,12.0,[],CHI,outdoors,,,,,,,,,,,,,,,,,,,,,,,,,,,0.0,0.0,0.0,0.0,0.0,0.0,0.0,,,,,,,,,,,,,,,,,50.0,45.2,48.1,50.0,50.0,50.0,50.0,57.2,30.0,50.0,50.0,50.0,50.0,0.0,50.0,0.0,50.0,46.9,48.8,50.0,49.1,37.5,22.5,91.9,45.5,52.8,0.728,38.4,,,,,,,
2026_01_MIA_LV,2026,1,MIA,00-0041157,Anthony Hankerson,,,,,,,,,,,,,,,,,,RB,6.0,[],LV,dome,,,,,,,,,,,,,,,,,,,,,,,,,,,0.0,0.0,0.0,0.0,0.0,0.0,0.0,,,,,,,,,,,,,,,,,50.0,45.2,48.1,50.0,50.0,50.0,50.0,57.2,30.0,50.0,50.0,50.0,50.0,0.0,50.0,0.0,50.0,46.9,48.8,100.0,64.1,50.0,26.7,85.9,47.9,57.1,0.74,42.2,,,,,,,
2026_01_MIA_LV,2026,1,MIA,00-0041158,Donaven McCulley,,,,,,,,,,,,,,,,,,WR,12.0,[],LV,dome,,,,,,,,,,,,,,,,,,,,,,,,,,,0.0,0.0,0.0,0.0,0.0,0.0,0.0,,,,,,,,,,,,,,,,,50.0,45.2,48.1,50.0,50.0,50.0,50.0,57.2,30.0,50.0,50.0,50.0,50.0,0.0,50.0,0.0,50.0,46.9,48.8,100.0,64.1,50.0,26.7,85.9,47.9,57.1,0.74,42.2,,,,,,,
2026_01_MIA_LV,2026,1,MIA,00-0041161,Le'Veon Moss,,,,,,,,,,,,,,,,,,RB,5.0,[],LV,dome,,,,,,,,,,,,,,,,,,,,,,,,,,,0.0,0.0,0.0,0.0,0.0,0.0,0.0,,,,,,,,,,,,,,,,,50.0,45.2,48.1,50.0,50.0,50.0,50.0,57.2,30.0,50.0,50.0,50.0,50.0,0.0,50.0,0.0,50.0,46.9,48.8,100.0,64.1,50.0,26.7,85.9,47.9,57.1,0.74,42.2,,,,,,,
2026_01_CHI_CAR,2026,1,CHI,00-0041165,Coleman Bennett,,,,,,,,,,,,,,,,,,RB,6.0,[],CAR,outdoors,,,,,,,,,,,,,,,,,,,,,,,,,,,0.0,0.0,0.0,0.0,0.0,0.0,0.0,,,,,,,,,,,,,,,,,50.0,45.2,48.1,50.0,50.0,50.0,50.0,57.2,30.0,50.0,50.0,50.0,50.0,0.0,50.0,0.0,50.0,46.9,48.8,50.0,49.1,37.5,22.5,91.9,45.5,52.8,0.728,38.4,,,,,,,
2026_01_CHI_CAR,2026,1,CHI,00-0041168,Omari Kelly,,,,,,,,,,,,,,,,,,WR,11.0,[],CAR,outdoors,,,,,,,,,,,,,,,,,,,,,,,,,,,0.0,0.0,0.0,0.0,0.0,0.0,0.0,,,,,,,,,,,,,,,,,50.0,45.2,48.1,50.0,50.0,50.0,50.0,57.2,30.0,50.0,50.0,50.0,50.0,0.0,50.0,0.0,50.0,46.9,48.8,50.0,49.1,37.5,22.5,91.9,45.5,52.8,0.728,38.4,,,,,,,
2026_01_CHI_CAR,2026,1,CHI,00-0041170,Hayden Large,,,,,,,,,,,,,,,,,,TE,7.0,[],CAR,outdoors,,,,,,,,,,,,,,,,,,,,,,,,,,,0.0,0.0,0.0,0.0,0.0,0.0,0.0,,,,,,,,,,,,,,,,,50.0,45.2,48.1,50.0,50.0,50.0,50.0,57.2,30.0,50.0,50.0,50.0,50.0,0.0,50.0,0.0,50.0,46.9,48.8,50.0,49.1,37.5,22.5,91.9,45.5,52.8,0.728,38.4,,,,,,,
2026_01_WAS_PHI,2026,1,WAS,00-0041176,Jaden Bradley,,,,,,,,,,,,,,,,,,WR,12.0,[],PHI,outdoors,,,,,,,,,,,,,,,,,,,,,,,,,,,0.0,0.0,0.0,0.0,0.0,0.0,0.0,,,,,,,,,,,,,,,,,50.0,45.2,48.1,50.0,50.0,50.0,50.0,57.2,30.0,50.0,50.0,50.0,50.0,0.0,50.0,0.0,50.0,46.9,48.8,50.0,49.1,37.5,22.5,91.9,45.5,52.8,0.728,38.4,,,,,,,
2026_01_WAS_PHI,2026,1,WAS,00-0041178,Robert Henry,,,,,,,,,,,,,,,,,,RB,6.0,[],PHI,outdoors,,,,,,,,,,,,,,,,,,,,,,,,,,,0.0,0.0,0.0,0.0,0.0,0.0,0.0,,,,,,,,,,,,,,,,,50.0,45.2,48.1,50.0,50.0,50.0,50.0,57.2,30.0,50.0,50.0,50.0,50.0,0.0,50.0,0.0,50.0,46.9,48.8,50.0,49.1,37.5,22.5,91.9,45.5,52.8,0.728,38.4,,,,,,,
2026_01_WAS_PHI,2026,1,WAS,00-0041179,Chris Hilton,,,,,,,,,,,,,,,,,,WR,13.0,[],PHI,outdoors,,,,,,,,,,,,,,,,,,,,,,,,,,,0.0,0.0,0.0,0.0,0.0,0.0,0.0,,,,,,,,,,,,,,,,,50.0,45.2,48.1,50.0,50.0,50.0,50.0,57.2,30.0,50.0,50.0,50.0,50.0,0.0,50.0,0.0,50.0,46.9,48.8,50.0,49.1,37.5,22.5,91.9,45.5,52.8,0.728,38.4,,,,,,,
2026_01_WAS_PHI,2026,1,WAS,00-0041180,Quentin Moore,,,,,,,,,,,,,,,,,,TE,6.0,[],PHI,outdoors,,,,,,,,,,,,,,,,,,,,,,,,,,,0.0,0.0,0.0,0.0,0.0,0.0,0.0,,,,,,,,,,,,,,,,,50.0,45.2,48.1,50.0,50.0,50.0,50.0,57.2,30.0,50.0,50.0,50.0,50.0,0.0,50.0,0.0,50.0,46.9,48.8,50.0,49.1,37.5,22.5,91.9,45.5,52.8,0.728,38.4,,,,,,,
2026_01_ATL_PIT,2026,1,ATL,00-0041185,Vinny Anthony,,,,,,,,,,,,,,,,,,WR,6.0,[],PIT,outdoors,,,,,,,,,,,,,,,,,,,,,,,,,,,0.0,0.0,0.0,0.0,0.0,0.0,0.0,,,,,,,,,,,,,,,,,50.0,45.2,48.1,50.0,50.0,50.0,50.0,57.2,30.0,50.0,50.0,50.0,50.0,0.0,50.0,0.0,50.0,46.9,48.8,50.0,49.1,37.5,22.5,91.9,45.5,52.8,0.728,38.4,,,,,,,
2026_01_ATL_PIT,2026,1,ATL,00-0041187,Le'Meke Brockington,,,,,,,,,,,,,,,,,,WR,11.0,[],PIT,outdoors,,,,,,,,,,,,,,,,,,,,,,,,,,,0.0,0.0,0.0,0.0,0.0,0.0,0.0,,,,,,,,,,,,,,,,,50.0,45.2,48.1,50.0,50.0,50.0,50.0,57.2,30.0,50.0,50.0,50.0,50.0,0.0,50.0,0.0,50.0,46.9,48.8,50.0,49.1,37.5,22.5,91.9,45.5,52.8,0.728,38.4,,,,,,,
2026_01_ATL_PIT,2026,1,ATL,00-0041191,Cash Jones,,,,,,,,,,,,,,,,,,RB,6.0,[],PIT,outdoors,,,,,,,,,,,,,,,,,,,,,,,,,,,0.0,0.0,0.0,0.0,0.0,0.0,0.0,,,,,,,,,,,,,,,,,50.0,45.2,48.1,50.0,50.0,50.0,50.0,57.2,30.0,50.0,50.0,50.0,50.0,0.0,50.0,0.0,50.0,46.9,48.8,50.0,49.1,37.5,22.5,91.9,45.5,52.8,0.728,38.4,,,,,,,
2026_01_ATL_PIT,2026,1,ATL,00-0041195,Jack Velling,,,,,,,,,,,,,,,,,,TE,6.0,[],PIT,outdoors,,,,,,,,,,,,,,,,,,,,,,,,,,,0.0,0.0,0.0,0.0,0.0,0.0,0.0,,,,,,,,,,,,,,,,,50.0,45.2,48.1,50.0,50.0,50.0,50.0,57.2,30.0,50.0,50.0,50.0,50.0,0.0,50.0,0.0,50.0,46.9,48.8,50.0,49.1,37.5,22.5,91.9,45.5,52.8,0.728,38.4,,,,,,,
2026_01_NYJ_TEN,2026,1,NYJ,00-0041199,Caullin Lacy,,,,,,,,,,,,,,,,,,WR,9.0,[],TEN,outdoors,,,,,,,,,,,,,,,,,,,,,,,,,,,0.0,0.0,0.0,0.0,0.0,0.0,0.0,,,,,,,,,,,,,,,,,50.0,45.2,48.1,50.0,50.0,50.0,50.0,57.2,30.0,50.0,50.0,50.0,50.0,0.0,50.0,0.0,50.0,46.9,48.8,50.0,49.1,37.5,22.5,91.9,45.5,52.8,0.728,38.4,,,,,,,
2026_01_NYJ_TEN,2026,1,NYJ,00-0041200,Sam Scott,,,,,,,,,,,,,,,,,,RB,6.0,[],TEN,outdoors,,,,,,,,,,,,,,,,,,,,,,,,,,,0.0,0.0,0.0,0.0,0.0,0.0,0.0,,,,,,,,,,,,,,,,,50.0,45.2,48.1,50.0,50.0,50.0,50.0,57.2,30.0,50.0,50.0,50.0,50.0,0.0,50.0,0.0,50.0,46.9,48.8,50.0,49.1,37.5,22.5,91.9,45.5,52.8,0.728,38.4,,,,,,,
2026_01_NYJ_TEN,2026,1,NYJ,00-0041201,D.T. Sheffield,,,,,,,,,,,,,,,,,,WR,8.0,[],TEN,outdoors,,,,,,,,,,,,,,,,,,,,,,,,,,,0.0,0.0,0.0,0.0,0.0,0.0,0.0,,,,,,,,,,,,,,,,,50.0,45.2,48.1,50.0,50.0,50.0,50.0,57.2,30.0,50.0,50.0,50.0,50.0,0.0,50.0,0.0,50.0,46.9,48.8,50.0,49.1,37.5,22.5,91.9,45.5,52.8,0.728,38.4,,,,,,,
2026_01_CLE_JAX,2026,1,JAX,00-0041205,Brady Boyd,,,,,,,,,,,,,,,,,,WR,10.0,[],CLE,outdoors,,,,,,,,,,,,,,,,,,,,,,,,,,,0.0,0.0,0.0,0.0,0.0,0.0,0.0,,,,,,,,,,,,,,,,,50.0,45.2,48.1,50.0,50.0,50.0,50.0,57.2,30.0,50.0,50.0,50.0,50.0,0.0,50.0,0.0,50.0,46.9,48.8,50.0,49.1,37.5,22.5,91.9,45.5,52.8,0.728,38.4,,,,,,,
2026_01_CLE_JAX,2026,1,JAX,00-0041206,Alex Bullock,,,,,,,,,,,,,,,,,,WR,11.0,[],CLE,outdoors,,,,,,,,,,,,,,,,,,,,,,,,,,,0.0,0.0,0.0,0.0,0.0,0.0,0.0,,,,,,,,,,,,,,,,,50.0,45.2,48.1,50.0,50.0,50.0,50.0,57.2,30.0,50.0,50.0,50.0,50.0,0.0,50.0,0.0,50.0,46.9,48.8,50.0,49.1,37.5,22.5,91.9,45.5,52.8,0.728,38.4,,,,,,,
2026_01_CLE_JAX,2026,1,JAX,00-0041207,Ethan Conner,,,,,,,,,,,,,,,,,,TE,7.0,[],CLE,outdoors,,,,,,,,,,,,,,,,,,,,,,,,,,,0.0,0.0,0.0,0.0,0.0,0.0,0.0,,,,,,,,,,,,,,,,,50.0,45.2,48.1,50.0,50.0,50.0,50.0,57.2,30.0,50.0,50.0,50.0,50.0,0.0,50.0,0.0,50.0,46.9,48.8,50.0,49.1,37.5,22.5,91.9,45.5,52.8,0.728,38.4,,,,,,,
2026_01_CLE_JAX,2026,1,JAX,00-0041215,Ben Patterson,,,,,,,,,,,,,,,,,,WR,11.0,[],CLE,outdoors,,,,,,,,,,,,,,,,,,,,,,,,,,,0.0,0.0,0.0,0.0,0.0,0.0,0.0,,,,,,,,,,,,,,,,,50.0,45.2,48.1,50.0,50.0,50.0,50.0,57.2,30.0,50.0,50.0,50.0,50.0,0.0,50.0,0.0,50.0,46.9,48.8,50.0,49.1,37.5,22.5,91.9,45.5,52.8,0.728,38.4,,,,,,,
2026_01_CLE_JAX,2026,1,JAX,00-0041216,Trebor Pena,,,,,,,,,,,,,,,,,,WR,11.0,[],CLE,outdoors,,,,,,,,,,,,,,,,,,,,,,,,,,,0.0,0.0,0.0,0.0,0.0,0.0,0.0,,,,,,,,,,,,,,,,,50.0,45.2,48.1,50.0,50.0,50.0,50.0,57.2,30.0,50.0,50.0,50.0,50.0,0.0,50.0,0.0,50.0,46.9,48.8,50.0,49.1,37.5,22.5,91.9,45.5,52.8,0.728,38.4,,,,,,,
2026_01_CLE_JAX,2026,1,JAX,00-0041217,J'mari Taylor,,,,,,,,,,,,,,,,,,RB,6.0,[],CLE,outdoors,,,,,,,,,,,,,,,,,,,,,,,,,,,0.0,0.0,0.0,0.0,0.0,0.0,0.0,,,,,,,,,,,,,,,,,50.0,45.2,48.1,50.0,50.0,50.0,50.0,57.2,30.0,50.0,50.0,50.0,50.0,0.0,50.0,0.0,50.0,46.9,48.8,50.0,49.1,37.5,22.5,91.9,45.5,52.8,0.728,38.4,,,,,,,
2026_01_CLE_JAX,2026,1,JAX,00-0041220,Michael Wortham,,,,,,,,,,,,,,,,,,WR,12.0,[],CLE,outdoors,,,,,,,,,,,,,,,,,,,,,,,,,,,0.0,0.0,0.0,0.0,0.0,0.0,0.0,,,,,,,,,,,,,,,,,50.0,45.2,48.1,50.0,50.0,50.0,50.0,57.2,30.0,50.0,50.0,50.0,50.0,0.0,50.0,0.0,50.0,46.9,48.8,50.0,49.1,37.5,22.5,91.9,45.5,52.8,0.728,38.4,,,,,,,
2026_01_BUF_HOU,2026,1,BUF,00-0041221,Jackson Acker,,,,,,,,,,,,,,,,,,RB,,[],HOU,,,,,,,,,,,,,,,,,,,,,,,,,,,,0.0,0.0,0.0,0.0,0.0,0.0,0.0,,,,,,,,,,,,,,,,,50.0,45.2,48.1,50.0,50.0,50.0,50.0,57.2,30.0,50.0,50.0,50.0,50.0,0.0,50.0,0.0,50.0,46.9,48.8,50.0,49.1,37.5,22.5,91.9,45.5,52.8,0.728,38.4,,,,,,,
2026_01_BUF_HOU,2026,1,BUF,00-0041222,Gabriel Benyard,,,,,,,,,,,,,,,,,,WR,12.0,[],HOU,,,,,,,,,,,,,,,,,,,,,,,,,,,,0.0,0.0,0.0,0.0,0.0,0.0,0.0,,,,,,,,,,,,,,,,,50.0,45.2,48.1,50.0,50.0,50.0,50.0,57.2,30.0,50.0,50.0,50.0,50.0,0.0,50.0,0.0,50.0,46.9,48.8,50.0,49.1,37.5,22.5,91.9,45.5,52.8,0.728,38.4,,,,,,,
2026_01_BAL_IND,2026,1,IND,00-0041228,Sahmir Hagans,,,,,,,,,,,,,,,,,,WR,12.0,[],BAL,,,,,,,,,,,,,,,,,,,,,,,,,,,,0.0,0.0,0.0,0.0,0.0,0.0,0.0,,,,,,,,,,,,,,,,,50.0,45.2,48.1,50.0,50.0,50.0,50.0,57.2,30.0,50.0,50.0,50.0,50.0,0.0,50.0,0.0,50.0,46.9,48.8,50.0,49.1,37.5,22.5,91.9,45.5,52.8,0.728,38.4,,,,,,,
2026_01_BAL_IND,2026,1,IND,00-0041229,E.J. Horton,,,,,,,,,,,,,,,,,,WR,9.0,[],BAL,,,,,,,,,,,,,,,,,,,,,,,,,,,,0.0,0.0,0.0,0.0,0.0,0.0,0.0,,,,,,,,,,,,,,,,,50.0,45.2,48.1,50.0,50.0,50.0,50.0,57.2,30.0,50.0,50.0,50.0,50.0,0.0,50.0,0.0,50.0,46.9,48.8,50.0,49.1,37.5,22.5,91.9,45.5,52.8,0.728,38.4,,,,,,,
2026_01_BAL_IND,2026,1,IND,00-0041231,Lincoln Pare,,,,,,,,,,,,,,,,,,RB,5.0,[],BAL,,,,,,,,,,,,,,,,,,,,,,,,,,,,0.0,0.0,0.0,0.0,0.0,0.0,0.0,,,,,,,,,,,,,,,,,50.0,45.2,48.1,50.0,50.0,50.0,50.0,57.2,30.0,50.0,50.0,50.0,50.0,0.0,50.0,0.0,50.0,46.9,48.8,50.0,49.1,37.5,22.5,91.9,45.5,52.8,0.728,38.4,,,,,,,
2026_01_BAL_IND,2026,1,IND,00-0041233,Raylen Sharpe,,,,,,,,,,,,,,,,,,WR,13.0,[],BAL,,,,,,,,,,,,,,,,,,,,,,,,,,,,0.0,0.0,0.0,0.0,0.0,0.0,0.0,,,,,,,,,,,,,,,,,50.0,45.2,48.1,50.0,50.0,50.0,50.0,57.2,30.0,50.0,50.0,50.0,50.0,0.0,50.0,0.0,50.0,46.9,48.8,50.0,49.1,37.5,22.5,91.9,45.5,52.8,0.728,38.4,,,,,,,
2026_01_NYJ_TEN,2026,1,NYJ,00-0041237,Chase Curtis,,,,,,,,,,,,,,,,,,TE,5.0,[],TEN,outdoors,,,,,,,,,,,,,,,,,,,,,,,,,,,0.0,0.0,0.0,0.0,0.0,0.0,0.0,,,,,,,,,,,,,,,,,50.0,45.2,48.1,50.0,50.0,50.0,50.0,57.2,30.0,50.0,50.0,50.0,50.0,0.0,50.0,0.0,50.0,46.9,48.8,50.0,49.1,37.5,22.5,91.9,45.5,52.8,0.728,38.4,,,,,,,
2026_01_NYJ_TEN,2026,1,NYJ,00-0041239,Chip Trayanum,,,,,,,,,,,,,,,,,,RB,5.0,[],TEN,outdoors,,,,,,,,,,,,,,,,,,,,,,,,,,,0.0,0.0,0.0,0.0,0.0,0.0,0.0,,,,,,,,,,,,,,,,,50.0,45.2,48.1,50.0,50.0,50.0,50.0,57.2,30.0,50.0,50.0,50.0,50.0,0.0,50.0,0.0,50.0,46.9,48.8,50.0,49.1,37.5,22.5,91.9,45.5,52.8,0.728,38.4,,,,,,,
2026_01_TB_CIN,2026,1,CIN,00-0041241,Kentrel Bullock,,,,,,,,,,,,,,,,,,RB,7.0,[],TB,outdoors,,,,,,,,,,,,,,,,,,,,,,,,,,,0.0,0.0,0.0,0.0,0.0,0.0,0.0,,,,,,,,,,,,,,,,,50.0,45.2,48.1,50.0,50.0,50.0,50.0,57.2,30.0,50.0,50.0,50.0,50.0,0.0,50.0,0.0,50.0,46.9,48.8,50.0,49.1,37.5,22.5,91.9,45.5,52.8,0.728,38.4,,,,,,,
2026_01_TB_CIN,2026,1,CIN,00-0041244,Jamal Haynes,,,,,,,,,,,,,,,,,,RB,6.0,[],TB,outdoors,,,,,,,,,,,,,,,,,,,,,,,,,,,0.0,0.0,0.0,0.0,0.0,0.0,0.0,,,,,,,,,,,,,,,,,50.0,45.2,48.1,50.0,50.0,50.0,50.0,57.2,30.0,50.0,50.0,50.0,50.0,0.0,50.0,0.0,50.0,46.9,48.8,50.0,49.1,37.5,22.5,91.9,45.5,52.8,0.728,38.4,,,,,,,
2026_01_TB_CIN,2026,1,CIN,00-0041246,Josh Kattus,,,,,,,,,,,,,,,,,,TE,7.0,[],TB,outdoors,,,,,,,,,,,,,,,,,,,,,,,,,,,0.0,0.0,0.0,0.0,0.0,0.0,0.0,,,,,,,,,,,,,,,,,50.0,45.2,48.1,50.0,50.0,50.0,50.0,57.2,30.0,50.0,50.0,50.0,50.0,0.0,50.0,0.0,50.0,46.9,48.8,50.0,49.1,37.5,22.5,91.9,45.5,52.8,0.728,38.4,,,,,,,
2026_01_TB_CIN,2026,1,CIN,00-0041248,Noah Thomas,,,,,,,,,,,,,,,,,,WR,9.0,[],TB,outdoors,,,,,,,,,,,,,,,,,,,,,,,,,,,0.0,0.0,0.0,0.0,0.0,0.0,0.0,,,,,,,,,,,,,,,,,50.0,45.2,48.1,50.0,50.0,50.0,50.0,57.2,30.0,50.0,50.0,50.0,50.0,0.0,50.0,0.0,50.0,46.9,48.8,50.0,49.1,37.5,22.5,91.9,45.5,52.8,0.728,38.4,,,,,,,
2026_01_TB_CIN,2026,1,TB,00-0041252,Kenny Fletcher,,,,,,,,,,,,,,,,,,TE,6.0,[],CIN,outdoors,,,,,,,,,,,,,,,,,,,,,,,,,,,0.0,0.0,0.0,0.0,0.0,0.0,0.0,,,,,,,,,,,,,,,,,50.0,45.2,48.1,50.0,50.0,50.0,50.0,57.2,30.0,50.0,50.0,50.0,50.0,0.0,50.0,0.0,50.0,46.9,48.8,50.0,49.1,37.5,22.5,91.9,45.5,52.8,0.728,38.4,,,,,,,
2026_01_TB_CIN,2026,1,TB,00-0041257,Eric Rivers,,,,,,,,,,,,,,,,,,WR,10.0,[],CIN,outdoors,,,,,,,,,,,,,,,,,,,,,,,,,,,0.0,0.0,0.0,0.0,0.0,0.0,0.0,,,,,,,,,,,,,,,,,50.0,45.2,48.1,50.0,50.0,50.0,50.0,57.2,30.0,50.0,50.0,50.0,50.0,0.0,50.0,0.0,50.0,46.9,48.8,50.0,49.1,37.5,22.5,91.9,45.5,52.8,0.728,38.4,,,,,,,
2026_01_ATL_PIT,2026,1,PIT,00-0041263,Lake McRee,,,,,,,,,,,,,,,,,,TE,5.0,[],ATL,outdoors,,,,,,,,,,,,,,,,,,,,,,,,,,,0.0,0.0,0.0,0.0,0.0,0.0,0.0,,,,,,,,,,,,,,,,,50.0,45.2,48.1,50.0,50.0,50.0,50.0,57.2,30.0,50.0,50.0,50.0,50.0,0.0,50.0,0.0,50.0,46.9,48.8,50.0,49.1,37.5,22.5,91.9,45.5,52.8,0.728,38.4,,,,,,,
2026_01_CHI_CAR,2026,1,CHI,00-0041265,Squirrel White,,,,,,,,,,,,,,,,,,WR,10.0,[],CAR,outdoors,,,,,,,,,,,,,,,,,,,,,,,,,,,0.0,0.0,0.0,0.0,0.0,0.0,0.0,,,,,,,,,,,,,,,,,50.0,45.2,48.1,50.0,50.0,50.0,50.0,57.2,30.0,50.0,50.0,50.0,50.0,0.0,50.0,0.0,50.0,46.9,48.8,50.0,49.1,37.5,22.5,91.9,45.5,52.8,0.728,38.4,,,,,,,
2026_01_ATL_PIT,2026,1,ATL,00-0041266,Keelan Marion,,,,,,,,,,,,,,,,,,WR,10.0,[],PIT,outdoors,,,,,,,,,,,,,,,,,,,,,,,,,,,0.0,0.0,0.0,0.0,0.0,0.0,0.0,,,,,,,,,,,,,,,,,50.0,45.2,48.1,50.0,50.0,50.0,50.0,57.2,30.0,50.0,50.0,50.0,50.0,0.0,50.0,0.0,50.0,46.9,48.8,50.0,49.1,37.5,22.5,91.9,45.5,52.8,0.728,38.4,,,,,,,
2026_01_NYJ_TEN,2026,1,NYJ,00-0041267,Malik McClain,,,,,,,,,,,,,,,,,,WR,10.0,[],TEN,outdoors,,,,,,,,,,,,,,,,,,,,,,,,,,,0.0,0.0,0.0,0.0,0.0,0.0,0.0,,,,,,,,,,,,,,,,,50.0,45.2,48.1,50.0,50.0,50.0,50.0,57.2,30.0,50.0,50.0,50.0,50.0,0.0,50.0,0.0,50.0,46.9,48.8,50.0,49.1,37.5,22.5,91.9,45.5,52.8,0.728,38.4,,,,,,,
2026_01_BUF_HOU,2026,1,BUF,00-0041272,Ja'Mori Maclin,,,,,,,,,,,,,,,,,,WR,13.0,[],HOU,,,,,,,,,,,,,,,,,,,,,,,,,,,,0.0,0.0,0.0,0.0,0.0,0.0,0.0,,,,,,,,,,,,,,,,,50.0,45.2,48.1,50.0,50.0,50.0,50.0,57.2,30.0,50.0,50.0,50.0,50.0,0.0,50.0,0.0,50.0,46.9,48.8,50.0,49.1,37.5,22.5,91.9,45.5,52.8,0.728,38.4,,,,,,,
2026_01_BUF_HOU,2026,1,BUF,00-0041273,Desmond Reid,,,,,,,,,,,,,,,,,,RB,6.0,[],HOU,,,,,,,,,,,,,,,,,,,,,,,,,,,,0.0,0.0,0.0,0.0,0.0,0.0,0.0,,,,,,,,,,,,,,,,,50.0,45.2,48.1,50.0,50.0,50.0,50.0,57.2,30.0,50.0,50.0,50.0,50.0,0.0,50.0,0.0,50.0,46.9,48.8,50.0,49.1,37.5,22.5,91.9,45.5,52.8,0.728,38.4,,,,,,,
2026_01_CLE_JAX,2026,1,CLE,00-0041277,Davon Booth,,,,,,,,,,,,,,,,,,RB,5.0,[],JAX,outdoors,,,,,,,,,,,,,,,,,,,,,,,,,,,0.0,0.0,0.0,0.0,0.0,0.0,0.0,,,,,,,,,,,,,,,,,50.0,45.2,48.1,50.0,50.0,50.0,50.0,57.2,30.0,50.0,50.0,50.0,50.0,0.0,50.0,0.0,50.0,46.9,48.8,50.0,49.1,37.5,22.5,91.9,45.5,52.8,0.728,38.4,,,,,,,
2026_01_CLE_JAX,2026,1,CLE,00-0041281,T.J. Harden,,,,,,,,,,,,,,,,,,RB,6.0,[],JAX,outdoors,,,,,,,,,,,,,,,,,,,,,,,,,,,0.0,0.0,0.0,0.0,0.0,0.0,0.0,,,,,,,,,,,,,,,,,50.0,45.2,48.1,50.0,50.0,50.0,50.0,57.2,30.0,50.0,50.0,50.0,50.0,0.0,50.0,0.0,50.0,46.9,48.8,50.0,49.1,37.5,22.5,91.9,45.5,52.8,0.728,38.4,,,,,,,
2026_01_CLE_JAX,2026,1,CLE,00-0041287,Kole Wilson,,,,,,,,,,,,,,,,,,WR,9.0,[],JAX,outdoors,,,,,,,,,,,,,,,,,,,,,,,,,,,0.0,0.0,0.0,0.0,0.0,0.0,0.0,,,,,,,,,,,,,,,,,50.0,45.2,48.1,50.0,50.0,50.0,50.0,57.2,30.0,50.0,50.0,50.0,50.0,0.0,50.0,0.0,50.0,46.9,48.8,50.0,49.1,37.5,22.5,91.9,45.5,52.8,0.728,38.4,,,,,,,
2026_01_DEN_KC,2026,1,DEN,00-0041292,Kolbe Katsis,,,,,,,,,,,,,,,,,,WR,11.0,[],KC,outdoors,,,,,,,,,,,,,,,,,,,,,,,,,,,0.0,0.0,0.0,0.0,0.0,0.0,0.0,,,,,,,,,,,,,,,,,50.0,45.2,48.1,50.0,50.0,50.0,50.0,57.2,30.0,50.0,50.0,50.0,50.0,0.0,50.0,0.0,50.0,46.9,48.8,50.0,49.1,37.5,22.5,91.9,45.5,52.8,0.728,38.4,,,,,,,
2026_01_DEN_KC,2026,1,DEN,00-0041293,Dane Key,,,,,,,,,,,,,,,,,,WR,10.0,[],KC,outdoors,,,,,,,,,,,,,,,,,,,,,,,,,,,0.0,0.0,0.0,0.0,0.0,0.0,0.0,,,,,,,,,,,,,,,,,50.0,45.2,48.1,50.0,50.0,50.0,50.0,57.2,30.0,50.0,50.0,50.0,50.0,0.0,50.0,0.0,50.0,46.9,48.8,50.0,49.1,37.5,22.5,91.9,45.5,52.8,0.728,38.4,,,,,,,
2026_01_DEN_KC,2026,1,DEN,00-0041294,Joseph Manjack,,,,,,,,,,,,,,,,,,WR,12.0,[],KC,outdoors,,,,,,,,,,,,,,,,,,,,,,,,,,,0.0,0.0,0.0,0.0,0.0,0.0,0.0,,,,,,,,,,,,,,,,,50.0,45.2,48.1,50.0,50.0,50.0,50.0,57.2,30.0,50.0,50.0,50.0,50.0,0.0,50.0,0.0,50.0,46.9,48.8,50.0,49.1,37.5,22.5,91.9,45.5,52.8,0.728,38.4,,,,,,,
2026_01_DEN_KC,2026,1,DEN,00-0041299,Cam Ross,,,,,,,,,,,,,,,,,,WR,12.0,[],KC,outdoors,,,,,,,,,,,,,,,,,,,,,,,,,,,0.0,0.0,0.0,0.0,0.0,0.0,0.0,,,,,,,,,,,,,,,,,50.0,45.2,48.1,50.0,50.0,50.0,50.0,57.2,30.0,50.0,50.0,50.0,50.0,0.0,50.0,0.0,50.0,46.9,48.8,50.0,49.1,37.5,22.5,91.9,45.5,52.8,0.728,38.4,,,,,,,
2026_01_BUF_HOU,2026,1,HOU,00-0041307,Josh Pitsenberger,,,,,,,,,,,,,,,,,,RB,6.0,[],BUF,,,,,,,,,,,,,,,,,,,,,,,,,,,,0.0,0.0,0.0,0.0,0.0,0.0,0.0,,,,,,,,,,,,,,,,,50.0,45.2,48.1,50.0,50.0,50.0,50.0,57.2,30.0,50.0,50.0,50.0,50.0,0.0,50.0,0.0,50.0,46.9,48.8,50.0,49.1,37.5,22.5,91.9,45.5,52.8,0.728,38.4,,,,,,,
2026_01_BUF_HOU,2026,1,HOU,00-0041308,Treyvhon Saunders,,,,,,,,,,,,,,,,,,WR,10.0,[],BUF,,,,,,,,,,,,,,,,,,,,,,,,,,,,0.0,0.0,0.0,0.0,0.0,0.0,0.0,,,,,,,,,,,,,,,,,50.0,45.2,48.1,50.0,50.0,50.0,50.0,57.2,30.0,50.0,50.0,50.0,50.0,0.0,50.0,0.0,50.0,46.9,48.8,50.0,49.1,37.5,22.5,91.9,45.5,52.8,0.728,38.4,,,,,,,
2026_01_BUF_HOU,2026,1,HOU,00-0041309,Daniel Sobkowicz,,,,,,,,,,,,,,,,,,WR,12.0,[],BUF,,,,,,,,,,,,,,,,,,,,,,,,,,,,0.0,0.0,0.0,0.0,0.0,0.0,0.0,,,,,,,,,,,,,,,,,50.0,45.2,48.1,50.0,50.0,50.0,50.0,57.2,30.0,50.0,50.0,50.0,50.0,0.0,50.0,0.0,50.0,46.9,48.8,50.0,49.1,37.5,22.5,91.9,45.5,52.8,0.728,38.4,,,,,,,
2026_01_NYJ_TEN,2026,1,NYJ,00-0041311,Jalen Walthall,,,,,,,,,,,,,,,,,,WR,13.0,[],TEN,outdoors,,,,,,,,,,,,,,,,,,,,,,,,,,,0.0,0.0,0.0,0.0,0.0,0.0,0.0,,,,,,,,,,,,,,,,,50.0,45.2,48.1,50.0,50.0,50.0,50.0,57.2,30.0,50.0,50.0,50.0,50.0,0.0,50.0,0.0,50.0,46.9,48.8,50.0,49.1,37.5,22.5,91.9,45.5,52.8,0.728,38.4,,,,,,,
2026_01_BUF_HOU,2026,1,HOU,00-0041312,Noah Whittington,,,,,,,,,,,,,,,,,,RB,5.0,[],BUF,,,,,,,,,,,,,,,,,,,,,,,,,,,,0.0,0.0,0.0,0.0,0.0,0.0,0.0,,,,,,,,,,,,,,,,,50.0,45.2,48.1,50.0,50.0,50.0,50.0,57.2,30.0,50.0,50.0,50.0,50.0,0.0,50.0,0.0,50.0,46.9,48.8,50.0,49.1,37.5,22.5,91.9,45.5,52.8,0.728,38.4,,,,,,,
2026_01_NE_SEA,2026,1,NE,00-0041314,Tanner Arkin,,,,,,,,,,,,,,,,,,TE,5.0,[],SEA,outdoors,,,,,,,,,,,,,,,,,,,,,,,,,,,0.0,0.0,0.0,0.0,0.0,0.0,0.0,,,,,,,,,,,,,,,,,50.0,45.2,48.1,50.0,50.0,50.0,50.0,57.2,30.0,50.0,50.0,50.0,50.0,0.0,50.0,0.0,50.0,46.9,48.8,50.0,49.1,37.5,22.5,91.9,45.5,52.8,0.728,38.4,,,,,,,
2026_01_NE_SEA,2026,1,NE,00-0041317,Nick DeGennaro,,,,,,,,,,,,,,,,,,WR,9.0,[],SEA,outdoors,,,,,,,,,,,,,,,,,,,,,,,,,,,0.0,0.0,0.0,0.0,0.0,0.0,0.0,,,,,,,,,,,,,,,,,50.0,45.2,48.1,50.0,50.0,50.0,50.0,57.2,30.0,50.0,50.0,50.0,50.0,0.0,50.0,0.0,50.0,46.9,48.8,50.0,49.1,37.5,22.5,91.9,45.5,52.8,0.728,38.4,,,,,,,
2026_01_NE_SEA,2026,1,NE,00-0041318,Kyle Dixon,,,,,,,,,,,,,,,,,,WR,8.0,[],SEA,outdoors,,,,,,,,,,,,,,,,,,,,,,,,,,,0.0,0.0,0.0,0.0,0.0,0.0,0.0,,,,,,,,,,,,,,,,,50.0,45.2,48.1,50.0,50.0,50.0,50.0,57.2,30.0,50.0,50.0,50.0,50.0,0.0,50.0,0.0,50.0,46.9,48.8,50.0,49.1,37.5,22.5,91.9,45.5,52.8,0.728,38.4,,,,,,,
2026_01_NE_SEA,2026,1,NE,00-0041319,Cameron Dorner,,,,,,,,,,,,,,,,,,WR,10.0,[],SEA,outdoors,,,,,,,,,,,,,,,,,,,,,,,,,,,0.0,0.0,0.0,0.0,0.0,0.0,0.0,,,,,,,,,,,,,,,,,50.0,45.2,48.1,50.0,50.0,50.0,50.0,57.2,30.0,50.0,50.0,50.0,50.0,0.0,50.0,0.0,50.0,46.9,48.8,50.0,49.1,37.5,22.5,91.9,45.5,52.8,0.728,38.4,,,,,,,
2026_01_NE_SEA,2026,1,NE,00-0041322,Jimmy Kibble,,,,,,,,,,,,,,,,,,WR,14.0,[],SEA,outdoors,,,,,,,,,,,,,,,,,,,,,,,,,,,0.0,0.0,0.0,0.0,0.0,0.0,0.0,,,,,,,,,,,,,,,,,50.0,45.2,48.1,50.0,50.0,50.0,50.0,57.2,30.0,50.0,50.0,50.0,50.0,0.0,50.0,0.0,50.0,46.9,48.8,50.0,49.1,37.5,22.5,91.9,45.5,52.8,0.728,38.4,,,,,,,
2026_01_NE_SEA,2026,1,NE,00-0041323,Myles Montgomery,,,,,,,,,,,,,,,,,,RB,7.0,[],SEA,outdoors,,,,,,,,,,,,,,,,,,,,,,,,,,,0.0,0.0,0.0,0.0,0.0,0.0,0.0,,,,,,,,,,,,,,,,,50.0,45.2,48.1,50.0,50.0,50.0,50.0,57.2,30.0,50.0,50.0,50.0,50.0,0.0,50.0,0.0,50.0,46.9,48.8,50.0,49.1,37.5,22.5,91.9,45.5,52.8,0.728,38.4,,,,,,,
2026_01_NO_DET,2026,1,NO,00-0041326,C.J. Donaldson,,,,,,,,,,,,,,,,,,RB,7.0,[],DET,dome,,,,,,,,,,,,,,,,,,,,,,,,,,,0.0,0.0,0.0,0.0,0.0,0.0,0.0,,,,,,,,,,,,,,,,,50.0,45.2,48.1,50.0,50.0,50.0,50.0,57.2,30.0,50.0,50.0,50.0,50.0,0.0,50.0,0.0,50.0,46.9,48.8,100.0,64.1,50.0,26.7,85.9,47.9,57.1,0.74,42.2,,,,,,,
2026_01_NO_DET,2026,1,NO,00-0041327,Cody Hardy,,,,,,,,,,,,,,,,,,TE,7.0,[],DET,dome,,,,,,,,,,,,,,,,,,,,,,,,,,,0.0,0.0,0.0,0.0,0.0,0.0,0.0,,,,,,,,,,,,,,,,,50.0,45.2,48.1,50.0,50.0,50.0,50.0,57.2,30.0,50.0,50.0,50.0,50.0,0.0,50.0,0.0,50.0,46.9,48.8,100.0,64.1,50.0,26.7,85.9,47.9,57.1,0.74,42.2,,,,,,,
2026_01_GB_MIN,2026,1,MIN,00-0041342,Dillon Bell,,,,,,,,,,,,,,,,,,WR,7.0,[],GB,dome,,,,,,,,,,,,,,,,,,,,,,,,,,,0.0,0.0,0.0,0.0,0.0,0.0,0.0,,,,,,,,,,,,,,,,,50.0,45.2,48.1,50.0,50.0,50.0,50.0,57.2,30.0,50.0,50.0,50.0,50.0,0.0,50.0,0.0,50.0,46.9,48.8,100.0,64.1,50.0,26.7,85.9,47.9,57.1,0.74,42.2,,,,,,,
2026_01_GB_MIN,2026,1,MIN,00-0041350,Kejon Owens,,,,,,,,,,,,,,,,,,RB,6.0,[],GB,dome,,,,,,,,,,,,,,,,,,,,,,,,,,,0.0,0.0,0.0,0.0,0.0,0.0,0.0,,,,,,,,,,,,,,,,,50.0,45.2,48.1,50.0,50.0,50.0,50.0,57.2,30.0,50.0,50.0,50.0,50.0,0.0,50.0,0.0,50.0,46.9,48.8,100.0,64.1,50.0,26.7,85.9,47.9,57.1,0.74,42.2,,,,,,,
2026_01_GB_MIN,2026,1,MIN,00-0041352,Marcus Sanders,,,,,,,,,,,,,,,,,,WR,12.0,[],GB,dome,,,,,,,,,,,,,,,,,,,,,,,,,,,0.0,0.0,0.0,0.0,0.0,0.0,0.0,,,,,,,,,,,,,,,,,50.0,45.2,48.1,50.0,50.0,50.0,50.0,57.2,30.0,50.0,50.0,50.0,50.0,0.0,50.0,0.0,50.0,46.9,48.8,100.0,64.1,50.0,26.7,85.9,47.9,57.1,0.74,42.2,,,,,,,
2026_01_GB_MIN,2026,1,MIN,00-0041356,Luke Wysong,,,,,,,,,,,,,,,,,,WR,10.0,[],GB,dome,,,,,,,,,,,,,,,,,,,,,,,,,,,0.0,0.0,0.0,0.0,0.0,0.0,0.0,,,,,,,,,,,,,,,,,50.0,45.2,48.1,50.0,50.0,50.0,50.0,57.2,30.0,50.0,50.0,50.0,50.0,0.0,50.0,0.0,50.0,46.9,48.8,100.0,64.1,50.0,26.7,85.9,47.9,57.1,0.74,42.2,,,,,,,
2026_01_SF_LA,2026,1,SF,00-0041357,Khalil Dinkins,,,,,,,,,,,,,,,,,,TE,6.0,[],LA,dome,,,,,,,,,,,,,,,,,,,,,,,,,,,0.0,0.0,0.0,0.0,0.0,0.0,0.0,,,,,,,,,,,,,,,,,50.0,45.2,48.1,50.0,50.0,50.0,50.0,57.2,30.0,50.0,50.0,50.0,50.0,0.0,50.0,0.0,50.0,46.9,48.8,100.0,64.1,50.0,26.7,85.9,47.9,57.1,0.74,42.2,,,,,,,
2026_01_SF_LA,2026,1,SF,00-0041359,Wesley Grimes,,,,,,,,,,,,,,,,,,WR,10.0,[],LA,dome,,,,,,,,,,,,,,,,,,,,,,,,,,,0.0,0.0,0.0,0.0,0.0,0.0,0.0,,,,,,,,,,,,,,,,,50.0,45.2,48.1,50.0,50.0,50.0,50.0,57.2,30.0,50.0,50.0,50.0,50.0,0.0,50.0,0.0,50.0,46.9,48.8,100.0,64.1,50.0,26.7,85.9,47.9,57.1,0.74,42.2,,,,,,,
2026_01_SF_LA,2026,1,SF,00-0041361,Will Pauling,,,,,,,,,,,,,,,,,,WR,11.0,[],LA,dome,,,,,,,,,,,,,,,,,,,,,,,,,,,0.0,0.0,0.0,0.0,0.0,0.0,0.0,,,,,,,,,,,,,,,,,50.0,45.2,48.1,50.0,50.0,50.0,50.0,57.2,30.0,50.0,50.0,50.0,50.0,0.0,50.0,0.0,50.0,46.9,48.8,100.0,64.1,50.0,26.7,85.9,47.9,57.1,0.74,42.2,,,,,,,
2026_01_ARI_LAC,2026,1,LAC,00-0041373,Jerand Bradley,,,,,,,,,,,,,,,,,,WR,,[],ARI,dome,,,,,,,,,,,,,,,,,,,,,,,,,,,0.0,0.0,0.0,0.0,0.0,0.0,0.0,,,,,,,,,,,,,,,,,50.0,45.2,48.1,50.0,50.0,50.0,50.0,57.2,30.0,50.0,50.0,50.0,50.0,0.0,50.0,0.0,50.0,46.9,48.8,100.0,64.1,50.0,26.7,85.9,47.9,57.1,0.74,42.2,,,,,,,
2026_01_ARI_LAC,2026,1,LAC,00-0041374,Sincere Brown,,,,,,,,,,,,,,,,,,WR,9.0,[],ARI,dome,,,,,,,,,,,,,,,,,,,,,,,,,,,0.0,0.0,0.0,0.0,0.0,0.0,0.0,,,,,,,,,,,,,,,,,50.0,45.2,48.1,50.0,50.0,50.0,50.0,57.2,30.0,50.0,50.0,50.0,50.0,0.0,50.0,0.0,50.0,46.9,48.8,100.0,64.1,50.0,26.7,85.9,47.9,57.1,0.74,42.2,,,,,,,
2026_01_ARI_LAC,2026,1,LAC,00-0041376,Gregory Desrosiers,,,,,,,,,,,,,,,,,,RB,,[],ARI,dome,,,,,,,,,,,,,,,,,,,,,,,,,,,0.0,0.0,0.0,0.0,0.0,0.0,0.0,,,,,,,,,,,,,,,,,50.0,45.2,48.1,50.0,50.0,50.0,50.0,57.2,30.0,50.0,50.0,50.0,50.0,0.0,50.0,0.0,50.0,46.9,48.8,100.0,64.1,50.0,26.7,85.9,47.9,57.1,0.74,42.2,,,,,,,
2026_01_ARI_LAC,2026,1,LAC,00-0041380,Devonte Ross,,,,,,,,,,,,,,,,,,WR,11.0,[],ARI,dome,,,,,,,,,,,,,,,,,,,,,,,,,,,0.0,0.0,0.0,0.0,0.0,0.0,0.0,,,,,,,,,,,,,,,,,50.0,45.2,48.1,50.0,50.0,50.0,50.0,57.2,30.0,50.0,50.0,50.0,50.0,0.0,50.0,0.0,50.0,46.9,48.8,100.0,64.1,50.0,26.7,85.9,47.9,57.1,0.74,42.2,,,,,,,
2026_01_ARI_LAC,2026,1,LAC,00-0041384,Evan Svoboda,,,,,,,,,,,,,,,,,,TE,6.0,[],ARI,dome,,,,,,,,,,,,,,,,,,,,,,,,,,,0.0,0.0,0.0,0.0,0.0,0.0,0.0,,,,,,,,,,,,,,,,,50.0,45.2,48.1,50.0,50.0,50.0,50.0,57.2,30.0,50.0,50.0,50.0,50.0,0.0,50.0,0.0,50.0,46.9,48.8,100.0,64.1,50.0,26.7,85.9,47.9,57.1,0.74,42.2,,,,,,,
2026_01_NE_SEA,2026,1,NE,00-0041395,Eli Raridon,,,,,,,,,,,,,,,,,,TE,2.0,[],SEA,outdoors,,,,,,,,,,,,,,,,,,,,,,,,,,,0.0,0.0,0.0,0.0,0.0,0.0,0.0,,,,,,,,,,,,,,,,,50.0,45.2,48.1,50.0,50.0,50.0,50.0,57.2,30.0,50.0,50.0,50.0,50.0,0.0,50.0,0.0,50.0,46.9,48.8,50.0,49.1,37.5,22.5,57.8,36.1,44.4,0.68,30.2,1.0,550.0,DraftKings,0.15384615384615385,550.0,15.0,100.0
2026_01_ATL_PIT,2026,1,PIT,00-0041397,Kaden Wetjen,,,,,,,,,,,,,,,,,,WR,6.0,[],ATL,outdoors,,,,,,,,,,,,,,,,,,,,,,,,,,,0.0,0.0,0.0,0.0,0.0,0.0,0.0,,,,,,,,,,,,,,,,,50.0,45.2,48.1,50.0,50.0,50.0,50.0,57.2,30.0,50.0,50.0,50.0,50.0,0.0,50.0,0.0,50.0,46.9,48.8,50.0,49.1,37.5,22.5,91.9,45.5,52.8,0.728,38.4,,,,,,,
2026_01_ATL_PIT,2026,1,PIT,00-0041398,Riley Nowakowski,,,,,,,,,,,,,,,,,,TE,3.0,[],ATL,outdoors,,,,,,,,,,,,,,,,,,,,,,,,,,,0.0,0.0,0.0,0.0,0.0,0.0,0.0,,,,,,,,,,,,,,,,,50.0,45.2,48.1,50.0,50.0,50.0,50.0,57.2,30.0,50.0,50.0,50.0,50.0,0.0,50.0,0.0,50.0,46.9,48.8,50.0,49.1,37.5,22.5,91.9,45.5,52.8,0.728,38.4,,,,,,,
2026_01_SF_LA,2026,1,LA,00-0041399,C.J. Daniels,,,,,,,,,,,,,,,,,,WR,6.0,[],SF,dome,,,,,,,,,,,,,,,,,,,,,,,,,,,0.0,0.0,0.0,0.0,0.0,0.0,0.0,,,,,,,,,,,,,,,,,50.0,45.2,48.1,50.0,50.0,50.0,50.0,57.2,30.0,50.0,50.0,50.0,50.0,0.0,50.0,0.0,50.0,46.9,48.8,100.0,64.1,50.0,26.7,85.9,47.9,57.1,0.74,42.2,,,,,,,
2026_01_SF_LA,2026,1,LA,00-0041403,Rohan Jones,,,,,,,,,,,,,,,,,,TE,8.0,[],SF,dome,,,,,,,,,,,,,,,,,,,,,,,,,,,0.0,0.0,0.0,0.0,0.0,0.0,0.0,,,,,,,,,,,,,,,,,50.0,45.2,48.1,50.0,50.0,50.0,50.0,57.2,30.0,50.0,50.0,50.0,50.0,0.0,50.0,0.0,50.0,46.9,48.8,100.0,64.1,50.0,26.7,85.9,47.9,57.1,0.74,42.2,,,,,,,
2026_01_CHI_CAR,2026,1,CHI,00-0041407,Kyron Hudson,,,,,,,,,,,,,,,,,,WR,12.0,[],CAR,outdoors,,,,,,,,,,,,,,,,,,,,,,,,,,,0.0,0.0,0.0,0.0,0.0,0.0,0.0,,,,,,,,,,,,,,,,,50.0,45.2,48.1,50.0,50.0,50.0,50.0,57.2,30.0,50.0,50.0,50.0,50.0,0.0,50.0,0.0,50.0,46.9,48.8,50.0,49.1,37.5,22.5,91.9,45.5,52.8,0.728,38.4,,,,,,,
2026_01_SF_LA,2026,1,LA,00-0041415,Dean Connors,,,,,,,,,,,,,,,,,,RB,6.0,[],SF,dome,,,,,,,,,,,,,,,,,,,,,,,,,,,0.0,0.0,0.0,0.0,0.0,0.0,0.0,,,,,,,,,,,,,,,,,50.0,45.2,48.1,50.0,50.0,50.0,50.0,57.2,30.0,50.0,50.0,50.0,50.0,0.0,50.0,0.0,50.0,46.9,48.8,100.0,64.1,50.0,26.7,85.9,47.9,57.1,0.74,42.2,,,,,,,
2026_01_SF_LA,2026,1,LA,00-0041422,Dan Villari,,,,,,,,,,,,,,,,,,TE,7.0,[],SF,dome,,,,,,,,,,,,,,,,,,,,,,,,,,,0.0,0.0,0.0,0.0,0.0,0.0,0.0,,,,,,,,,,,,,,,,,50.0,45.2,48.1,50.0,50.0,50.0,50.0,57.2,30.0,50.0,50.0,50.0,50.0,0.0,50.0,0.0,50.0,46.9,48.8,100.0,64.1,50.0,26.7,85.9,47.9,57.1,0.74,42.2,,,,,,,
2026_01_TB_CIN,2026,1,TB,00-0041433,Kadarius Calloway,,,,,,,,,,,,,,,,,,RB,5.0,[],CIN,outdoors,,,,,,,,,,,,,,,,,,,,,,,,,,,0.0,0.0,0.0,0.0,0.0,0.0,0.0,,,,,,,,,,,,,,,,,50.0,45.2,48.1,50.0,50.0,50.0,50.0,57.2,30.0,50.0,50.0,50.0,50.0,0.0,50.0,0.0,50.0,46.9,48.8,50.0,49.1,37.5,22.5,91.9,45.5,52.8,0.728,38.4,,,,,,,
2026_01_TB_CIN,2026,1,TB,00-0041435,Dean Patterson,,,,,,,,,,,,,,,,,,WR,11.0,[],CIN,outdoors,,,,,,,,,,,,,,,,,,,,,,,,,,,0.0,0.0,0.0,0.0,0.0,0.0,0.0,,,,,,,,,,,,,,,,,50.0,45.2,48.1,50.0,50.0,50.0,50.0,57.2,30.0,50.0,50.0,50.0,50.0,0.0,50.0,0.0,50.0,46.9,48.8,50.0,49.1,37.5,22.5,91.9,45.5,52.8,0.728,38.4,,,,,,,
2026_01_MIA_LV,2026,1,MIA,00-0041436,D.J. Herman,,,,,,,,,,,,,,,,,,RB,,[],LV,dome,,,,,,,,,,,,,,,,,,,,,,,,,,,0.0,0.0,0.0,0.0,0.0,0.0,0.0,,,,,,,,,,,,,,,,,50.0,45.2,48.1,50.0,50.0,50.0,50.0,57.2,30.0,50.0,50.0,50.0,50.0,0.0,50.0,0.0,50.0,46.9,48.8,100.0,64.1,50.0,26.7,85.9,47.9,57.1,0.74,42.2,,,,,,,
2026_01_NYJ_TEN,2026,1,TEN,00-0041438,Carnell Tate,,,,,,,,,,,,,,,,,,WR,1.0,[],NYJ,outdoors,,,,,,,,,,,,,,,,,,,,,,,,,,,0.0,0.0,0.0,0.0,0.0,0.0,0.0,,,,,,,,,,,,,,,,,50.0,45.2,48.1,50.0,50.0,50.0,50.0,57.2,30.0,50.0,50.0,50.0,50.0,0.0,50.0,0.0,50.0,46.9,48.8,50.0,49.1,37.5,22.5,91.9,45.5,52.8,0.728,38.4,,,,,,,
2026_01_BUF_HOU,2026,1,BUF,00-0041443,Skyler Bell,,,,,,,,,,,,,,,,,,WR,5.0,[],HOU,,,,,,,,,,,,,,,,,,,,,,,,,,,,0.0,0.0,0.0,0.0,0.0,0.0,0.0,,,,,,,,,,,,,,,,,50.0,45.2,48.1,50.0,50.0,50.0,50.0,57.2,30.0,50.0,50.0,50.0,50.0,0.0,50.0,0.0,50.0,46.9,48.8,50.0,49.1,37.5,22.5,91.9,45.5,52.8,0.728,38.4,,,,,,,
2026_01_NO_DET,2026,1,DET,00-0041446,Kendrick Law,,,,,,,,,,,,,,,,,,WR,12.0,[],NO,dome,,,,,,,,,,,,,,,,,,,,,,,,,,,0.0,0.0,0.0,0.0,0.0,0.0,0.0,,,,,,,,,,,,,,,,,50.0,45.2,48.1,50.0,50.0,50.0,50.0,57.2,30.0,50.0,50.0,50.0,50.0,0.0,50.0,0.0,50.0,46.9,48.8,100.0,64.1,50.0,26.7,85.9,47.9,57.1,0.74,42.2,,,,,,,
2026_01_NO_DET,2026,1,NO,00-0041451,Brock Rechsteiner,,,,,,,,,,,,,,,,,,WR,12.0,[],DET,dome,,,,,,,,,,,,,,,,,,,,,,,,,,,0.0,0.0,0.0,0.0,0.0,0.0,0.0,,,,,,,,,,,,,,,,,50.0,45.2,48.1,50.0,50.0,50.0,50.0,57.2,30.0,50.0,50.0,50.0,50.0,0.0,50.0,0.0,50.0,46.9,48.8,100.0,64.1,50.0,26.7,85.9,47.9,57.1,0.74,42.2,,,,,,,
2026_01_ARI_LAC,2026,1,LAC,00-0041452,Johnny Pascuzzi,,,,,,,,,,,,,,,,,,TE,4.0,[],ARI,dome,,,,,,,,,,,,,,,,,,,,,,,,,,,0.0,0.0,0.0,0.0,0.0,0.0,0.0,,,,,,,,,,,,,,,,,50.0,45.2,48.1,50.0,50.0,50.0,50.0,57.2,30.0,50.0,50.0,50.0,50.0,0.0,50.0,0.0,50.0,46.9,48.8,100.0,64.1,50.0,26.7,85.9,47.9,57.1,0.74,42.2,,,,,,,
2026_01_NO_DET,2026,1,DET,00-0041457,Miles Kitselman,,,,,,,,,,,,,,,,,,TE,7.0,[],NO,dome,,,,,,,,,,,,,,,,,,,,,,,,,,,0.0,0.0,0.0,0.0,0.0,0.0,0.0,,,,,,,,,,,,,,,,,50.0,45.2,48.1,50.0,50.0,50.0,50.0,57.2,30.0,50.0,50.0,50.0,50.0,0.0,50.0,0.0,50.0,46.9,48.8,100.0,64.1,50.0,26.7,85.9,47.9,57.1,0.74,42.2,,,,,,,
2026_01_BUF_HOU,2026,1,HOU,00-0041467,Lewis Bond,,,,,,,,,,,,,,,,,,WR,7.0,[],BUF,,,,,,,,,,,,,,,,,,,,,,,,,,,,0.0,0.0,0.0,0.0,0.0,0.0,0.0,,,,,,,,,,,,,,,,,50.0,45.2,48.1,50.0,50.0,50.0,50.0,57.2,30.0,50.0,50.0,50.0,50.0,0.0,50.0,0.0,50.0,46.9,48.8,50.0,49.1,37.5,22.5,91.9,45.5,52.8,0.728,38.4,,,,,,,
2026_01_BUF_HOU,2026,1,HOU,00-0041472,Marlin Klein,,,,,,,,,,,,,,,,,,TE,5.0,[],BUF,,,,,,,,,,,,,,,,,,,,,,,,,,,,0.0,0.0,0.0,0.0,0.0,0.0,0.0,,,,,,,,,,,,,,,,,50.0,45.2,48.1,50.0,50.0,50.0,50.0,57.2,30.0,50.0,50.0,50.0,50.0,0.0,50.0,0.0,50.0,46.9,48.8,50.0,49.1,37.5,22.5,91.9,45.5,52.8,0.728,38.4,,,,,,,
2026_01_ARI_LAC,2026,1,LAC,00-0041474,Mante Morrow,,,,,,,,,,,,,,,,,,WR,12.0,[],ARI,dome,,,,,,,,,,,,,,,,,,,,,,,,,,,0.0,0.0,0.0,0.0,0.0,0.0,0.0,,,,,,,,,,,,,,,,,50.0,45.2,48.1,50.0,50.0,50.0,50.0,57.2,30.0,50.0,50.0,50.0,50.0,0.0,50.0,0.0,50.0,46.9,48.8,100.0,64.1,50.0,26.7,85.9,47.9,57.1,0.74,42.2,,,,,,,
2026_01_GB_MIN,2026,1,MIN,00-0041475,Trayvon Rudolph,,,,,,,,,,,,,,,,,,WR,9.0,[],GB,dome,,,,,,,,,,,,,,,,,,,,,,,,,,,0.0,0.0,0.0,0.0,0.0,0.0,0.0,,,,,,,,,,,,,,,,,50.0,45.2,48.1,50.0,50.0,50.0,50.0,57.2,30.0,50.0,50.0,50.0,50.0,0.0,50.0,0.0,50.0,46.9,48.8,100.0,64.1,50.0,26.7,85.9,47.9,57.1,0.74,42.2,,,,,,,
2026_01_NE_SEA,2026,1,SEA,00-0041476,Rashad Rochelle,,,,,,,,,,,,,,,,,,WR,11.0,[],NE,outdoors,,,,,,,,,,,,,,,,,,,,,,,,,,,0.0,0.0,0.0,0.0,0.0,0.0,0.0,,,,,,,,,,,,,,,,,50.0,45.2,48.1,50.0,50.0,50.0,50.0,57.2,30.0,50.0,50.0,50.0,50.0,0.0,50.0,0.0,50.0,46.9,48.8,50.0,49.1,37.5,22.5,91.9,45.5,52.8,0.728,38.4,,,,,,,
2026_01_GB_MIN,2026,1,MIN,00-0041481,Terrill Davis,,,,,,,,,,,,,,,,,,WR,11.0,[],GB,dome,,,,,,,,,,,,,,,,,,,,,,,,,,,0.0,0.0,0.0,0.0,0.0,0.0,0.0,,,,,,,,,,,,,,,,,50.0,45.2,48.1,50.0,50.0,50.0,50.0,57.2,30.0,50.0,50.0,50.0,50.0,0.0,50.0,0.0,50.0,46.9,48.8,100.0,64.1,50.0,26.7,85.9,47.9,57.1,0.74,42.2,,,,,,,
2026_01_WAS_PHI,2026,1,PHI,00-0041483,Eli Stowers,,,,,,,,,,,,,,,,,,TE,2.0,[],WAS,outdoors,,,,,,,,,,,,,,,,,,,,,,,,,,,0.0,0.0,0.0,0.0,0.0,0.0,0.0,,,,,,,,,,,,,,,,,50.0,45.2,48.1,50.0,50.0,50.0,50.0,57.2,30.0,50.0,50.0,50.0,50.0,0.0,50.0,0.0,50.0,46.9,48.8,50.0,49.1,37.5,22.5,91.9,45.5,52.8,0.728,38.4,,,,,,,
2026_01_CHI_CAR,2026,1,CAR,00-0041485,Miles Davis,,,,,,,,,,,,,,,,,,RB,6.0,[],CHI,outdoors,,,,,,,,,,,,,,,,,,,,,,,,,,,0.0,0.0,0.0,0.0,0.0,0.0,0.0,,,,,,,,,,,,,,,,,50.0,45.2,48.1,50.0,50.0,50.0,50.0,57.2,30.0,50.0,50.0,50.0,50.0,0.0,50.0,0.0,50.0,46.9,48.8,50.0,49.1,37.5,22.5,91.9,45.5,52.8,0.728,38.4,,,,,,,
2026_01_BAL_IND,2026,1,IND,00-0041486,Anderson Castle,,,,,,,,,,,,,,,,,,RB,5.0,[],BAL,,,,,,,,,,,,,,,,,,,,,,,,,,,,0.0,0.0,0.0,0.0,0.0,0.0,0.0,,,,,,,,,,,,,,,,,50.0,45.2,48.1,50.0,50.0,50.0,50.0,57.2,30.0,50.0,50.0,50.0,50.0,0.0,50.0,0.0,50.0,46.9,48.8,50.0,49.1,37.5,22.5,91.9,45.5,52.8,0.728,38.4,,,,,,,
2026_01_ATL_PIT,2026,1,PIT,00-0041489,Germie Bernard,,,,,,,,,,,,,,,,,,WR,4.0,[],ATL,outdoors,,,,,,,,,,,,,,,,,,,,,,,,,,,0.0,0.0,0.0,0.0,0.0,0.0,0.0,,,,,,,,,,,,,,,,,50.0,45.2,48.1,50.0,50.0,50.0,50.0,57.2,30.0,50.0,50.0,50.0,50.0,0.0,50.0,0.0,50.0,46.9,48.8,50.0,49.1,37.5,22.5,91.9,45.5,52.8,0.728,38.4,,,,,,,
2026_01_ATL_PIT,2026,1,PIT,00-0041490,Eli Heidenreich,,,,,,,,,,,,,,,,,,RB,6.0,[],ATL,outdoors,,,,,,,,,,,,,,,,,,,,,,,,,,,0.0,0.0,0.0,0.0,0.0,0.0,0.0,,,,,,,,,,,,,,,,,50.0,45.2,48.1,50.0,50.0,50.0,50.0,57.2,30.0,50.0,50.0,50.0,50.0,0.0,50.0,0.0,50.0,46.9,48.8,50.0,49.1,37.5,22.5,91.9,45.5,52.8,0.728,38.4,,,,,,,
2026_01_CLE_JAX,2026,1,CLE,00-0041491,Aaron Anderson,,,,,,,,,,,,,,,,,,WR,12.0,[],JAX,outdoors,,,,,,,,,,,,,,,,,,,,,,,,,,,0.0,0.0,0.0,0.0,0.0,0.0,0.0,,,,,,,,,,,,,,,,,50.0,45.2,48.1,50.0,50.0,50.0,50.0,57.2,30.0,50.0,50.0,50.0,50.0,0.0,50.0,0.0,50.0,46.9,48.8,50.0,49.1,37.5,22.5,91.9,45.5,52.8,0.728,38.4,,,,,,,
2026_01_DEN_KC,2026,1,DEN,00-0041496,Jonah Coleman,,,,,,,,,,,,,,,,,,RB,3.0,[],KC,outdoors,,,,,,,,,,,,,,,,,,,,,,,,,,,0.0,0.0,0.0,0.0,0.0,0.0,0.0,,,,,,,,,,,,,,,,,50.0,45.2,48.1,50.0,50.0,50.0,50.0,57.2,30.0,50.0,50.0,50.0,50.0,0.0,50.0,0.0,50.0,46.9,48.8,50.0,49.1,37.5,22.5,91.9,45.5,52.8,0.728,38.4,,,,,,,
2026_01_CLE_JAX,2026,1,JAX,00-0041503,Nate Boerkircher,,,,,,,,,,,,,,,,,,TE,2.0,[],CLE,outdoors,,,,,,,,,,,,,,,,,,,,,,,,,,,0.0,0.0,0.0,0.0,0.0,0.0,0.0,,,,,,,,,,,,,,,,,50.0,45.2,48.1,50.0,50.0,50.0,50.0,57.2,30.0,50.0,50.0,50.0,50.0,0.0,50.0,0.0,50.0,46.9,48.8,50.0,49.1,37.5,22.5,91.9,45.5,52.8,0.728,38.4,,,,,,,
2026_01_SF_LA,2026,1,LA,00-0041510,Max Klare,,,,,,,,,,,,,,,,,,TE,4.0,[],SF,dome,,,,,,,,,,,,,,,,,,,,,,,,,,,0.0,0.0,0.0,0.0,0.0,0.0,0.0,,,,,,,,,,,,,,,,,50.0,45.2,48.1,50.0,50.0,50.0,50.0,57.2,30.0,50.0,50.0,50.0,50.0,0.0,50.0,0.0,50.0,46.9,48.8,100.0,64.1,50.0,26.7,85.9,47.9,57.1,0.74,42.2,,,,,,,
2026_01_NYJ_TEN,2026,1,NYJ,00-0041511,Omar Cooper,,,,,,,,,,,,,,,,,,WR,3.0,[],TEN,outdoors,,,,,,,,,,,,,,,,,,,,,,,,,,,0.0,0.0,0.0,0.0,0.0,0.0,0.0,,,,,,,,,,,,,,,,,50.0,45.2,48.1,50.0,50.0,50.0,50.0,57.2,30.0,50.0,50.0,50.0,50.0,0.0,50.0,0.0,50.0,46.9,48.8,50.0,49.1,37.5,22.5,91.9,45.5,52.8,0.728,38.4,,,,,,,
2026_01_NE_SEA,2026,1,SEA,00-0041512,Jadarian Price,,,,,,,,,,,,,,,,,,RB,2.0,[],NE,outdoors,,,,,,,,,,,,,,,,,,,,,,,,,,,0.0,0.0,0.0,0.0,0.0,0.0,0.0,,,,,,,,,,,,,,,,,50.0,45.2,48.1,50.0,50.0,50.0,50.0,57.2,30.0,50.0,50.0,50.0,50.0,0.0,50.0,0.0,50.0,46.9,48.8,50.0,49.1,37.5,22.5,59.1,36.5,61.1,0.682,41.7,1.0,110.0,DraftKings,0.47619047619047616,110.0,90.0,100.0
2026_01_DAL_NYG,2026,1,DAL,00-0041516,Romello Brinson,,,,,,,,,,,,,,,,,,WR,12.0,[],NYG,outdoors,,,,,,,,,,,,,,,,,,,,,,,,,,,0.0,0.0,0.0,0.0,0.0,0.0,0.0,,,,,,,,,,,,,,,,,50.0,45.2,48.1,50.0,50.0,50.0,50.0,57.2,30.0,50.0,50.0,50.0,50.0,0.0,50.0,0.0,50.0,46.9,48.8,50.0,49.1,37.5,22.5,91.9,45.5,52.8,0.728,38.4,,,,,,,
2026_01_MIA_LV,2026,1,MIA,00-0041523,Caleb Douglas,,,,,,,,,,,,,,,,,,WR,3.0,[],LV,dome,,,,,,,,,,,,,,,,,,,,,,,,,,,0.0,0.0,0.0,0.0,0.0,0.0,0.0,,,,,,,,,,,,,,,,,50.0,45.2,48.1,50.0,50.0,50.0,50.0,57.2,30.0,50.0,50.0,50.0,50.0,0.0,50.0,0.0,50.0,46.9,48.8,100.0,64.1,50.0,26.7,85.9,47.9,57.1,0.74,42.2,,,,,,,
2026_01_MIA_LV,2026,1,MIA,00-0041524,Will Kacmarek,,,,,,,,,,,,,,,,,,TE,2.0,[],LV,dome,,,,,,,,,,,,,,,,,,,,,,,,,,,0.0,0.0,0.0,0.0,0.0,0.0,0.0,,,,,,,,,,,,,,,,,50.0,45.2,48.1,50.0,50.0,50.0,50.0,57.2,30.0,50.0,50.0,50.0,50.0,0.0,50.0,0.0,50.0,46.9,48.8,100.0,64.1,50.0,26.7,85.9,47.9,57.1,0.74,42.2,,,,,,,
2026_01_MIA_LV,2026,1,MIA,00-0041525,Chris Bell,,,,,,,,,,,,,,,,,,WR,5.0,[],LV,dome,,,,,,,,,,,,,,,,,,,,,,,,,,,0.0,0.0,0.0,0.0,0.0,0.0,0.0,,,,,,,,,,,,,,,,,50.0,45.2,48.1,50.0,50.0,50.0,50.0,57.2,30.0,50.0,50.0,50.0,50.0,0.0,50.0,0.0,50.0,46.9,48.8,100.0,64.1,50.0,26.7,85.9,47.9,57.1,0.74,42.2,,,,,,,
2026_01_MIA_LV,2026,1,MIA,00-0041529,Kevin Coleman,,,,,,,,,,,,,,,,,,WR,6.0,[],LV,dome,,,,,,,,,,,,,,,,,,,,,,,,,,,0.0,0.0,0.0,0.0,0.0,0.0,0.0,,,,,,,,,,,,,,,,,50.0,45.2,48.1,50.0,50.0,50.0,50.0,57.2,30.0,50.0,50.0,50.0,50.0,0.0,50.0,0.0,50.0,46.9,48.8,100.0,64.1,50.0,26.7,85.9,47.9,57.1,0.74,42.2,,,,,,,
2026_01_BUF_HOU,2026,1,HOU,00-0041535,Louis Hansen,,,,,,,,,,,,,,,,,,TE,7.0,[],BUF,,,,,,,,,,,,,,,,,,,,,,,,,,,,0.0,0.0,0.0,0.0,0.0,0.0,0.0,,,,,,,,,,,,,,,,,50.0,45.2,48.1,50.0,50.0,50.0,50.0,57.2,30.0,50.0,50.0,50.0,50.0,0.0,50.0,0.0,50.0,46.9,48.8,50.0,49.1,37.5,22.5,91.9,45.5,52.8,0.728,38.4,,,,,,,
2026_01_NO_DET,2026,1,DET,00-0041536,Kyre Duplessis,,,,,,,,,,,,,,,,,,WR,10.0,[],NO,dome,,,,,,,,,,,,,,,,,,,,,,,,,,,0.0,0.0,0.0,0.0,0.0,0.0,0.0,,,,,,,,,,,,,,,,,50.0,45.2,48.1,50.0,50.0,50.0,50.0,57.2,30.0,50.0,50.0,50.0,50.0,0.0,50.0,0.0,50.0,46.9,48.8,100.0,64.1,50.0,26.7,85.9,47.9,57.1,0.74,42.2,,,,,,,
2026_01_CHI_CAR,2026,1,CAR,00-0041542,Malick Meiga,,,,,,,,,,,,,,,,,,WR,14.0,[],CHI,outdoors,,,,,,,,,,,,,,,,,,,,,,,,,,,0.0,0.0,0.0,0.0,0.0,0.0,0.0,,,,,,,,,,,,,,,,,50.0,45.2,48.1,50.0,50.0,50.0,50.0,57.2,30.0,50.0,50.0,50.0,50.0,0.0,50.0,0.0,50.0,46.9,48.8,50.0,49.1,37.5,22.5,91.9,45.5,52.8,0.728,38.4,,,,,,,
2026_01_CLE_JAX,2026,1,CLE,00-0041547,K.C. Concepcion,,,,,,,,,,,,,,,,,,WR,2.0,[],JAX,outdoors,,,,,,,,,,,,,,,,,,,,,,,,,,,0.0,0.0,0.0,0.0,0.0,0.0,0.0,,,,,,,,,,,,,,,,,50.0,45.2,48.1,50.0,50.0,50.0,50.0,57.2,30.0,50.0,50.0,50.0,50.0,0.0,50.0,0.0,50.0,46.9,48.8,50.0,49.1,37.5,22.5,91.9,45.5,52.8,0.728,38.4,,,,,,,
2026_01_ARI_LAC,2026,1,LAC,00-0041550,Brenen Thompson,,,,,,,,,,,,,,,,,,WR,4.0,[],ARI,dome,,,,,,,,,,,,,,,,,,,,,,,,,,,0.0,0.0,0.0,0.0,0.0,0.0,0.0,,,,,,,,,,,,,,,,,50.0,45.2,48.1,50.0,50.0,50.0,50.0,57.2,30.0,50.0,50.0,50.0,50.0,0.0,50.0,0.0,50.0,46.9,48.8,100.0,64.1,50.0,26.7,85.9,47.9,57.1,0.74,42.2,,,,,,,
2026_01_CHI_CAR,2026,1,CHI,00-0041558,Sam Roush,,,,,,,,,,,,,,,,,,TE,3.0,[],CAR,outdoors,,,,,,,,,,,,,,,,,,,,,,,,,,,0.0,0.0,0.0,0.0,0.0,0.0,0.0,,,,,,,,,,,,,,,,,50.0,45.2,48.1,50.0,50.0,50.0,50.0,57.2,30.0,50.0,50.0,50.0,50.0,0.0,50.0,0.0,50.0,46.9,48.8,50.0,49.1,37.5,22.5,91.9,45.5,52.8,0.728,38.4,,,,,,,
2026_01_MIA_LV,2026,1,MIA,00-0041579,Seydou Traore,,,,,,,,,,,,,,,,,,TE,3.0,[],LV,dome,,,,,,,,,,,,,,,,,,,,,,,,,,,0.0,0.0,0.0,0.0,0.0,0.0,0.0,,,,,,,,,,,,,,,,,50.0,45.2,48.1,50.0,50.0,50.0,50.0,57.2,30.0,50.0,50.0,50.0,50.0,0.0,50.0,0.0,50.0,46.9,48.8,100.0,64.1,50.0,26.7,85.9,47.9,57.1,0.74,42.2,,,,,,,
